Step,Value
100352,-1.1938600574174654
200704,-2.9292171478271483
301056,-2.8089959406852723
401408,-2.629448984861374
501760,-2.5681014868617056
602112,-2.633220264017582
702464,-2.5890233063697816
802816,-2.6501641297340393
903168,-2.434324271976948
1003520,-2.5434106516838075
1103872,-2.6793983471393585
1204224,-2.6004185649752616
1304576,-2.4754212103039026
1404928,-2.9467218792438508
1505280,-2.5307784605026247
1605632,-2.393239203840494
1705984,-2.7274698823690415
1806336,-2.5923619866371155
1906688,-2.6152868118882178
2007040,-2.6014093470573427
2107392,-2.5841320514678956
2207744,-2.6095725905895235
2308096,-2.499948452115059
2408448,-2.5898160219192503
2508800,-2.5611542797088624
2609152,-2.7133683609962462
2709504,-2.2530181555449964
2809856,-2.628750429786742
2910208,-2.5268938249349593
3010560,-2.490311140716076
3110912,-2.592309314608574
3211264,-2.523821986913681
3311616,-2.3759781374037265
3411968,-2.484029352068901
3512320,-2.533870521783829
3612672,-2.47515271961689
3713024,-2.5391626179218294
3813376,-2.207901332974434
3913728,-2.8231986448168755
4014080,-2.5910143852233887
4114432,-2.3539080834388733
4214784,-2.500095135457814
4315136,-2.463275591135025
4415488,-2.365793145895004
4515840,-2.431540696620941
4616192,-2.446552944779396
4716544,-2.4307114425301553
4816896,-2.4548073866963387
4917248,-2.4118019208312034
5017600,-2.0199316861480474
5117952,-2.5902382522821426
5218304,-2.356731918156147
5318656,-2.301432930603623
5419008,-2.4645170301198958
5519360,-2.3676990258693693
5619712,-2.3342870757728815
5720064,-2.422253963947296
5820416,-2.4786957663297655
5920768,-2.4470099684596063
6021120,-2.4717921990901233
6121472,-2.8238424500077963
6221824,-2.6770923709869385
6322176,-2.188201655559242
6422528,-2.119709589853883
6522880,-2.813139783591032
6623232,-2.6483134906180203
6723584,-2.880803173929453
6823936,-2.598908291235566
6924288,-2.504070633780211
7024640,-2.702395436950028
7124992,-2.509919481277466
7225344,-2.3550179729796947
7325696,-2.417160658687353
7426048,-2.0168198129348456
7526400,-0.5602255706861615
7626752,-2.13091491419822
7727104,-1.6362200231105088
7827456,-2.4142406725883485
7927808,-2.6851199514698236
8028160,-2.0878488200716676
8128512,-2.0686602552235125
8228864,-1.523921880237758
8329216,-1.9297757407417522
8429568,-1.6576562683656813
8529920,-1.3226545432396233
8630272,-1.371164489649236
8730624,-0.67460892399773
8830976,-0.5496223531104625
8931328,-0.8654158627800643
9031680,-0.922872826308012
9132032,-1.2308283994998783
9232384,-1.1513503702543675
9332736,-1.0439453074987979
9433088,-0.7025847586477175
9533440,-0.800101522412151
9633792,-0.602846578285098
9734144,-0.6399461085535586
9834496,-0.6972941103391349
9934848,-0.5249645088426769
10035200,-0.3936183211766183
10135552,-0.403011093493551
10235904,-0.3816099176090211
10336256,-0.7635984601266682
10436608,-0.7244961442798377
10536960,-0.3978653181903064
10637312,-0.8474230385990813
10737664,-0.5851746545359492
10838016,-0.3721297067962587
10938368,-0.7116619646921754
11038720,-0.5778783486736938
11139072,-0.3841609439346939
11239424,-0.13065784654580057
11339776,-0.3549865502677858
11440128,-0.45220373531803487
11540480,-0.5340018305368721
11640832,-0.3373490904457867
11741184,-0.37470860456116495
11841536,-0.4896112616173923
11941888,-0.22571213029325007
12042240,-0.295461865644902
12142592,-0.4779559340700507
12242944,-0.2279318188689649
12343296,-0.27337177077308294
12443648,-0.04273543506860733
12544000,-0.14642029453534633
12644352,-0.08094364043325186
12744704,-0.39367279252037407
12845056,-0.30818493401573505
12945408,-0.1733681967901066
13045760,-0.40518666841089723
13146112,-0.11066393330693244
13246464,-0.21117958169430495
13346816,-0.3260962756723165
13447168,-0.3938117853179574
13547520,-0.3672873670421541
13647872,-0.21621162420138718
13748224,0.06407043150858954
13848576,0.022164546102285385
13948928,-0.6462932177213951
14049280,-0.11179108694195747
14149632,-0.06343323573470115
14249984,-0.18575021236203612
14350336,-0.040646258406341076
14450688,-0.23053919563069938
14551040,-0.10383135545998812
14651392,0.0017237449623644352
14751744,-0.265097163580358
14852096,-0.26984627402154726
14952448,0.2484518455248326
15052800,0.29097140902653335
15153152,-0.4000845507532358
15253504,-0.25596320202574135
15353856,-0.008497111331671477
15454208,0.09780245248228311
15554560,0.2502250427752733
15654912,-0.06710368805332109
15755264,0.0014998029172420503
15855616,0.2386952617391944
15955968,0.020112737491726877
16056320,-0.07560952005907894
16156672,0.3618261547759175
16257024,0.6683128203824162
16357376,-0.08560973018407822
16457728,0.1836953904107213
16558080,0.11305703081190586
16658432,0.06043576966971159
16758784,0.14667014522012323
16859136,0.22050437710247933
16959488,0.204826542660594
17059840,0.2242457540333271
17160192,0.33414496649056674
17260544,0.1596150106191635
17360896,0.26705082373693584
17461248,0.7136893383786083
17561600,0.1812376755103469
17661952,0.39543852567672727
17762304,0.32662431918550283
17862656,0.15339995658025146
17963008,0.2900715829990804
18063360,0.4631716100964695
18163712,0.3694682834856212
18264064,0.3319181621540338
18364416,0.4229929998330772
18464768,0.39517171420156955
18565120,0.08647626063786447
18665472,0.7866733746882528
18765824,0.25569770580157636
18866176,0.6144513651542366
18966528,0.41180413265246896
19066880,0.49046893532387914
19167232,0.42670745933428406
19267584,0.5207034470140934
19367936,0.4409599167667329
19468288,0.5367025550082326
19568640,0.44725649688392877
19668992,0.36130845999345185
19769344,0.17930223746225238
19869696,0.752339000981301
19970048,0.3852105975616723
20070400,0.4905705256620422
20170752,0.6313085169345141
20271104,0.6492844956275076
20371456,0.5488491442799568
20471808,0.5657290209084749
20572160,0.5709291262412444
20672512,0.6611733384151012
20772864,0.5202412978000939
20873216,0.6040704665333032
20973568,0.5703468042053282
21073920,0.4762856689095497
21174272,0.45111652065068486
21274624,0.668914175145328
21374976,0.741035352833569
21475328,0.6146722519490868
21575680,0.780871569532901
21676032,0.759203230952844
21776384,0.6897780857980251
21876736,0.6853587810881436
21977088,0.7607834970019758
22077440,0.7652345538511872
22177792,0.666754596196115
22278144,0.4984416685625911
22378496,0.5659427692554891
22478848,0.6813547580316662
22579200,0.8532256209477782
22679552,0.7396658300794661
22779904,0.813375546252355
22880256,0.5573654404096305
22980608,0.8664096889272332
23080960,0.710860937833786
23181312,0.8073728661052882
23281664,0.8640937975049019
23382016,0.6839848212152719
23482368,0.3801105591841042
23582720,0.8156134906411171
23683072,0.7910880455188454
23783424,0.8179029525443912
23883776,0.8349414495378733
23984128,0.992807385744527
24084480,0.7895686182007193
24184832,0.8368605505675077
24285184,0.7837783136591315
24385536,0.941140876095742
24485888,1.0171677088923752
24586240,0.8499200874427334
24686592,0.10557372126728297
24786944,1.097944007627666
24887296,0.8307843065727503
24987648,0.9742322153411805
25088000,0.7526796260476112
25188352,0.9609827279299498
25288704,0.9205727566406131
25389056,1.0595094811171293
25489408,1.035073805116117
25589760,1.03747663307935
25690112,1.0771375308930873
25790464,0.979087868630886
25890816,1.0533055233396589
25991168,1.176945857349783
26091520,0.9493689327873289
26191872,0.916185409873724
26292224,1.0260134580731393
26392576,1.047040397375822
26492928,1.1834941207896919
26593280,1.0515829289425165
26693632,1.167070658877492
26793984,0.9847904462553561
26894336,1.1064509940706193
26994688,0.9447903290577233
27095040,0.8705030336976052
27195392,0.8560416142642499
27295744,0.9627326887240634
27396096,1.0870909177511932
27496448,1.3199987157806754
27596800,1.3852861908450722
27697152,1.063691930938512
27797504,1.130792783498764
27897856,1.1700532507523895
27998208,1.1594667517393829
28098560,1.1884100770950317
28198912,1.2417670642212033
28299264,1.2263186391443015
28399616,0.6631559177115559
28499968,1.3296034743450582
28600320,1.261201689466834
28700672,1.2728334722109138
28801024,1.4588592190481722
28901376,1.414203049018979
29001728,1.2618203248549253
29102080,1.293422135328874
29202432,1.392278069872409
29302784,1.3783380667120217
29403136,1.4233990029245616
29503488,1.2659791522473096
29603840,0.37462680258788167
29704192,1.2847465356066823
29804544,1.4551828886568545
29904896,1.5574645651876926
30005248,1.4335546875
30105600,1.4380521000549198
30205952,1.344930873727426
30306304,1.3090930294245482
30406656,1.5695501757785677
30507008,1.3360835547931493
30607360,1.4723873533681036
30707712,1.4281333175301552
30808064,1.0367551348498092
30908416,1.4644614317268134
31008768,1.7037035635858775
31109120,1.377157225292176
31209472,1.6553492961358278
31309824,1.5928473323956132
31410176,1.7707380928844214
31510528,1.6082124707847834
31610880,1.7042742395028472
31711232,1.7008457622677087
31811584,1.8282166646234692
31911936,1.6827321523055434
32012288,1.7202356924675406
32112640,1.3715996403247117
32212992,2.2123344818502666
32313344,1.7309322968125342
32413696,1.8096399572864175
32514048,1.6952397211268544
32614400,1.7661858724802733
32714752,1.6722034409828483
32815104,1.8793388307467103
32915456,2.062043003439903
33015808,1.6885049230977893
33116160,1.6658982531167568
33216512,1.890899268835783
33316864,0.7707723689824343
33417216,2.0397357266023755
33517568,2.1848803911171855
33617920,1.9322466836869716
33718272,2.2370781356841327
33818624,1.8085112251341342
33918976,2.03878533821553
34019328,1.8616593054682016
34119680,1.896214134991169
34220032,2.0677188638038935
34320384,1.9246446771547199
34420736,1.8334648288227617
34521088,0.49786486867815255
34621440,1.7294657930731774
34721792,1.8749807576090098
34822144,2.0750498269498348
34922496,2.369305942580104
35022848,2.387992126047611
35123200,2.322972208894789
35223552,2.346062147170305
35323904,2.16342870824039
35424256,2.2743162691686303
35524608,2.447399431094527
35624960,2.6396116945147514
35725312,1.3312960309581832
35825664,1.763626101464033
35926016,2.346525018028915
36026368,2.2634835132211446
36126720,2.301956136683002
36227072,2.3116878538578747
36327424,2.3472198798693715
36427776,2.59339752137661
36528128,2.4625946097262204
36628480,2.4543057400360704
36728832,2.468366474248469
36829184,2.5611648266017437
36929536,2.500056878365576
37029888,1.5414058770798147
37130240,2.63254484411329
37230592,2.316218714118004
37330944,2.306561968177557
37431296,2.344173907339573
37531648,2.631828673221171
37632000,2.637426984459162
37732352,2.7808712183684112
37832704,2.4663299179077147
37933056,2.5012708789110185
38033408,2.51152669519186
38133760,2.4424789648526346
38234112,0.8469064819067716
38334464,2.492412095218897
38434816,2.903169812448323
38535168,2.8001051110029223
38635520,2.6685648406669498
38735872,2.9861075816303493
38836224,2.9537323420494794
38936576,3.0911890475824477
39036928,2.8458892036229373
39137280,2.7983776741474866
39237632,2.555879940446466
39337984,2.844922751635313
39438336,0.5380930518358946
39538688,2.159029915034771
39639040,2.916141224205494
39739392,3.2967164966464044
39839744,2.955038576386869
39940096,2.8269258158653976
40040448,2.9330694395303727
40140800,2.646589017100632
40241152,2.721477938629687
40341504,2.69578312382102
40441856,2.741327355094254
40542208,3.0027325125038624
40642560,1.5106795192649587
40742912,1.7895623439550399
40843264,3.215556470416486
40943616,2.956849759556353
41043968,2.7754543271660803
41144320,3.2221909690834583
41244672,2.893570712208748
41345024,3.1726476534456016
41445376,2.9080813961476086
41545728,2.8994797173514963
41646080,3.077867428511381
41746432,2.8580115158855914
41846784,2.9343068458512427
41947136,1.466327148079872
42047488,3.196795769035816
42147840,3.192422038167715
42248192,2.787253915481269
42348544,3.0559936003386974
42448896,3.3128549054265024
42549248,2.9652177023980766
42649600,2.9941655143722894
42749952,3.002592497766018
42850304,3.066686560213566
42950656,3.287358156442642
43051008,3.3390867714956403
43151360,0.7790068482980133
43251712,2.779319477081299
43352064,3.6348478991165756
43452416,3.1187251188699157
43552768,2.886473821699619
43653120,2.914294199422002
43753472,2.5782225615531207
43853824,2.8984940263442693
43954176,3.3301322196796534
44054528,3.0506696559861304
44154880,3.2033033720962703
44255232,2.8842784609273076
44355584,0.5001260258629918
44455936,2.351201955731958
44556288,3.693598840050399
44656640,2.917035350650549
44756992,2.762751393467188
44857344,3.042801153063774
44957696,2.69938450217247
45058048,3.104629769399762
45158400,2.9582698065787554
45258752,3.4096008906699717
45359104,3.2577785670757295
45459456,3.2548606382496654
45559808,1.2010527236387134
45660160,1.8396033926308155
45760512,3.214831431508064
45860864,2.509459811747074
45961216,2.9147591088712215
46061568,3.135993154942989
46161920,2.8702644535899164
46262272,2.742075865548104
46362624,3.0592889767885207
46462976,3.232307472154498
46563328,3.564676922634244
46663680,3.220932686245069
46764032,3.3100489766336976
46864384,1.5999259120225906
46964736,2.9962942875921725
47065088,3.4393947973288594
47165440,2.513022985197604
47265792,3.0857454117760064
47366144,3.313835389316082
47466496,2.937467771433294
47566848,3.2137266972288487
47667200,3.4465589846670626
47767552,3.3075295528024435
47867904,2.8556282619107516
47968256,3.431883743517101
48068608,0.8676241652667522
48168960,2.9207565603405237
48269312,4.003115844884888
48369664,2.875078210607171
48470016,3.58721186183393
48570368,3.5351805391535165
48670720,3.1797915184497834
48771072,3.3013008844107388
48871424,3.5192132512666285
48971776,3.5170345225930215
49072128,3.274594138264656
49172480,3.457439233586192
49272832,0.5043561780080199
49373184,2.4467051739990713
49473536,4.153878209218383
49573888,2.9746625456772744
49674240,2.925570959597826
49774592,3.4955746242031456
49874944,3.219141580928117
49975296,3.385933612138033
50075648,3.0970368525385856
50176000,3.730239308029413
50276352,3.505976211614907
50376704,3.452347384765744
50477056,1.2641731609171256
50577408,1.9532035131007432
50677760,3.0870241345465184
50778112,3.3519044998660683
50878464,3.258275654911995
50978816,3.3708426624536516
51079168,2.996195716522634
51179520,3.4482591814547776
51279872,3.6694140668958424
51380224,3.449378272369504
51480576,3.4398106941580773
51580928,3.566528718098998
51681280,3.1195651795342565
51781632,1.7567161300778389
51881984,3.0712748896330595
51982336,3.917695946097374
52082688,3.1313294566422702
52183040,3.647872579358518
52283392,3.227309181317687
52383744,3.3348342499136923
52484096,3.582924070209265
52584448,3.5092732214927675
52684800,3.571778368651867
52785152,3.7424242156744003
52885504,4.077496988624334
52985856,0.8194641716033221
53086208,2.990455992221832
53186560,4.239953405484557
53286912,3.27393083691597
53387264,3.410616922043264
53487616,3.804270055945963
53587968,3.3650530885905026
53688320,3.2196106314938517
53788672,3.5646182886511086
53889024,3.9145387981086968
53989376,4.0081357768923045
54089728,3.471833055652678
54190080,0.5689027290046215
54290432,2.471973252594471
54390784,3.7472259662114085
54491136,3.4447583571774887
54591488,3.7999839915335176
54691840,3.8401488335058094
54792192,3.4777789601683615
54892544,3.4756905839219687
54992896,3.112201040387154
55093248,3.8194671850651503
55193600,3.374481794834137
55293952,3.8118000826239586
55394304,1.4893432348687201
55494656,1.8736220061779023
55595008,3.258954751119018
55695360,4.165917202392593
55795712,3.743268054500222
55896064,3.9255940809845926
55996416,3.894878191240132
56096768,3.950587566643953
56197120,3.1539519327506422
56297472,3.676932498225942
56397824,3.4410555474227293
56498176,3.870448667407036
56598528,3.696442809011787
56698880,1.6726639074087144
56799232,3.006298464983702
56899584,4.097699155574665
56999936,4.505038847923279
57100288,3.6957222056388854
57200640,4.058038924969733
57300992,4.094046354927123
57401344,3.555752407759428
57501696,3.8437811216711997
57602048,3.560957599580288
57702400,2.931903665382415
57802752,3.397083680257201
57903104,1.0803349907696247
58003456,2.9130921669304373
58103808,4.020551258446648
58204160,3.7897422236949208
58304512,3.9773431392014027
58404864,4.084141145944596
58505216,4.002028085589409
58605568,4.249245987823233
58705920,3.9306335996091364
58806272,3.849203292988241
58906624,4.120778805911541
59006976,3.9292628435790538
59107328,0.5452943277731538
59207680,2.422955039422959
59308032,4.600597674883902
59408384,4.006566180959344
59508736,4.037855385541916
59609088,4.0368972518295045
59709440,4.221877512559295
59809792,3.950672403275967
59910144,4.514365145415067
60010496,3.985310028642416
60110848,3.7779753410816195
60211200,4.298957976698875
60311552,1.9644768405985087
60411904,1.9835647988482379
60512256,3.957642062306404
60612608,3.9124739721417425
60712960,4.333928182423115
60813312,4.379360548183322
60913664,4.146314652971923
61014016,4.420588230490685
61114368,4.455161895528436
61214720,4.661690189391375
61315072,4.342389361821115
61415424,3.960445767827332
61515776,4.09108251253143
61616128,1.7479832200706005
61716480,3.228360664322972
61816832,4.00309219032526
61917184,4.014718993972056
62017536,4.18867988049984
62117888,5.082270550504327
62218240,4.668213509619236
62318592,4.624401696696878
62418944,4.0984362436831
62519296,3.4725876219198106
62619648,4.085097948685289
62720000,3.7341127452254295
62820352,1.036482678949833
62920704,3.0974723541736604
63021056,4.30833572037518
63121408,4.1622372494637965
63221760,4.204621349126101
63322112,3.960045707989484
63422464,4.133794023916125
63522816,4.496670624911785
63623168,4.1062462040781975
63723520,4.276552046015858
63823872,3.9296257144957782
63924224,3.800902253948152
64024576,0.5540831672027707
64124928,2.5383705961704255
64225280,4.1101013961434365
64325632,3.8701584553718567
64425984,4.228890483006835
64526336,4.9176257443428035
64626688,4.949602310732007
64727040,4.550359927490353
64827392,5.062884613499046
64927744,4.614429375045002
65028096,4.341964534297586
65128448,4.24921937033534
65228800,1.0392753159441055
65329152,2.1153043234348297
65429504,3.2498075675964357
65529856,3.723613320235163
65630208,3.7228573453240097
65730560,4.0296106186509135
65830912,3.711527329883538
65931264,5.4509629978984595
66031616,4.993621070981026
66131968,5.1826086989790205
66232320,5.048116618394852
66332672,4.3933264899998905
66433024,4.0681110776029525
66533376,1.834821690917015
66633728,3.4380930924415587
66734080,3.922372478544712
66834432,4.460836484134197
66934784,3.2852635268867014
67035136,3.8503644029796122
67135488,4.333226248472929
67235840,4.167147455587983
67336192,4.861537954211235
67436544,5.068535841107368
67536896,4.889886048519984
67637248,4.985518409013748
67737600,1.1720652715861797
67837952,3.03227199152112
67938304,4.6623997563170265
68038656,4.669750021845102
68139008,3.8261620482243597
68239360,4.0805215532332655
68339712,3.6697904504835606
68440064,4.421476868838072
68540416,3.519424721226096
68640768,4.080001824051141
68741120,4.104050998808816
68841472,4.510894442424178
68941824,0.6360995028913021
69042176,2.469952320307493
69142528,4.2174517098069195
69242880,3.680379175171256
69343232,4.410709754377604
69443584,4.273667590878904
69543936,4.0295982890576125
69644288,4.088693399205804
69744640,3.5261245477199554
69844992,3.291904256865382
69945344,3.4277563740313055
70045696,3.3665886844694612
70146048,1.0505183630809187
70246400,2.028734436482191
70346752,3.5238107880577445
70447104,3.6922140230238436
70547456,4.235566535294056
70647808,5.132934986352921
70748160,4.72397623989731
70848512,4.367850083969533
70948864,4.265326335504651
71049216,4.5380047637224195
71149568,4.430059237182141
71249920,4.43624067902565
71350272,4.464018979258835
71450624,1.912146364748478
71550976,3.4028222514502704
71651328,3.628610062748194
71751680,3.127383193671703
71852032,3.5258828786015513
71952384,3.8873054948449135
72052736,4.8595105683803554
72153088,4.9498616088088605
72253440,5.150131562128663
72353792,4.614263811931014
72454144,4.538635838925838
72554496,4.386492029353977
72654848,1.3728359952569007
72755200,3.0101683312654495
72855552,4.6380507108569144
72955904,4.2363609012961385
73056256,4.117187438458204
73156608,3.885883856192231
73256960,4.189777438342571
73357312,4.165291068628431
73457664,4.3858794888854025
73558016,4.8117618128657345
73658368,4.781594084650278
73758720,4.851320073157549
73859072,0.7755622963793576
73959424,2.8286655282601716
74059776,4.262517099231482
74160128,3.77761578258127
74260480,4.791395451724529
74360832,4.287916972860694
74461184,4.215378575623036
74561536,4.401791403107345
74661888,4.1730887313652785
74762240,3.5569668134488164
74862592,3.61076341368258
74962944,3.303688857480884
75063296,0.6962312692066189
75163648,2.0363089767843485
75264000,3.2948316042125225
75364352,4.379449913064018
75464704,4.489747782349586
75565056,5.467512791454792
75665408,5.413002999406308
75765760,5.2250776666030285
75866112,4.517900052815675
75966464,4.536186098083854
76066816,4.603516181111336
76167168,4.821683920770884
76267520,3.411490203179419
76367872,1.8390602482482792
76468224,3.268177913874388
76568576,4.5929740875214335
76668928,4.388168324381113
76769280,4.64474582284689
76869632,4.464756026417017
76969984,4.88490768969059
77070336,5.021334112361074
77170688,4.808737511821091
77271040,4.837747808843851
77371392,4.725621721297503
77471744,4.211946414988488
77572096,1.4512587885558605
77672448,3.249894561767578
77772800,4.6280956924147905
77873152,4.778876630291343
77973504,4.522544684037566
78073856,3.9320785340666773
78174208,4.0673014301806685
78274560,4.852685060352087
78374912,5.1929381223022935
78475264,4.244816151373088
78575616,5.543413864076138
78675968,5.333416635543108
78776320,0.7834060591831803
78876672,2.9445857314020394
78977024,4.3766836934350435
79077376,4.623623960027471
79177728,4.303503113240003
79278080,4.253014768213034
79378432,4.054485813602805
79478784,4.435872991923243
79579136,3.4128450479730965
79679488,3.9631763388216497
79779840,4.299559718742967
79880192,4.248995273150504
79980544,1.039725293519441
80080896,2.363971123099327
80181248,3.8556569528579714
80281600,4.440243926588446
80381952,4.4121240802109245
80482304,3.9688713793829082
80582656,4.22420981220901
80683008,4.201263567209244
80783360,4.002425913717598
80883712,4.03154776468873
80984064,4.026208625435829
81084416,3.6812223594449462
81184768,2.9360522950906307
81285120,1.9896613514423371
81385472,3.117301716133952
81485824,3.161064910367131
81586176,3.2681554126366974
81686528,3.5806853637471794
81786880,4.353008236140012
81887232,4.4498379704356195
81987584,4.539822611510754
82087936,4.777448285669088
82188288,4.8593009741604325
82288640,4.765632161423564
82388992,4.714266540557146
82489344,1.5103500997647643
82589696,2.5755932918190956
82690048,3.8588929403200747
82790400,4.604235383868217
82890752,3.639836634248495
82991104,3.6985399456322194
83091456,3.7405732111819088
83191808,3.6395978298783302
83292160,3.444671867787838
83392512,3.4878673096280544
83492864,4.314409746602178
83593216,4.486911992430687
83693568,0.7079394317045807
83793920,2.947520101070404
83894272,3.9297532663866876
83994624,4.320637156739831
84094976,4.900753825306892
84195328,5.153054764866829
84295680,4.789927809536457
84396032,4.365639600702561
84496384,4.217757981717586
84596736,4.01507083311677
84697088,3.7403884141147135
84797440,4.119061592351645
84897792,0.3172000432293862
84998144,2.0901837749034167
85098496,3.851244695931673
85198848,3.43035989661701
85299200,3.323487042188644
85399552,4.515630173124373
85499904,4.15846407815814
85600256,4.138356565907597
85700608,4.846204825043678
85800960,5.315983017720282
85901312,4.826410652548074
86001664,4.733382803052664
86102016,3.0650377686182035
86202368,1.902222604304552
86302720,3.0938137097842993
86403072,3.591283123008907
86503424,4.582746140062809
86603776,4.1892170391976835
86704128,3.6587056391499937
86804480,3.9546729796007276
86904832,3.502561734840274
87005184,3.632349503003061
87105536,3.469763119593263
87205888,3.9554713013768197
87306240,3.827554239630699
87406592,1.5561450852453709
87506944,3.132847258746624
87607296,4.167135649472475
87707648,4.519974434673786
87808000,5.129624821692705
87908352,5.435280687808991
88008704,4.713692716360092
88109056,5.145843006670475
88209408,4.687341007590294
88309760,3.9808089811354876
88410112,4.71478046759963
88510464,3.8461208610236644
88610816,0.7023821114376188
88711168,2.7500682863220574
88811520,3.854434240460396
88911872,4.000071759447455
89012224,4.162078545764088
89112576,5.115154419597238
89212928,4.470195290222764
89313280,4.598441817723215
89413632,5.219574021846056
89513984,4.801368417292833
89614336,5.1392006509006025
89714688,4.762594109661877
89815040,0.4284363882243633
89915392,1.963896396998316
90015744,3.419756323993206
90116096,4.416213987469673
90216448,4.649537370800972
90316800,3.838123310059309
90417152,3.5334156577289106
90517504,3.9051140071451664
90617856,3.8722944472543896
90718208,3.4445517582073806
90818560,3.3035116152465345
90918912,3.311749901846051
91019264,3.118938794378191
91119616,1.7855604463256896
91219968,3.2224200416356323
91320320,3.994153628051281
91420672,4.687077790349722
91521024,4.944525137990713
91621376,4.930321961864829
91721728,5.322917902469635
91822080,5.181549502313137
91922432,4.81183538377285
92022784,4.143606503456831
92123136,3.6781073133833706
92223488,4.354068189710379
92323840,1.6454561437666415
92424192,3.00890568446368
92524544,4.392585906088352
92624896,3.652581351697445
92725248,4.0508410772867505
92825600,3.9485354685038327
92925952,3.8590732215344907
93026304,4.501201920360327
93126656,4.5533285330049695
93227008,4.657152531445027
93327360,4.496311395615339
93427712,5.167673179367557
93528064,0.9368825794011354
93628416,2.737102153301239
93728768,4.466825785189867
93829120,4.682955539822578
93929472,6.147212821245193
94029824,4.685444260835648
94130176,3.9784040650725365
94230528,3.874447913169861
94330880,4.038161205202341
94431232,3.690863029286265
94531584,3.6815722204744814
94631936,3.620321294814348
94732288,0.45722290517762304
94832640,2.332537852227688
94932992,3.3256660982221367
95033344,3.524950219411403
95133696,4.3657843688130376
95234048,5.062543354779482
95334400,4.762617190927267
95434752,4.609533220380545
95535104,4.831606108509004
95635456,5.179817493334412
95735808,4.758978787660599
95836160,4.683997119665146
95936512,2.364312443304807
96036864,2.066567462682724
96137216,3.7909777144528927
96237568,4.3086619424819945
96337920,4.994284053146839
96438272,3.613492080699652
96538624,4.267345868200064
96638976,4.096791833238676
96739328,3.700553008168936
96839680,4.103770558014512
96940032,4.48270900953561
97040384,4.345850658286363
97140736,4.9488092121481895
97241088,1.3899238592758776
97341440,2.7318887706846
97441792,4.743586622923613
97542144,4.796126447627321
97642496,5.8433069758117195
97742848,5.247805725187063
97843200,4.633391040563583
97943552,4.238418042100966
98043904,4.12195315182209
98144256,4.125948560610413
98244608,3.8880663293600084
98344960,3.8360804079473017
98445312,0.7794719290174544
98545664,2.8575385722517965
98646016,3.4970335369743406
98746368,3.692697393298149
98846720,4.365395043045282
98947072,4.703677761256695
99047424,4.173041885793209
99147776,5.170734560191631
99248128,4.787803669497371
99348480,4.999411168172956
99448832,4.772967406995594
99549184,4.848985093776137
99649536,0.5915759100578726
99749888,2.2660464119911192
99850240,3.6951890951395034
99950592,4.337070113122463
100050944,4.208595606312156
100151296,3.5880732476711272
100251648,3.869784402353689
100352000,3.564995903633535
100452352,3.3274958714656533
100552704,3.4400540329515934
100653056,3.109654730632901
100753408,3.203177583962679
100853760,2.626301229875535
100954112,1.9020449269935489
101054464,3.052941549271345
101154816,4.156236438155174
101255168,4.958366359658539
101355520,5.069405123889446
101455872,5.714098909273743
101556224,5.514197708070278
101656576,5.72807539191097
101756928,5.400874085146934
101857280,5.140144033432007
101957632,4.325820699483156
102057984,4.391822637990117
102158336,1.688697561621666
102258688,2.747545069232583
102359040,4.381684972420334
102459392,3.9808755049295725
102559744,3.852583071440458
102660096,3.682639445196837
102760448,3.663500716537237
102860800,4.299035223387182
102961152,4.41735274285078
103061504,4.111660534590483
103161856,3.9883158319815992
103262208,4.854477431774139
103362560,0.9300253157690167
103462912,2.8359244585037233
103563264,3.943104807808995
103663616,4.490201793909073
103763968,5.142911085858941
103864320,5.202925513982773
103964672,5.24106642767787
104065024,4.731991719901561
104165376,4.236581201031804
104265728,4.274363437965512
104366080,3.51696217677556
104466432,3.5322375626116993
104566784,0.45560917994007466
104667136,2.290810184292495
104767488,3.9303014829754828
104867840,3.5843966358900072
104968192,3.5878447959385813
105068544,4.37468247205019
105168896,4.498930354453623
105269248,4.838473487049341
105369600,4.335528758019209
105469952,4.860548626333475
105570304,4.897216774821281
105670656,5.129567899629474
105771008,1.846285470528528
105871360,1.801236289702356
105971712,3.1952018505334854
106072064,4.633660959489643
106172416,4.712033075131476
106272768,4.0937988204136495
106373120,3.8348118449002504
106473472,3.693609125614166
106573824,3.85255655258894
106674176,3.393407253921032
106774528,3.2425072520971296
106874880,3.573597932085395
106975232,3.1901096095889807
107075584,1.85053631067276
107175936,2.963090368397534
107276288,3.7005649986863136
107376640,4.449370304048061
107476992,4.593478291332722
107577344,5.265455578640103
107677696,5.342038008347154
107778048,5.151238483190537
107878400,5.341483832746744
107978752,5.066937063932419
108079104,5.373886373192072
108179456,5.166243536248803
108279808,1.3003869912028312
108380160,2.5687361328303813
108480512,4.284174269326031
108580864,4.379337018951774
108681216,3.8021869480609896
108781568,3.5461859579011796
108881920,3.321447803750634
108982272,2.9462666890397666
109082624,3.2602671471610667
109182976,3.5390410078689456
109283328,3.9442946285009386
109383680,3.9483255441114307
109484032,0.490880756508559
109584384,2.470574309527874
109684736,3.684312653839588
109785088,3.8125785245001316
109885440,4.586207419857383
109985792,5.050455626249313
110086144,4.8637733881175516
110186496,5.547838976532221
110286848,5.303797916769981
110387200,4.926143928170204
110487552,4.238993069976568
110587904,3.535687404498458
110688256,1.2036347600631416
110788608,2.006350380666554
110888960,3.302355647906661
110989312,3.491916025876999
111089664,3.258023974969983
111190016,3.208614186272025
111290368,3.5102849005162717
111390720,3.4171746025979517
111491072,3.659167530238628
111591424,3.9503149347752333
111691776,4.470736928991974
111792128,4.65285325050354
111892480,4.868331169039011
111992832,1.476375408396125
112093184,3.065973599180579
112193536,3.3169159817881884
112293888,4.025647724345326
112394240,5.353929392695427
112494592,4.779002021849156
112594944,4.900559351500124
112695296,5.468246002942323
112795648,4.808163178861141
112896000,3.4947618756443264
112996352,3.852331028077751
113096704,3.6120133693516254
113197056,1.2603403654322027
113297408,2.938515814393759
113397760,3.593046176210046
113498112,2.9910894452407955
113598464,3.23755716830492
113698816,3.2703843219205737
113799168,3.4964257569611075
113899520,4.173939120173454
113999872,4.4406239174306394
114100224,4.629948033094406
114200576,4.377381496354937
114300928,4.897277607470751
114401280,0.6807357289642095
114501632,2.494765449166298
114601984,4.1498142077028755
114702336,4.137135338289664
114802688,4.616578487455845
114903040,5.179297078996897
115003392,5.273317004740238
115103744,4.724606971591711
115204096,4.01546445755288
115304448,3.680331345535815
115404800,3.728660955131054
115505152,3.29988510414958
115605504,1.6921854994818568
115705856,2.0561987872421743
115806208,3.737489401102066
115906560,3.1924045899510385
116006912,3.471166174206883
116107264,3.714494374319911
116207616,3.5271763560175895
116307968,4.610121321976185
116408320,4.256682949587702
116508672,4.860615492165088
116609024,4.066877651512623
116709376,4.7711964330077175
116809728,4.177926263129339
116910080,1.483410163000226
117010432,2.553984795510769
117110784,4.22313936945051
117211136,5.1581846451759334
117311488,4.8522371345758435
117411840,4.578186569809914
117512192,4.210686675086618
117612544,4.276813420951367
117712896,3.793941173814237
117813248,3.677990145906806
117913600,3.517522450014949
118013952,3.279022649228573
118114304,1.391404729783535
118214656,2.846680982876569
118315008,3.075766745507717
118415360,3.4949552005901934
118515712,3.401275459229946
118616064,4.30859389051795
118716416,4.355030211247504
118816768,4.65606303229928
118917120,4.048920641317964
119017472,4.74552381105721
119117824,4.981794124543667
119218176,5.026714747920632
119318528,0.6953304353170097
119418880,2.367903773188591
119519232,4.3331504338979725
119619584,4.889246544241905
119719936,4.8768132874369625
119820288,3.9712322400696576
119920640,4.067600757516921
120020992,3.8409996482729913
120121344,4.340423610173166
120221696,3.7181832906603813
120322048,3.7808069117367267
120422400,3.1853670229204
120522752,1.6771753617376088
120623104,2.013524455726147
120723456,3.394456582330167
120823808,3.4718683171272278
120924160,3.5766133242100477
121024512,3.5681881726160647
121124864,4.725918110907077
121225216,4.41625114440918
121325568,4.845619376786053
121425920,5.130243923962116
121526272,4.940460004657507
121626624,5.072553328685462
121726976,5.098887337073684
121827328,1.7251634798943996
121927680,2.602072828412056
122028032,4.250872984044253
122128384,4.342438035979867
122228736,4.122578459829092
122329088,3.7762158927321434
122429440,4.050533147901296
122529792,4.141803257465362
122630144,4.040975060691125
122730496,3.6091533398628233
122830848,3.5766497508157045
100352,-2.5939445197582245
200704,-2.4628740203380586
301056,-2.4461642467975615
401408,-2.534195078611374
501760,-2.5545623540878295
602112,-2.5359297335147857
702464,-2.4732938730716705
802816,-2.6079045164585115
903168,-2.5026610428094864
1003520,-2.5172096359729768
1103872,-2.530061005949974
1204224,-2.529520741701126
1304576,-2.54853915810585
1404928,-2.5263115184009077
1505280,-2.3744372868537904
1605632,-2.5152310794591903
1705984,-2.434786411523819
1806336,-2.4907732892036436
1906688,-2.468345831036568
2007040,-2.437158139646053
2107392,-2.38275048494339
2207744,-2.5631625336408614
2308096,-2.706545093655586
2408448,-2.4999930769205094
2508800,-2.190017088539898
2609152,-2.6113715443387626
2709504,-2.458145921677351
2809856,-2.708950396645814
2910208,-2.839400095529854
3010560,-3.792395935356617
3110912,-3.5208662271499636
3211264,-3.2703650786727665
3311616,-3.8441584157571196
3411968,-3.703629599660635
3512320,-3.944872911144048
3612672,-2.9908945709839463
3713024,-2.889550462476909
3813376,-2.624820267483592
3913728,-2.498046345897019
4014080,-2.410733219180256
4114432,-2.1010240058600904
4214784,-2.342506852596998
4315136,-2.2913535852730273
4415488,-1.7827577538415789
4515840,-2.2474801699910314
4616192,-2.050257663819939
4716544,-1.3384225221723318
4816896,-1.3061342001520098
4917248,-1.1548699666187168
5017600,-0.6547813228331506
5117952,-1.429062610566616
5218304,-1.4590821167081593
5318656,-0.9144036745652556
5419008,-1.4510996664315463
5519360,-1.2888791166990996
5619712,-0.5835738440044225
5720064,-0.6665051588229836
5820416,-0.9927869224362076
5920768,-1.3316376879811287
6021120,-1.1028474253229796
6121472,-0.8059161871112883
6221824,-0.5051823496259749
6322176,-0.6839644859358668
6422528,-0.5452850868180394
6522880,-0.6823394365422427
6623232,-0.5781879031285644
6723584,-0.3049026381969452
6823936,-0.33186919409781696
6924288,-0.1263324937969446
7024640,-0.401251836346928
7124992,-0.4125001082383096
7225344,-0.19107245796127245
7325696,-0.24411557611078025
7426048,-0.17403669791296125
7526400,-0.12027982484549284
7626752,-0.16726915124803782
7727104,0.05528328835964203
7827456,-0.035064917132258414
7927808,-0.024417994171380998
8028160,-0.18089803332928567
8128512,0.0933043898968026
8228864,-0.00017312940210103989
8329216,0.015002044504508377
8429568,-0.08317772155161947
8529920,0.07619175296276808
8630272,0.023556084483861924
8730624,0.19255190068855882
8830976,0.02498149841092527
8931328,0.11559870270080864
9031680,0.014478577487170696
9132032,0.1949028965830803
9232384,0.14927442606538535
9332736,0.19161733539775014
9433088,0.48611433066427706
9533440,0.3715063417912461
9633792,0.2487708910787478
9734144,0.36375609554350374
9834496,0.410886962255463
9934848,0.4046356848999858
10035200,0.41319474413059654
10135552,0.3454733425378799
10235904,0.549276956897229
10336256,0.536879643984139
10436608,0.5484025869891047
10536960,0.550505295470357
10637312,0.5203959749266506
10737664,0.7143199682235718
10838016,0.6719155620597302
10938368,0.7665246456488967
11038720,0.6642325838655233
11139072,0.30216067624278364
11239424,0.5696600752416998
11339776,0.7044655743427575
11440128,0.7826209105178714
11540480,0.8352383931167424
11640832,0.693656730055809
11741184,0.6777771441638469
11841536,0.5996990693174302
11941888,0.7091258969716727
12042240,0.8771783827804029
12142592,0.769699088037014
12242944,0.8062778940238059
12343296,0.5136782719567418
12443648,0.7757313944213092
12544000,0.875483610406518
12644352,0.8654523568414152
12744704,0.8335934635624289
12845056,0.8411704535409809
12945408,0.7818130021356047
13045760,0.9794820555672049
13146112,1.1382972542475909
13246464,0.895253429710865
13346816,0.7760199570283294
13447168,0.9194090610183775
13547520,0.8547809706628322
13647872,0.9294425415247679
13748224,1.0311217160150408
13848576,1.0923937775939703
13948928,1.1005897345766424
14049280,0.847336732884869
14149632,0.9449776341952384
14249984,0.9551838638260961
14350336,1.0590046732500196
14450688,0.9804773871414363
14551040,1.1157973788119853
14651392,0.941011521210894
14751744,1.116557662151754
14852096,1.069646218456328
14952448,1.1232647380325944
15052800,1.1764686319231987
15153152,1.1916751397773624
15253504,0.9858084375690669
15353856,1.037912269681692
15454208,1.1039519292884505
15554560,1.1725656278431416
15654912,1.284656202159822
15755264,1.4928601911850274
15855616,1.3801626256294548
15955968,1.3143995116278528
16056320,0.8589625033922493
16156672,1.2985553165338934
16257024,1.4704566629230975
16357376,1.261451369933784
16457728,1.4764304605312646
16558080,1.5455326072871685
16658432,1.3489166510477661
16758784,1.4031245793402194
16859136,1.5721089877141639
16959488,1.3720029344409703
17059840,1.410818560058251
17160192,1.6095696564018727
17260544,0.3325619853194803
17360896,1.4293314981646836
17461248,1.4940599194541573
17561600,1.7222148854099215
17661952,1.746900765132159
17762304,1.6265422074869276
17862656,1.7617740333732217
17963008,1.7057315477728843
18063360,1.77578257933259
18163712,1.9697241946682333
18264064,1.9426829144358635
18364416,2.0693014316633342
18464768,1.7400279281660915
18565120,2.2114479381218555
18665472,2.163944887071848
18765824,2.0313112104684112
18866176,2.139595554806292
18966528,2.1573115005344152
19066880,2.119987321048975
19167232,1.9076282804924996
19267584,2.037379459198564
19367936,1.9950218334794045
19468288,1.941490858308971
19568640,2.0238708117604256
19668992,1.9929626626521348
19769344,1.7524277690052985
19869696,2.0655073488876226
19970048,2.153571345675737
20070400,2.2598904575407506
20170752,2.3073487861454485
20271104,2.281585902757943
20371456,1.921907230131328
20471808,2.217806970402598
20572160,2.374917240757495
20672512,2.237521446775645
20772864,2.0999200890958307
20873216,2.299024595655501
20973568,1.3340858843922616
21073920,2.0918777204863725
21174272,2.131263640075922
21274624,2.2853696724399923
21374976,2.2792033306136728
21475328,2.420705636776984
21575680,2.1478595673665404
21676032,2.508097038511187
21776384,1.9638499501440674
21876736,2.0002622363343834
21977088,2.215580261796713
22077440,2.2338511668518186
22177792,0.3423162232711911
22278144,2.4825037182308733
22378496,2.543381498508388
22478848,2.403608807772398
22579200,2.3485224952921273
22679552,2.126733084693551
22779904,2.3947852224856616
22880256,2.444834315702319
22980608,2.5498847878724336
23080960,2.3194251327216624
23181312,2.322994229570031
23281664,2.197712747119367
23382016,2.6772057543694974
23482368,2.627477869093418
23582720,2.5666972797177734
23683072,2.5006888779997825
23783424,2.412320626154542
23883776,2.338222266994417
23984128,2.5215615368634463
24084480,2.434411680996418
24184832,2.6028774406388404
24285184,2.7930778674036265
24385536,2.8522828821837902
24485888,2.3852893276512623
24586240,2.3760730628296733
24686592,2.141936150835827
24786944,2.4409060315042734
24887296,2.747404838055372
24987648,2.923771602511406
25088000,2.944913137331605
25188352,2.8746444324217735
25288704,2.7763618210703136
25389056,2.737283574976027
25489408,2.6775832542032005
25589760,2.8697665859013797
25690112,2.6253191861510277
25790464,2.8211133216693995
25890816,1.4849752404913306
25991168,2.3924343837285416
26091520,2.781905889455229
26191872,2.8072598902136088
26292224,2.2929176332056525
26392576,2.548766228482127
26492928,2.708300239890814
26593280,3.1278627157211303
26693632,2.6642192953825
26793984,2.8744135796278716
26894336,3.078363983593881
26994688,2.869765655696392
27095040,0.4376374910585582
27195392,2.968999907001853
27295744,3.191594589012675
27396096,2.755987193286419
27496448,2.9715634341537953
27596800,3.0565810744464397
27697152,2.780493078036234
27797504,2.6210098350048066
27897856,2.766276041902602
27998208,2.9499044459313155
28098560,3.242357272305526
28198912,2.991455742381513
28299264,2.678893066421151
28399616,2.8389382866583763
28499968,3.1080786721780895
28600320,2.970652672946453
28700672,3.0888807485997676
28801024,3.195117942690849
28901376,2.886824423521757
29001728,2.87039956189692
29102080,2.921880387291312
29202432,3.228395740687847
29302784,3.240387911517173
29403136,2.87698012072593
29503488,3.2508447064459323
29603840,2.6371386733651163
29704192,2.9804556020349264
29804544,3.086885750442743
29904896,3.162786104977131
30005248,3.0197287457436324
30105600,2.894109233170748
30205952,2.8424695674702525
30306304,3.581779621317983
30406656,3.5060361963510513
30507008,2.932538457661867
30607360,3.0058988162875178
30707712,3.0966972734220324
30808064,1.4720690225064754
30908416,2.8778239660803226
31008768,3.3204413626156746
31109120,3.2634801513515415
31209472,2.9250624480005354
31309824,3.229311383515596
31410176,3.309791603656486
31510528,3.0213992091268302
31610880,3.146067221313715
31711232,2.902025418579578
31811584,2.671278636455536
31911936,3.4134805050864814
32012288,0.40497841889271513
32112640,3.367930125296116
32212992,2.880005771992728
32313344,3.307501024529338
32413696,3.3397251524403693
32514048,2.77285136859864
32614400,2.6517404524981973
32714752,3.3471296919882296
32815104,3.0770363651774826
32915456,3.1243009238317607
33015808,2.8669221945106984
33116160,2.8519805014133452
33216512,3.064577942788601
33316864,2.6992399819381534
33417216,3.1323448231816293
33517568,3.614190222918987
33617920,2.8669746236130593
33718272,2.9111362105235457
33818624,3.450149586778134
33918976,3.52956328779459
34019328,3.0684178387373686
34119680,3.1515313574671744
34220032,3.1009155827760697
34320384,2.885511676631868
34420736,2.8597388508170845
34521088,2.275812796354294
34621440,3.562209102809429
34721792,3.473845488131046
34822144,3.484746016338468
34922496,3.3893322104215624
35022848,3.234409449212253
35123200,3.0588297367841006
35223552,3.2474058187007904
35323904,3.517119018062949
35424256,3.451736570894718
35524608,3.7833132395148277
35624960,3.0715822047926484
35725312,1.5774308796972036
35825664,2.8157422368600966
35926016,3.4181989255547522
36026368,3.1726931791007518
36126720,3.851818966679275
36227072,3.419383834898472
36327424,2.888191005587578
36427776,2.6834804363548757
36528128,3.4505928897857667
36628480,3.844266412612051
36728832,3.7200365478172897
36829184,3.52880269613117
36929536,0.5381824054941535
37029888,2.978288488090038
37130240,2.6819773738086226
37230592,3.7277277202159165
37330944,3.3314864306151866
37431296,3.5109775755554438
37531648,3.1713476906716824
37632000,2.9949479448609053
37732352,2.9277629070729017
37832704,3.4826720573380587
37933056,3.5059491828083993
38033408,3.4264631626754998
38133760,2.9106920445244757
38234112,2.8849099860340357
38334464,3.382629391141236
38434816,3.3955159934610126
38535168,3.2690966496709732
38635520,3.3686693233437834
38735872,3.7244919758103787
38836224,4.108447204194963
38936576,3.579901963323355
39036928,3.230269088000059
39137280,3.4376907646656036
39237632,3.1490115520358084
39337984,3.3108330323547124
39438336,2.078704680129886
39538688,4.072161706127226
39639040,3.437792875170708
39739392,3.0223314799461516
39839744,3.073095279857516
39940096,3.236603821106255
40040448,3.775361585766077
40140800,3.69352880358696
40241152,3.42884375333786
40341504,3.7001052828133107
40441856,2.916223101168871
40542208,2.9446023833751678
40642560,1.5182730015739798
40742912,2.873728469014168
40843264,3.9758678511716425
40943616,3.730765893757343
41043968,3.862971180481836
41144320,3.353412162736058
41244672,2.857110699415207
41345024,2.899912899509072
41445376,3.122773621287197
41545728,3.6715056520700453
41646080,3.7706978289783
41746432,3.7312875245139003
41846784,0.6251471410202794
41947136,2.822942275097594
42047488,2.970342222750187
42147840,2.8098362722620367
42248192,3.262114017829299
42348544,3.8211274313926697
42448896,3.4467116038501264
42549248,3.74862249776721
42649600,3.3609151600301264
42749952,3.2027964451909066
42850304,3.138399690426886
42950656,3.3886390072107315
43051008,3.148264659997076
43151360,3.1754965379834177
43251712,3.330613520219922
43352064,3.5903095484524967
43452416,2.8751026128279045
43552768,3.222228171564639
43653120,3.4081640670448543
43753472,3.6045462591946125
43853824,4.293980979919434
43954176,4.215909347087145
44054528,3.6054833507537842
44154880,3.5663979939743875
44255232,2.8573933642171325
44355584,2.216975096091628
44455936,3.714177626185119
44556288,3.9473589892685412
44656640,4.6432039555907245
44756992,4.135670697242022
44857344,3.3651643350720404
44957696,3.2473197159543634
45058048,3.311986990459263
45158400,3.5471615632250906
45258752,4.365151356458664
45359104,4.118115590959787
45459456,3.759011323750019
45559808,1.485823769159615
45660160,3.194819574058056
45760512,2.9895156817138195
45860864,3.0420356381684543
45961216,3.7190663085877897
46061568,4.284166334792972
46161920,4.382380140200257
46262272,3.7232307958602906
46362624,3.3617563294246793
46462976,2.808840301781893
46563328,3.095617297682911
46663680,3.5126580399740486
46764032,0.6020697334781289
46864384,3.7651588514819743
46964736,3.664685069657862
47065088,3.539929104447365
47165440,3.357713822312653
47265792,3.2313029523193837
47366144,2.8873835714161395
47466496,3.5486856078729034
47566848,4.009194691851735
47667200,4.14267495598644
47767552,3.4591716039180755
47867904,3.2980295984540136
47968256,2.6230520518310367
48068608,2.823168098628521
48168960,3.0541989632230253
48269312,4.067776288092136
48369664,4.009452224373818
48470016,4.35928320966661
48570368,3.981330389082432
48670720,3.4882660150527953
48771072,3.3477976748161016
48871424,3.5614719872176646
48971776,3.46245321393013
49072128,3.7988257175683975
49172480,4.02406252540648
49272832,2.6811900308728216
49373184,3.0488556399941444
49473536,2.9600346826761963
49573888,3.086349955648184
49674240,3.2515717201679943
49774592,4.1138994163274765
49874944,4.5686641259491445
49975296,4.458741753026843
50075648,3.5657922864705323
50176000,3.4834197713434696
50276352,3.2381881646066906
50376704,3.0205638996884225
50477056,1.689516139756888
50577408,3.965880909562111
50677760,3.456942455880344
50778112,3.9348944717273118
50878464,3.1959590538963676
50978816,3.4064270494878293
51079168,3.5190827559679745
51179520,3.611963905468583
51279872,3.5626892637927083
51380224,3.8237176355719567
51480576,4.147362383417785
51580928,4.061369903460145
51681280,0.5925509942881763
51781632,3.2975535540282728
51881984,2.890100084813312
51982336,3.295376450121403
52082688,3.203917681928724
52183040,4.066449883505702
52283392,4.584218149948865
52383744,3.7221553285606204
52484096,4.3055646778643135
52584448,3.8791552312672137
52684800,3.6022644647816198
52785152,3.3684443621337414
52885504,2.7615628385636954
52985856,2.5910816058702766
53086208,4.16797496676445
53186560,3.802422675192356
53286912,3.6803810401447117
53387264,3.710672873482108
53487616,3.259182425290346
53587968,3.3089442186243834
53688320,3.0262294439971447
53788672,4.273618550896645
53889024,4.106841701045632
53989376,3.905939002931118
54089728,3.8408660638332366
54190080,2.6208551523089407
54290432,3.5301574850454926
54390784,3.2515961922332646
54491136,3.8471706794947385
54591488,4.268878486594185
54691840,4.468510552346706
54792192,3.9600477965176104
54892544,4.246142009496689
54992896,4.264570033848286
55093248,3.1186594834551213
55193600,3.1292702706903217
55293952,3.5327036711014808
55394304,1.699955498278141
55494656,4.107539013475179
55595008,3.4683026532828807
55695360,4.0999755958467725
55795712,3.0970633324980734
55896064,3.076548666227609
55996416,3.483626934699714
56096768,4.490199906900525
56197120,4.557981880903244
56297472,3.7261194168776273
56397824,4.200037382766604
56498176,3.5172582015767695
56598528,0.7747396684810519
56698880,3.4904202214628457
56799232,3.695607638657093
56899584,4.752150275185704
56999936,4.223503689635545
57100288,4.1632340198010205
57200640,3.3567591530038046
57300992,3.574039416909218
57401344,3.211619487553835
57501696,3.2305425216816364
57602048,3.7522181367874143
57702400,4.248921949341893
57802752,2.0152853450365367
57903104,2.8466862767934797
58003456,3.0778502764552833
58103808,3.973933116942644
58204160,3.3451412755064664
58304512,3.5647178080305455
58404864,4.255059952437878
58505216,4.611746195554733
58605568,5.081326784417033
58705920,5.273667670488358
58806272,3.966975983157754
58906624,3.437042299900204
59006976,4.029304142743349
59107328,2.5995486645400523
59207680,4.3350038413703444
59308032,4.684830916300416
59408384,4.668563542217016
59508736,3.905121727436781
59609088,3.6517654265463353
59709440,3.281783381588757
59809792,3.6300576646625995
59910144,4.2073132920265195
60010496,4.338863938748837
60110848,4.393538424521685
60211200,4.579426074437797
60311552,1.6537065386027097
60411904,3.3431433655321596
60512256,3.738892339542508
60612608,3.843685779944062
60712960,4.138061050437391
60813312,4.862529576830566
60913664,4.97622076863423
61014016,4.424966458166018
61114368,4.678974605426192
61214720,3.2883536902163177
61315072,3.1747213533520697
61415424,3.3981061001494526
61515776,0.8631382182613015
61616128,3.768445427119732
61716480,3.864846860393882
61816832,4.618107491917908
61917184,3.993439084291458
62017536,4.5364503475185485
62117888,3.833466622531414
62218240,3.385018764436245
62318592,3.299909053705633
62418944,3.5767269655130804
62519296,4.995849003642798
62619648,4.556633485108614
62720000,2.4184911330789327
62820352,3.3340456088632346
62920704,3.4337498548254373
63021056,3.936245865058154
63121408,3.3326393223553894
63221760,3.388881991952658
63322112,3.8935797211527823
63422464,4.804235289134085
63522816,4.690450669899583
63623168,4.700110859051347
63723520,3.710809567421675
63823872,3.504200351536274
63924224,3.8367979736626148
64024576,2.6945101596508176
64124928,4.099975684434176
64225280,4.527124685049057
64325632,4.554299182482064
64425984,4.383980838768184
64526336,3.8951558870077134
64626688,4.219747393429279
64727040,3.4844751140289008
64827392,3.6651005959510803
64927744,3.30372200820595
65028096,4.776882194429636
65128448,4.490635787253268
65228800,1.698381819203496
65329152,4.179295853413642
65429504,4.2173401632905
65529856,3.7515224684774875
65630208,3.3245976267755033
65730560,3.8342677992209793
65830912,4.1530946218222375
65931264,4.887007417902351
66031616,5.186091666966677
66131968,4.387019456550479
66232320,3.946174520999193
66332672,3.368784722536802
66433024,1.2808926036208867
66533376,2.7982579819113016
66633728,3.2894938409328462
66734080,3.98620505861938
66834432,5.066510041356087
66934784,4.329670428819955
67035136,3.9002099942602215
67135488,4.103083761446178
67235840,3.9047166291996835
67336192,3.6011152631789445
67436544,3.2871836395561695
67536896,3.394694361835718
67637248,2.023574332110584
67737600,2.6126974863559007
67837952,4.707133413776756
67938304,4.668991352580488
68038656,4.6674304642342035
68139008,4.258130167964846
68239360,3.4789316537231207
68339712,3.472165778968483
68440064,3.6562917761690916
68540416,4.188665816290304
68640768,5.083306166827679
68741120,5.1351028353720904
68841472,5.19700121037662
68941824,2.451159819662571
69042176,4.082867907062173
69142528,3.6808983985334636
69242880,3.3972557761892674
69343232,3.115534809343517
69443584,3.4730184725672006
69543936,4.106390381418168
69644288,4.6407466414012015
69744640,5.142497946619987
69844992,4.985059063620866
69945344,4.205161478631198
70045696,3.8617862204462288
70146048,1.8581213299930095
70246400,4.1372519394755365
70346752,3.542413131846115
70447104,4.139166733138263
70547456,4.835924786701798
70647808,4.368307670652866
70748160,3.8983807333186267
70848512,3.718275646939874
70948864,3.8663791396468876
71049216,3.5247853089123966
71149568,3.0249273662269114
71249920,3.1849864976247773
71350272,1.299803042858839
71450624,3.3147011863440277
71550976,5.291547595132142
71651328,5.669978777375072
71751680,5.372340436335653
71852032,5.160626998543739
71952384,4.465687856972218
72052736,4.0715592947602275
72153088,3.908514379262924
72253440,4.190316433906555
72353792,4.723773593716324
72454144,5.465592591520399
72554496,1.6436724841874093
72654848,3.5634098057448864
72755200,4.031338097658009
72855552,4.175912398099899
72955904,3.7492970249056814
73056256,3.393453413322568
73156608,3.6303444794937967
73256960,4.144018567055464
73357312,4.255315051525831
73457664,5.109187470972538
73558016,4.534113653153181
73658368,4.439905280470848
73758720,3.9331529657170177
73859072,2.4144661736488344
73959424,3.5785434499569235
74059776,2.808331204280257
74160128,3.180827057622373
74260480,4.117620597705245
74360832,4.497697206251323
74461184,5.023328607603908
74561536,4.202189140990376
74661888,3.8615105199906976
74762240,3.879185597524047
74862592,3.478454763889313
74962944,3.133847979456186
75063296,1.7722720323130488
75163648,2.9395901100337505
75264000,3.785444294884801
75364352,4.456647738590837
75464704,4.680613552108407
75565056,5.787515490576625
75665408,4.840685808062553
75765760,4.286932899355889
75866112,4.635538455918431
75966464,3.5444009810686112
76066816,3.3234237914904954
76167168,3.4111535141430793
76267520,1.4030702000856399
76367872,3.603573972210288
76468224,4.903802940100431
76568576,5.21541920170188
76668928,4.692984075322747
76769280,4.929212008882314
76869632,4.873313608821482
76969984,3.5685512665472925
77070336,3.446766016352922
77170688,3.354211800545454
77271040,4.16195245668292
77371392,4.668474271893501
77471744,0.9780453245155514
77572096,3.12662432089448
77672448,4.488778556063771
77772800,3.8215862077474596
77873152,4.003144700480625
77973504,3.6674614693969487
78073856,3.383695509880781
78174208,3.0644268417172134
78274560,3.4789974435791375
78374912,4.520670661479235
78475264,4.934962848424911
78575616,5.007897258028388
78675968,5.097244818778709
78776320,2.9245069585740566
78876672,3.5015531409159304
78977024,3.7535294726490975
79077376,3.908437472358346
79177728,3.3592509353905915
79278080,2.8819467942416668
79378432,2.626193037964404
79478784,4.256228374838829
79579136,4.215799623448402
79679488,5.497385822311044
79779840,5.264190507587045
79880192,4.428323045559227
79980544,1.583401330751367
80080896,3.3537185177206994
80181248,3.8953549551218747
80281600,3.307643867880106
80381952,3.271584966480732
80482304,3.4190439880639314
80582656,3.688618793413043
80683008,4.053543548583985
80783360,4.117546697799116
80883712,4.7724728205055
80984064,4.841756306886673
81084416,3.9817544734477996
81184768,1.5412505816295743
81285120,3.2054452745430173
81385472,3.870616352558136
81485824,2.759112871289253
81586176,3.0334768983721734
81686528,3.3931234496179967
81786880,3.5344524489343168
81887232,4.450280569642782
81987584,5.183243371471763
82087936,5.271040843948722
82188288,5.480691191591323
82288640,4.441955596376211
82388992,0.40389469809830186
82489344,3.0201348811388016
82589696,3.330802531084046
82690048,3.460832808976993
82790400,3.62170854434371
82890752,3.5816898223012688
82991104,3.7858222399279473
83091456,5.0755494735017415
83191808,5.249328681416809
83292160,5.620799278467894
83392512,5.277106929384172
83492864,3.8719882120192053
83593216,3.750722722411156
83693568,2.6474467282742262
83793920,3.284595193229616
83894272,3.366326800584793
83994624,2.8513368710502984
84094976,3.0436399576812985
84195328,4.68845183443278
84295680,4.515995823293924
84396032,5.003775964640081
84496384,4.520253300517798
84596736,4.916315723359585
84697088,4.131482965908945
84797440,4.035306247845292
84897792,2.2468661185353995
84998144,3.6226347930543126
85098496,2.594122969582677
85198848,3.1303648918867113
85299200,2.627851416990161
85399552,3.639138364028186
85499904,4.333827452901751
85600256,4.826596207357943
85700608,4.436337506845593
85800960,5.29828622110188
85901312,4.275924764443189
86001664,4.478884939998388
86102016,1.640381566286087
86202368,3.2433503962215036
86302720,3.5143770197033883
86403072,3.81915777977556
86503424,3.678013888448477
86603776,3.752164756283164
86704128,4.313235283512622
86804480,4.0519536245428025
86904832,4.920205083489418
87005184,4.312939040698111
87105536,4.0464501093328
87205888,4.366525797396898
87306240,0.48382977712899444
87406592,3.4136619226634504
87506944,3.6591600757837295
87607296,3.2417843583226205
87707648,3.274449427407235
87808000,4.325992768108844
87908352,4.991589274322614
88008704,4.883356784880161
88109056,5.00362359456718
88209408,5.398469774313271
88309760,4.839011270552874
88410112,4.732272892892361
88510464,3.877720691501163
88610816,2.4473731886595487
88711168,3.6813699821941555
88811520,3.423617079555988
88911872,2.734377221465111
89012224,3.198693158812821
89112576,3.8084476405009626
89212928,4.615091102030128
89313280,5.464944157581776
89413632,4.52994950029999
89513984,4.755590895153582
89614336,4.351997540481388
89714688,4.500301521718502
89815040,2.1307923256605865
89915392,3.410612877905369
90015744,3.9346827031672
90116096,3.122174756526947
90216448,3.2915988428890706
90316800,3.5120133864693344
90417152,4.410429127514362
90517504,4.9559320444613695
90617856,5.148062426112592
90718208,5.834807061078027
90818560,5.1357790562510495
90918912,4.076076146289706
91019264,1.5311142241954803
91119616,3.706554816253483
91219968,3.8401950503420084
91320320,3.965363373309374
91420672,4.2864788470230994
91521024,4.291131078992039
91621376,4.582992609608919
91721728,4.647691385224461
91822080,5.468703895695508
91922432,4.871219935975969
92022784,3.8128207344934344
92123136,4.111344165951014
92223488,0.5335339196771384
92323840,3.3148715879023074
92424192,3.4418705355748536
92524544,3.3013011808134616
92624896,3.4553836304321885
92725248,3.116925816833973
92825600,3.955078282430768
92925952,4.598883815743029
93026304,5.125298354551196
93126656,4.825122466236353
93227008,5.400248106978833
93327360,4.904772790875286
93427712,3.503108382243663
93528064,2.762264854758978
93628416,4.827268870137632
93728768,3.1685060700029135
93829120,3.651722217798233
93929472,3.060044227708131
94029824,2.905744610521942
94130176,4.067575158299878
94230528,4.630059700459242
94330880,4.469045132659375
94431232,5.161051236670464
94531584,5.274279218818992
94631936,5.213944844007492
94732288,1.9943525275960565
94832640,4.037259953171015
94932992,4.203852559104562
95033344,3.257817837484181
95133696,3.234603331256658
95234048,2.8766704197227955
95334400,3.5102470463514326
95434752,4.090417049862444
95535104,4.203146430030465
95635456,4.306898486018181
95735808,5.142644932456315
95836160,4.7859630367718635
95936512,1.6428993532061578
96036864,3.6593876583501697
96137216,3.4525158394128086
96237568,4.073060784116388
96337920,2.984832349307835
96438272,3.001198473535478
96538624,2.928419676721096
96638976,3.1616382166743278
96739328,3.961254925429821
96839680,3.8158525723218917
96940032,5.144132403060794
97040384,4.872213287074119
97140736,0.5028938516415655
97241088,3.187736821081489
97341440,4.292970430627466
97441792,3.660965811125934
97542144,4.025125832185149
97642496,4.001405307166278
97742848,3.0867818849533797
97843200,3.1750274911522864
97943552,2.950801626555622
98043904,3.511506363004446
98144256,3.9552806220576167
98244608,5.146460679955781
98344960,4.6471336756227535
98445312,2.673138303756714
98545664,4.339298469647765
98646016,5.424587843641639
98746368,4.496111252261326
98846720,4.532301130630076
98947072,4.8916833752393725
99047424,4.142882864326238
99147776,3.22678404673934
99248128,3.058490034043789
99348480,3.60865657389164
99448832,4.40389495675452
99549184,4.77583735473454
99649536,1.8702720166742801
99749888,4.314445179253816
99850240,5.070115746855736
99950592,5.838932242542505
100050944,4.987307906225324
100151296,4.32298634916544
100251648,4.2673765334114435
100352000,3.9217984472215175
100452352,4.0028413559496405
100552704,3.9557920283451677
100653056,4.041273365225643
100753408,4.598231166675687
100853760,1.7101621928811073
100954112,4.881915803551674
101054464,5.508212223052978
101154816,6.814186726342887
101255168,5.7832319357991215
101355520,5.124485549814999
101455872,4.030647613704205
101556224,4.071101302057505
101656576,4.09221121199429
101756928,3.1502629954740407
101857280,3.1623174169659616
101957632,3.993138417303562
102057984,0.49028700050897894
102158336,3.501574527658522
102258688,5.226578117385507
102359040,5.939301751768216
102459392,6.627304753921926
102559744,5.832665408374742
102660096,5.367228417396546
102760448,4.333011304736138
102860800,4.3944682598114015
102961152,3.916484331265092
103061504,3.6439352206885816
103161856,3.788149333000183
103262208,2.7591637659445407
103362560,3.0269653941318393
103462912,4.571347211971879
103563264,5.079692408442497
103663616,5.85048010841012
103763968,6.146099909245968
103864320,5.560522528998554
103964672,5.166841361373663
104065024,5.0612621451914315
104165376,4.200409610942006
104265728,3.993224299699068
104366080,3.720066003203392
104466432,4.0214375320076945
104566784,2.720862015262246
104667136,4.959258147105575
104767488,5.79791098691523
104867840,4.797245721891523
104968192,5.339019850660115
105068544,5.948090815134346
105168896,4.746632865071296
105269248,4.058416460715234
105369600,3.6263471373170613
105469952,3.9550860988348724
105570304,3.1937530464679003
105670656,2.936667933985591
105771008,1.6181336945295335
105871360,4.301467339321971
105971712,3.8168898953311143
106072064,4.427701723147184
106172416,5.455965246921405
106272768,5.037989409938454
106373120,5.3958568608760835
106473472,5.854472318515182
106573824,4.705400997195393
106674176,3.9696787694096565
106774528,4.414450715482235
106874880,3.961662843450904
106975232,0.7954324696213007
107075584,3.375817732810974
107175936,3.173960118889809
107276288,3.4170653301104905
107376640,4.557078658044338
107476992,4.890433058179915
107577344,5.078536987565458
107677696,5.1911661103367805
107778048,6.661709904968738
107878400,6.020855838805437
107978752,4.598196007087827
108079104,4.637277967147529
108179456,3.698078294787556
108279808,2.446422320306301
108380160,4.217854705005884
108480512,3.5826940538361667
108580864,3.3571788194030523
108681216,3.6305071990564466
108781568,3.7358574126660824
108881920,4.822941575013101
108982272,4.278043477870524
109082624,4.554569486714899
109182976,4.8587222831696275
109283328,6.2023300471715626
109383680,5.962151871938258
109484032,2.1508449387177824
109584384,4.7767168397456405
109684736,4.571101899147034
109785088,3.426844980716705
109885440,3.3840952375531197
109985792,3.171239435132593
110086144,3.174440586064011
110186496,3.4115960866957904
110286848,5.035142399966717
110387200,5.452198637127876
110487552,4.562765334546566
110587904,5.406544706905261
110688256,1.568862330019474
110788608,4.220202538501471
110888960,5.772715082205832
110989312,5.4226534834504125
111089664,4.374758425913751
111190016,4.66636484015733
111290368,4.18599539630115
111390720,3.831335740685463
111491072,3.665163798853755
111591424,4.811913773417473
111691776,5.40820892110467
111792128,5.842665967494249
111892480,0.7181011832877994
111992832,3.640439745988697
112093184,5.89023285061121
112193536,5.233179129213095
112293888,4.837566243335605
112394240,4.833379046916962
112494592,4.542264824435115
112594944,4.0097690887376665
112695296,4.023687286749482
112795648,3.858680398315191
112896000,3.8207972043380143
112996352,4.8824554159492255
113096704,3.194222584441304
113197056,2.9623865427821876
113297408,4.918697775155306
113397760,7.600345522463321
113498112,5.634556056633592
113598464,5.849740852341056
113698816,4.998058696985245
113799168,4.803607736062259
113899520,4.151963278055191
113999872,3.818019894808531
114100224,3.9174509209021924
114200576,4.370878469198942
114300928,4.795550070926547
114401280,2.5126385744661093
114501632,4.893563517639413
114601984,5.5479513299465175
114702336,5.93677168354392
114802688,6.48729629971087
114903040,5.494007815271616
115003392,4.93652400881052
115103744,3.9540431024879217
115204096,4.811665717810392
115304448,3.7965547537803648
115404800,3.555024094171822
115505152,3.550761422906071
115605504,1.7955651088431477
115705856,4.496657984778285
115806208,6.762739578336477
115906560,5.494158275108784
116006912,6.83016149699688
116107264,6.788607212603092
116207616,6.9502602154016495
116307968,5.351915301755071
116408320,4.91741795361042
116508672,5.3774102096259595
116609024,5.269070726279169
116709376,4.749928607195616
116809728,0.7836052964441478
116910080,4.1671782502532
117010432,5.797533542215824
117110784,5.3312039935588835
117211136,5.3629238978587095
117311488,6.064785279277712
117411840,5.573662746809423
117512192,4.990292192287743
117612544,4.270886813998223
117712896,3.730922775901854
117813248,4.023298377711326
117913600,3.847707535624504
118013952,2.781264720093459
118114304,3.3133178473077716
118214656,3.528806624226272
118315008,4.100390678308904
118415360,4.327281261272728
118515712,5.921453240849078
118616064,5.314399357140064
118716416,6.57561024133116
118816768,6.709174001738429
118917120,5.408019784167409
119017472,4.615761576290242
119117824,4.848198431581259
119218176,5.3469079042971135
119318528,2.9651262843608857
119418880,4.207830489203334
119519232,3.9066709471587093
119619584,4.542969056516886
119719936,5.040462771942839
119820288,5.626480849273503
119920640,5.760652827322483
120020992,6.037366547957062
120121344,6.156442884653806
120221696,6.290628654062748
120322048,4.709980576112867
120422400,5.4079989755153655
120522752,1.9371860942617058
120623104,4.3673432938754555
120723456,4.023870388269424
120823808,4.156387572735548
120924160,4.027792900800705
121024512,4.26866358615458
121124864,4.1489102154970166
121225216,4.513295139223337
121325568,4.671136729363352
121425920,5.335063085071742
121526272,5.981765788439661
121626624,7.142974867559969
121726976,0.9145477665215731
121827328,4.507156074177474
121927680,6.084434255510569
122028032,4.744628648795188
122128384,4.466710614040494
122228736,3.7484573386609554
122329088,4.26724933333695
122429440,4.010063145011664
122529792,4.221441439539194
122630144,5.62509262047708
122730496,5.928680344074965
122830848,5.603826706558466
122931200,3.5841842064680534
123031552,3.1615857104957104
123131904,5.421716335639357
123232256,5.2459730158746245
123332608,4.567349705398083
123432960,4.733859261497855
123533312,3.769720569024794
123633664,3.750436741784215
123734016,3.6565854181349278
123834368,3.641767713278532
123934720,4.377583151124417
124035072,5.332669889181853
124135424,4.667288019321859
124235776,2.4531011906825007
124336128,4.365674537792802
124436480,6.484353809868917
124536832,5.626558219287545
124637184,4.6937139408290385
124737536,4.634021342992782
124837888,5.169882657527924
124938240,4.3066042222641405
125038592,4.122724236100912
125138944,3.6022334515675904
125239296,3.9452230446785688
125339648,5.163313908353448
125440000,1.7829027458280324
125540352,4.2659841172397135
125640704,6.271098821647465
125741056,7.6610622124373915
125841408,7.683954697493464
125941760,5.791843505911529
126042112,5.423027545809746
126142464,5.586666735708714
126242816,5.444375579506159
126343168,4.75674872353673
126443520,5.094354723989963
126543872,4.4267462046444415
126644224,1.0379446068406104
126744576,4.185294419936835
126844928,6.0427330154925585
126945280,5.436815383816138
127045632,6.733935061991215
127145984,7.557701306417584
127246336,6.088952476717532
127346688,4.889446154609322
127447040,5.114805635362863
127547392,5.412714445907622
127647744,4.9844757103547455
127748096,4.661844946295023
127848448,2.5349109657667577
127948800,3.8883844251185655
128049152,4.991981486231088
128149504,6.0762980330362915
128249856,5.448802936039865
128350208,6.728220028057694
128450560,7.940987163633108
128550912,7.728752911053598
128651264,5.536478680297733
128751616,5.122223819345236
128851968,4.4925884328782555
128952320,4.844276186674834
129052672,4.622005051225424
129153024,3.040091383755207
129253376,4.7043602884560825
129353728,4.822153869569302
129454080,5.346310642100871
129554432,5.0759380108118055
129654784,5.815516090840101
129755136,6.599534567371011
129855488,6.838926387848333
129955840,5.456489100251347
130056192,4.971498592719436
130156544,4.541437818109989
130256896,4.503245384544134
130357248,2.224192358702421
130457600,4.878110250234604
130557952,4.360076294275932
130658304,4.131369395554065
130758656,4.563986710160971
130859008,4.654528572559356
130959360,5.090618395637721
131059712,5.677220066636801
131160064,6.653670800328254
131260416,7.065170955434442
131360768,6.887291609551758
131461120,5.427794874161481
131561472,1.4880999812483788
131661824,4.403955158814788
131762176,6.365031117852777
131862528,4.406511749923229
131962880,4.514493856653571
132063232,3.4424340586736797
132163584,3.9349810438230635
132263936,5.06153662524186
132364288,5.960280500277877
132464640,5.64880203448236
132564992,6.048541215956211
132665344,6.586667887717486
132765696,2.1739485068945212
132866048,3.5245342694781723
132966400,5.826391263250262
133066752,4.5201731266081335
133167104,5.275154638588429
133267456,4.062725736647844
133367808,4.6518086287565525
133468160,4.0906107162497936
133568512,3.6366890972852706
133668864,4.6378182551823555
133769216,4.723144922852516
133869568,5.289767721407116
133969920,4.704934786707163
134070272,2.6170029481500388
134170624,4.95245321393013
134270976,7.3167362224124375
134371328,5.530914080888033
134471680,5.009235195219516
134572032,5.172846442572773
134672384,4.433830888792873
134772736,5.05249582067132
134873088,4.218269217484631
134973440,4.7890003722533585
135073792,5.260781366378069
135174144,4.893235023617745
135274496,1.8731166449189187
135374848,4.356273729689419
135475200,5.9840372882783415
135575552,7.8040951163321735
135675904,7.313698198348284
135776256,5.771972692161799
135876608,4.951876254826784
135976960,4.7717740236222745
136077312,5.677509119510651
136177664,4.896286572366953
136278016,4.944022019207478
136378368,4.751637306846678
136478720,1.3490592700242996
136579072,4.752895983979106
136679424,5.33353717925027
136779776,6.798828321099282
136880128,6.484886433631182
136980480,7.083154670298099
137080832,7.06333239145577
137181184,6.1707315400894736
137281536,5.710876905806362
137381888,5.4880323985219
137482240,4.757360577583313
137582592,4.755881808251143
137682944,2.6439817018434404
137783296,3.9558798387646674
137883648,5.593891169428826
137984000,6.035054534859955
138084352,5.775727044045925
138184704,7.054264731444419
138285056,7.244454096164555
138385408,8.473972034305334
138485760,5.79459950234741
138586112,4.909012172557413
138686464,4.896028158664703
138786816,5.200248132720589
138887168,4.940247498387471
138987520,3.2252227975055576
139087872,4.678475717157125
139188224,4.8381732146767895
139288576,4.885597183853388
139388928,5.540126182883978
139489280,6.037194517999888
139589632,6.463547454625368
139689984,6.502340701306239
139790336,7.44744195446372
139890688,5.317457308904268
139991040,5.427014178112149
140091392,5.62635204128921
140191744,2.2076369322091343
140292096,5.244055019617081
140392448,4.768650827556849
140492800,4.325209985524416
140593152,5.1144112686812875
140693504,4.985370927378535
140793856,5.420202252566814
140894208,5.975907709598541
140994560,6.861499489508569
141094912,7.859933013357222
141195264,6.297547767907381
141295616,5.495288047716022
141395968,1.5829175081849098
141496320,4.270933328345418
141596672,5.141903900057077
141697024,5.065011721402406
141797376,5.35384849447757
141897728,4.406144556310028
141998080,4.563644539825618
142098432,5.213663085512817
142198784,4.901520857736468
142299136,4.674597624484449
142399488,6.892717014290392
142499840,7.126315405517817
142600192,2.728932265760377
142700544,3.77033384680748
142800896,6.16274722725153
142901248,4.728185522295535
143001600,5.600418690703809
143101952,5.4436567468941215
143202304,4.845474621802569
143302656,4.107028498835862
143403008,4.7817879937589165
143503360,4.577201602682472
143603712,5.764822832494974
143704064,5.561172552704811
143804416,5.634870573431254
143904768,2.694602293074131
144005120,5.2426776043884455
144105472,8.013387710005045
144205824,6.612520083952695
144306176,6.287463412322104
144406528,5.570947636440397
144506880,5.05380182813853
144607232,4.043515443503857
144707584,4.927311295419932
144807936,4.244920854717493
144908288,5.528038513064384
145008640,5.107726691290736
145108992,1.798257449492812
145209344,4.601691518425941
145309696,7.446432306617498
145410048,8.496487667011097
145510400,7.933766574366018
145610752,6.061613798830658
145711104,5.197984172031283
145811456,5.565730969011784
145911808,5.402614359259605
146012160,4.651812766678631
146112512,4.057421732842922
146212864,4.508187718838453
146313216,1.7612576657533645
146413568,4.052500574961305
146513920,6.184392448179424
146614272,8.894564458671958
146714624,8.705044708549977
146814976,8.184490629211068
146915328,6.756333589889109
147015680,6.117881416976452
147116032,5.773435840625316
147216384,5.89793719092384
147316736,5.558131584078073
147417088,5.435270673036575
147517440,1.8658965205773712
147617792,4.570059833228588
147718144,6.105290627107024
147818496,6.255198801830411
147918848,7.576111051142216
148019200,8.52184204440564
148119552,8.249340919214301
148219904,6.350585841909051
148320256,5.374503291323781
148420608,5.128896930832416
148520960,5.3848227883130315
148621312,5.560230003576725
148721664,4.935227876976132
148822016,3.1892343590036036
148922368,4.762226779684425
149022720,5.143179700225591
149123072,5.228915950134397
149223424,6.112936410531401
149323776,7.1869433680176735
149424128,7.167437413856387
149524480,8.49465567022562
149624832,6.290939640030265
149725184,5.433852113932371
149825536,5.591412310227752
149925888,6.119168774373829
150026240,2.2960482734441756
150126592,6.03389992184937
150226944,4.97576555415988
150327296,5.262250233590603
150427648,6.071208333596587
150528000,6.165995613634586
150628352,7.289476518779993
150728704,7.652003730665893
150829056,8.03826183900237
150929408,7.74516607940197
151029760,6.571788233406842
151130112,6.691384007930756
151230464,1.5464157359302044
151330816,4.257331149429083
151431168,5.118525093980134
151531520,5.00296445697546
151631872,4.935358084514737
151732224,5.36222342049703
151832576,5.205589487850666
151932928,6.121973931267857
152033280,7.798918619081378
152133632,7.397561072558164
152233984,8.185417807865887
152334336,7.62232868373394
152434688,2.0707384396065027
152535040,4.4236411702632905
152635392,6.7558270590007306
152735744,4.813560182452202
152836096,5.73320107281208
152936448,4.629315598811954
153036800,5.664274164624512
153137152,5.053733884990216
153237504,6.217342408895493
153337856,6.994943221211433
153438208,6.685871981773525
153538560,7.763890644013881
153638912,7.707033965419978
153739264,2.8669012467563153
153839616,6.185411064722575
153939968,5.883016722127795
154040320,5.116884344145656
154140672,5.506043043732643
154241024,5.504670385271311
154341376,5.305879634618759
154441728,5.181680624783039
154542080,6.073228087183088
154642432,6.398968062698841
154742784,7.838326060958207
154843136,8.474641338288784
154943488,1.4986681593209505
155043840,5.765013085603714
155144192,7.518968663737178
155244544,4.77731152124703
155344896,6.080612662732602
155445248,6.198298371732235
155545600,5.182863671481609
155645952,5.192142731193453
155746304,5.65510488525033
155846656,6.241848494708538
155947008,6.832078563272953
156047360,7.811587684862316
156147712,1.2676998883858324
156248064,4.522632839232683
156348416,8.126585708335043
156448768,5.776851080209017
156549120,5.884300086796284
156649472,5.992927529811859
156749824,5.261945214867592
156850176,5.669199937209487
156950528,4.633437435682863
157050880,6.106176585541107
157151232,6.88553912088275
157251584,8.192614811882377
157351936,1.003347000638023
157452288,3.7706660559028387
157552640,8.237164314985275
157652992,6.584696870455518
157753344,6.493522070832551
157853696,6.234423947418109
157954048,7.004594856873155
158054400,6.542405281588435
158154752,5.869395018145442
158255104,7.069553222218528
158355456,8.526690744310617
158455808,8.683462162315845
158556160,7.325499771577306
158656512,2.5024459120631217
158756864,6.788151471614838
158857216,7.256737810559571
158957568,6.236397964358329
159057920,7.137301133275032
159158272,4.97468834221363
159258624,5.89045013487339
159358976,5.789656233750284
159459328,7.1899569782614705
159559680,7.967743052402511
159660032,8.337819672226907
159760384,8.272292888313531
159860736,1.4823223293200136
159961088,5.818572056591511
160061440,8.008370067179204
160161792,5.423903479799629
160262144,6.809190797293558
160362496,5.369633501321077
160462848,5.182898026481271
160563200,5.070604329258203
160663552,5.219775056242943
160763904,6.55697485268116
160864256,8.223457026034593
160964608,8.649357796236872
161064960,1.0560563128441571
161165312,4.814831728041172
161265664,8.138431579507888
161366016,6.200064900591969
161466368,6.25090082027018
161566720,6.457450916022062
161667072,6.168967380672694
161767424,4.913554234579205
161867776,6.119096467494964
161968128,6.797995420694352
162068480,7.446895226184279
162168832,8.564601269662381
162269184,1.0992055866401642
162369536,4.784816087633371
162469888,6.968060960061848
162570240,7.4519500210508705
162670592,6.416931726410985
162770944,6.967609086669982
162871296,6.216309109628201
162971648,5.833468458615243
163072000,6.0114702465385195
163172352,6.423219976127148
163272704,7.0124164825677875
163373056,8.026255583018065
163473408,6.487105048149824
163573760,2.957429317012429
163674112,6.174533767327667
163774464,8.507469951808453
163874816,5.688105809986592
163975168,6.852215825654566
164075520,5.49122584939003
164175872,5.611203365176916
164276224,4.798576149344444
164376576,5.554933433756232
164476928,6.437217819727957
164577280,7.287367928288877
164677632,8.544839386343956
164777984,1.8306704357266426
164878336,6.083162151649594
164978688,8.018736097216607
165079040,5.516698085069656
165179392,6.3616603115201
165279744,6.063007687702775
165380096,5.878770250231027
165480448,4.724918705224991
165580800,5.879566848576069
165681152,6.36764744579792
165781504,7.382348284125328
165881856,8.30104968259111
165982208,0.9939745598658919
166082560,4.812760129868984
166182912,8.574060556143522
166283264,8.001277655139566
166383616,6.085863930284977
166483968,6.481138082109392
166584320,5.711107835993171
166684672,5.341652108132839
166785024,4.9899052291363475
166885376,5.60975514896214
166985728,6.63733065456152
167086080,8.00546861886978
167186432,0.9220702021103352
167286784,3.4894267901591958
167387136,7.385066319033504
167487488,7.930324812829494
167587840,6.11334358394146
167688192,7.256923908293247
167788544,6.664797364026308
167888896,5.831449490301311
167989248,5.505179588496685
168089600,5.917122618630528
168189952,6.24084298953414
168290304,7.083391973227262
168390656,6.104483047351241
168491008,2.5248826793581247
168591360,6.285466415211558
168691712,9.162621991038323
168792064,7.200118531212211
168892416,6.891348344087601
168992768,6.445098470430821
169093120,5.67955362804234
169193472,6.407246575057506
169293824,5.317144830226898
169394176,6.26687133550644
169494528,6.347150805704295
169594880,7.756048271735199
169695232,1.9837209597229957
169795584,6.379137542508542
169895936,9.327597154527902
169996288,7.967182556539774
170096640,6.859244651719928
170196992,7.147246887907386
170297344,6.6604058587178585
170397696,6.363323986679315
170498048,6.288715935908258
170598400,7.536248782128095
170698752,8.5130600425601
170799104,8.49061297185719
170899456,0.8712677846103907
170999808,4.955925692021847
171100160,8.92701451420784
171200512,6.738425679057837
171300864,7.1094191378261895
171401216,6.464306417051703
171501568,6.247454466894269
171601920,5.929374699741602
171702272,6.072924988977611
171802624,7.204034353792667
171902976,7.4621004862338305
172003328,8.695980909615756
172103680,0.5947435686551035
172204032,4.265763944983482
172304384,7.8734979462623595
172404736,7.6937757788598535
172505088,6.1506892372667785
172605440,5.816878567002714
172705792,5.593112168014049
172806144,5.795651780441403
172906496,4.793378665968776
173006848,4.883328966572881
173107200,6.888950716108083
173207552,6.829002441689372
173307904,6.23844286205247
173408256,2.7482197254151104
173508608,6.464675664678216
173608960,9.241611730456352
173709312,7.0114014538377525
173809664,6.634580378979445
173910016,6.712140734493732
174010368,6.280802536662668
174110720,5.780117152705788
174211072,5.783449659533798
174311424,6.2094638621807094
174411776,7.37581580221653
174512128,8.20661751203239
174612480,1.9406896418333053
174712832,6.376933578625321
174813184,8.454512857738882
174913536,7.152079767663963
175013888,5.998253811150789
175114240,6.676445802748203
175214592,6.071778400912881
175314944,5.166805725842714
175415296,4.995985752791166
175515648,5.666177794337273
175616000,6.691003239750862
175716352,7.266686626151204
175816704,1.4553876999951898
175917056,4.738015353679657
176017408,9.266434410139919
176117760,10.374813990183174
176218112,7.438448137827217
176318464,7.088712025657296
176418816,6.872844498306513
176519168,6.903894203528762
176619520,6.368487410396337
176719872,5.09419665068388
176820224,5.422439766675234
176920576,5.901514868438244
177020928,1.0144063376821577
177121280,4.302647477388382
177221632,7.790243008136749
177321984,9.505515156686306
177422336,7.297215339541435
177522688,6.7340428916364905
177623040,6.347227148413658
177723392,5.973715147972107
177823744,5.364296910315752
177924096,6.195859996490181
178024448,6.260319724753499
178124800,5.712043224526569
178225152,4.054853933239356
178325504,3.120122793018818
178425856,5.564140260815621
178526208,9.607770291268826
178626560,9.68808780245483
178726912,7.278419768959284
178827264,7.3663995599746706
178927616,6.709683289825916
179027968,5.481716401576996
179128320,6.11264993486926
179228672,5.746247038021684
179329024,5.629090559892356
179429376,5.545852391887456
179529728,2.364909466430545
179630080,5.742855080664158
179730432,7.171425961162895
179830784,9.178146805763244
179931136,8.509026696477086
180031488,8.65663160931319
180131840,8.028684743139893
180232192,6.6105835564062
180332544,5.590522662047297
180432896,5.780564319454133
180533248,5.701706207245588
180633600,5.04795880800113
180733952,1.9217063770443201
180834304,5.340899008996785
180934656,6.002470391094684
181035008,6.164082172438502
181135360,7.92264820760116
181235712,9.178467649817467
181336064,8.92966847360134
181436416,8.296762368083
181536768,7.319358463287354
181637120,6.411613452322781
181737472,6.232134332470596
181837824,5.9450420885533095
181938176,1.1699995479732752
182038528,4.471108636222779
182138880,5.130263818949461
182239232,5.513095952849835
182339584,6.512506747171283
182439936,8.29822100713849
182540288,9.192151986956596
182640640,8.78731846511364
182740992,7.397752278149128
182841344,8.08002036884427
182941696,6.840878357365727
183042048,6.878023420423269
183142400,4.0744433240219955
183242752,3.9606954105198384
183343104,5.886422536224127
183443456,5.495740592591464
183543808,5.14024452354759
183644160,6.5170065397024155
183744512,7.493863682895899
183844864,9.071937173064798
183945216,9.552333312295378
184045568,8.174358563497663
184145920,7.170924481265247
184246272,5.838994610719383
184346624,6.258856180794537
184446976,3.0603344319202006
184547328,5.436784594766795
184647680,5.700362064950168
184748032,5.674828798528761
184848384,4.636669391170144
184948736,5.974605460911989
185049088,5.871405775081366
185149440,8.475780191794037
185249792,8.343217925429345
185350144,8.108886717855931
185450496,8.381882889820263
185550848,7.6092912612110375
185651200,1.464307987727225
185751552,5.2407975124567745
185851904,7.046441095843911
185952256,5.83460277300328
186052608,5.340231239497662
186152960,5.24182798743248
186253312,5.673785809986294
186353664,6.011108372211456
186454016,6.860378966517747
186554368,8.237849378660322
186654720,9.274317575246096
186755072,8.386540287062525
186855424,0.635791462175548
186955776,4.971583227515221
187056128,7.501048134043812
187156480,6.34835380166769
187256832,6.298490873426199
187357184,6.195644146203994
187457536,6.026412501186132
187557888,5.954482576400042
187658240,6.957201902270317
187758592,8.119660312631167
187858944,8.445403367578983
187959296,9.935851984918118
188059648,5.343082647407427
188160000,3.4083117934130134
188260352,7.065026530623436
188360704,7.639607853740454
188461056,5.563786728344858
188561408,5.940878094304353
188661760,5.671226104944944
188762112,4.801682164520026
188862464,5.175336832255125
188962816,5.317136635752394
189063168,6.826678555160761
189163520,8.002273491919041
189263872,8.559442037194968
189364224,2.0789564692229034
189464576,6.093526675850153
189564928,8.369620602354408
189665280,8.749289605021477
189765632,6.083043664693832
189865984,6.724613711237907
189966336,6.368749410882592
190066688,5.453319658190012
190167040,5.52373234435916
190267392,5.095379061698914
190367744,5.736036445805803
190468096,6.9764206781983376
190568448,1.4630101612210273
190668800,5.035694652274251
190769152,10.066210575699806
190869504,9.981556428596377
190969856,7.948177188970148
191070208,8.054894596338272
191170560,7.128622885160148
191270912,6.846032618638128
191371264,5.961633801013232
191471616,6.28435509800911
191571968,6.137950903177261
191672320,6.3790351500362155
191772672,1.0264709228277207
191873024,4.746151872873306
191973376,8.579705498628318
192073728,9.610054161436857
192174080,6.987591731511056
192274432,8.054274379089474
192374784,6.965916240513325
192475136,6.969295113347471
192575488,7.359471105411648
192675840,7.438877641558647
192776192,7.1561818934231995
192876544,8.874683752954006
192976896,4.3646498927427455
193077248,4.021854889690876
193177600,7.50483373478055
193277952,8.688857326507568
193378304,7.88836845241487
193478656,7.36917477145791
193579008,6.205005185417831
193679360,7.228092474862933
193779712,6.229654241278768
193880064,6.770329885929823
193980416,7.344600467383861
194080768,8.018700215518475
194181120,9.899443484321237
194281472,1.8580581796169282
194381824,6.8920110416412355
194482176,8.0633941796422
194582528,7.763222304582595
194682880,6.89407156702131
194783232,6.242402362525463
194883584,5.7866656827926635
194983936,5.540739611387253
195084288,5.228941948004067
195184640,5.146435426771641
195284992,5.805271624522284
195385344,7.50073822170496
195485696,1.76739993840456
195586048,5.3839129668474195
195686400,9.474969894252718
195786752,9.234911485016346
195887104,8.092065014019608
195987456,7.661368786692619
196087808,7.274044710174203
196188160,6.167903097085655
196288512,6.826343068704009
196388864,6.4611479778308425
196489216,7.452776067629457
196589568,7.4800141906738284
196689920,0.9007573793269694
196790272,4.717813693061471
196890624,9.1171278449893
196990976,10.478796168081463
197091328,8.194974550530315
197191680,7.4260984849929805
197292032,7.109774619191885
197392384,6.867951939031482
197492736,6.887456074021757
197593088,6.265077885184437
197693440,6.430270559936762
197793792,6.9889636518806215
197894144,3.4984969084523616
197994496,3.1502491971850395
198094848,7.202757185697555
198195200,10.033949757367372
198295552,9.820336458086967
198395904,8.173236343432217
198496256,6.645003290697932
198596608,5.674636504529044
198696960,6.109333741739392
198797312,5.962913040667773
198897664,5.620690788626671
198998016,6.888554306551814
199098368,6.020977567313239
199198720,2.192202731221914
199299072,5.364661860503256
199399424,9.697890125066042
199499776,10.442685025557875
199600128,7.8311794654279945
199700480,8.535654826462268
199800832,6.804266770351678
199901184,6.495936091095209
200001536,6.4032744466885925
200101888,6.121847923956811
200202240,6.770669593364
200302592,6.729187999814749
200402944,1.7778764674067498
200503296,5.051975071057678
200603648,8.526989837884903
200704000,10.0080642709136
200804352,8.77845573849976
200904704,8.719033238906412
201005056,8.564265368282795
201105408,5.965192389893345
201205760,6.462429432570934
201306112,6.969430409818887
201406464,6.066568176709115
201506816,5.792765457257628
201607168,1.7898630511760711
201707520,4.345046298503876
201807872,7.402996995449066
201908224,10.075152314156293
202008576,10.133813678473235
202108928,8.943042415902019
202209280,9.021975885778666
202309632,7.41019134759903
202409984,6.366744604352862
202510336,6.818854632973671
202610688,6.895953228920698
202711040,5.73062722183764
202811392,3.2706909058336167
202911744,3.5014057745039464
203012096,5.685660834396258
203112448,7.28462843477726
203212800,10.02245515808463
203313152,9.691006544977427
203413504,8.830320824235677
203513856,8.939331707339734
203614208,8.682359804995357
203714560,7.9564425433427095
203814912,6.259501846060157
203915264,6.234811788201332
204015616,6.194280326068402
204115968,3.075350826177746
204216320,5.403690423034131
204316672,6.865680371522903
204417024,8.033672761842608
204517376,8.519887715354562
204617728,9.670786438286305
204718080,8.654577643014491
204818432,8.479989237934351
204918784,8.498599822223186
205019136,7.019695150200278
205119488,7.140495240427554
205219840,7.598893978968262
205320192,2.0987345591187476
205420544,6.003632508814335
205520896,6.315772523581981
205621248,8.123474305877462
205721600,8.259472211226822
205821952,9.680696286261082
205922304,9.638284764392301
206022656,9.599422578811646
206123008,8.733239498138428
206223360,8.684513630643487
206323712,7.442208707146347
206424064,7.947049975395203
206524416,1.642366680651903
206624768,4.613996724113822
206725120,7.45487330198288
206825472,9.317888158312998
206925824,10.388974437406286
207026176,9.121156364679337
207126528,8.58741400167346
207226880,8.86918789446354
207327232,8.22742614865303
207427584,6.996212601065635
207527936,7.878675475940108
207628288,6.914637704789638
207728640,3.819827106744051
207828992,4.049358917661011
207929344,6.4785221917927265
208029696,9.457790952175856
208130048,10.032323921322822
208230400,8.603154771104455
208330752,8.93957652643323
208431104,9.402796622812748
208531456,6.913521184623241
208631808,6.685174280665815
208732160,6.157733505368233
208832512,6.479389676451683
208932864,6.413731892369688
209033216,3.1831229985505343
209133568,5.395193407535553
209233920,8.686206761449576
209334272,9.052119242977351
209434624,9.000066511258483
209534976,8.432821747800336
209635328,9.21853162014857
209735680,8.031890833079816
209836032,6.469337400794029
209936384,6.751367759257555
210036736,6.415558185428381
210137088,7.426578228324652
210237440,1.9989511728286744
210337792,5.566719025075436
210438144,8.014360396750272
210538496,10.1420112351235
210638848,8.568808376193047
210739200,9.60842833340168
210839552,9.261489321812988
210939904,8.909103252887725
211040256,7.4036047948431225
211140608,7.309398774057627
211240960,6.915121517851949
211341312,6.661798640191555
211441664,1.7777614387869836
211542016,4.819462870359421
211642368,6.242220536051318
211742720,8.790786817595363
211843072,9.107306236494333
211943424,8.633652750160545
212043776,8.854938212186099
212144128,9.12043770417571
212244480,8.431254001408815
212344832,7.218533782362938
212445184,7.474521446917206
212545536,7.264515826515853
212645888,2.9437266651540996
212746240,4.433318713307381
212846592,8.009365084767342
212946944,9.829219498634338
213047296,9.84801745969802
213147648,9.121264004036783
213248000,9.720179269760846
213348352,9.504053263664245
213448704,8.182321060448885
213549056,8.332706458307802
213649408,7.776193939000368
213749760,7.565859133154154
213850112,6.318611196912825
213950464,2.512578655183315
214050816,5.7403034706087785
214151168,10.143643981218338
214251520,9.209179397448898
214351872,8.379140293970703
214452224,9.285076604038476
214552576,8.809453064650297
214652928,7.858099249899388
214753280,7.953571044802666
214853632,7.627676726579666
214953984,7.799922504015267
215054336,8.457253526225687
215154688,1.59011721432209
215255040,5.461160762012005
215355392,9.962829288803041
215455744,10.05759241104126
215556096,8.934702242761851
215656448,9.36088480040431
215756800,7.969197814464569
215857152,7.25494609028101
215957504,6.975688793510199
216057856,8.983445575013757
216158208,8.650465074181557
216258560,8.535772618055343
216358912,0.7679344290401786
216459264,5.149064881503582
216559616,8.345313858240843
216659968,10.420562464073301
216760320,8.722445296533406
216860672,7.122524322867394
216961024,7.544049496650696
217061376,7.85898054331541
217161728,6.911785077825189
217262080,7.9170436591282485
217362432,9.168679597824813
217462784,9.186816623471678
217563136,4.334729769248515
217663488,3.911902201399207
217763840,8.07179780125618
217864192,9.266385273188353
217964544,8.227812159657478
218064896,7.565981640741229
218165248,7.226010910272598
218265600,7.5580898393690585
218365952,8.362428384423255
218466304,9.913846077471971
218566656,10.283825635313988
218667008,9.3398746535182
218767360,8.314740685392172
218867712,3.0314136828668414
218968064,7.397168407887221
219068416,8.71665681026876
219168768,8.511589502692223
219269120,7.997786543052643
219369472,10.028561612963676
219469824,8.979106389433145
219570176,9.55880089391023
219670528,9.260828771777451
219770880,9.698916301093995
219871232,9.625316683715209
219971584,8.601779708918183
220071936,2.204343013614416
220172288,6.765323985219002
220272640,7.892391310781241
220372992,7.928345189653337
220473344,8.059192707538605
220573696,9.385009682923556
220674048,8.729707314781844
220774400,9.27868272408843
220874752,9.763202214837074
220975104,10.174232293143868
221075456,8.81595374327153
221175808,8.351061981916427
221276160,1.6235157483816147
221376512,5.836108945161104
221476864,8.219093547388912
221577216,10.732758367657661
221677568,9.534282219707967
221777920,9.648231923803687
221878272,10.903143304660917
221978624,10.492257551178335
222078976,9.734462457373738
222179328,9.468216343522071
222279680,8.629470327869058
222380032,9.228438421860337
222480384,3.538863400425762
222580736,3.74571674361825
222681088,7.523327614609152
222781440,10.426253179386258
222881792,11.492679109871387
222982144,8.408352020382882
223082496,7.2396736899763345
223182848,6.982726492062211
223283200,8.134582308083772
223383552,9.132948571816087
223483904,10.16291703566909
223584256,9.842712892964482
223684608,7.38194294821471
223784960,2.0359268367290495
223885312,7.688259546533227
223985664,10.37969800978899
224086016,9.459891471639276
224186368,8.178648958802222
224286720,7.584580736011267
224387072,8.443209119439125
224487424,9.109590285122394
224587776,9.847509240992368
224688128,10.34216993123293
224788480,10.343062610924244
224888832,10.682946732193232
224989184,1.4823312929272652
225089536,6.830645334925503
225189888,8.480912311971188
225290240,8.330525581836701
225390592,7.28346067249775
225490944,9.633375686407089
225591296,10.196647906899452
225691648,9.613183207064868
225792000,10.207636054828763
225892352,9.876638080626726
225992704,9.316818568110467
226093056,9.465289645195007
226193408,1.7706089305877686
226293760,6.061700823307038
226394112,9.3281973758433
226494464,10.690907232165337
226594816,9.773259164392949
226695168,10.395977451205253
226795520,10.128971250504256
226895872,9.627432450931519
226996224,8.500917804315685
227096576,8.78138865917921
227196928,8.66117976695299
227297280,9.774701437056065
227397632,6.317039004899561
227497984,4.244813114404678
227598336,9.044123722538352
227698688,11.313946072943509
227799040,9.569134652614594
227899392,8.197713729143143
227999744,9.408897324614227
228100096,8.805961682349443
228200448,9.74049879848957
228300800,10.190395340025425
228401152,10.497520474493504
228501504,10.030673417970538
228601856,8.835393519420176
228702208,3.674920766055584
228802560,7.220744087696075
228902912,7.3182281495258215
229003264,8.462668804377317
229103616,8.302132994122804
229203968,10.51773041844368
229304320,10.108694426119328
229404672,10.005616116523743
229505024,10.317982113072649
229605376,10.08549403488636
229705728,10.039691999703646
229806080,8.981468380689622
229906432,2.649498986750841
230006784,7.078745767921209
230107136,9.458666628599167
230207488,10.473580653071403
230307840,10.00698595315218
230408192,10.100292556621135
230508544,10.837494220733642
230608896,10.847373565882444
230709248,9.633454822599887
230809600,9.628917789459228
230909952,9.894761749505996
231010304,9.884141176342965
231110656,1.2379289850965143
231211008,5.137446284666657
231311360,10.38687883734703
231411712,11.162837735414506
231512064,8.60396357268095
231612416,9.298398536592721
231712768,8.65622071698308
231813120,10.227104527056218
231913472,10.470644382238389
232013824,9.78097779482603
232114176,11.107714789062738
232214528,10.404733059927821
232314880,4.07047491973266
232415232,4.95625214099884
232515584,7.648132328279316
232615936,8.578782411813735
232716288,8.311976628005505
232816640,8.182256247643382
232916992,9.949134214352817
233017344,9.78546124972403
233117696,9.135981857180596
233218048,11.267989133298396
233318400,10.185046167820692
233418752,9.502199313929305
233519104,7.832068970305845
233619456,4.174810312241316
233719808,6.785258399304002
233820160,8.75413541443646
233920512,9.623116446733475
234020864,9.339408597946168
234121216,10.614980273991824
234221568,10.709640491306782
234321920,10.501767107620836
234422272,8.99505591519177
234522624,8.684851842224598
234622976,8.242190876603127
234723328,8.959562440812588
234823680,2.0924055985733867
234924032,5.942646442428231
235024384,11.416700118780136
235124736,12.324767143167556
235225088,9.97426268786192
235325440,9.673319725394249
235425792,8.234857020527125
235526144,9.155914666056633
235626496,9.324834298826755
235726848,10.430712885037064
235827200,10.730604893565179
235927552,11.044120426476002
236027904,2.3373080187570303
236128256,6.009741915166378
236228608,9.186299978364259
236328960,10.174685215651989
236429312,8.735138907432557
236529664,9.157791659832
236630016,9.898454459607601
236730368,11.087415823936462
236830720,9.432625666931271
236931072,10.85201591257006
237031424,10.212311486154794
237131776,10.466512728780508
237232128,4.4710627049952745
237332480,5.311551806926727
237432832,7.315831200331449
237533184,8.397173874005675
237633536,8.913530416190625
237733888,9.412768916040658
237834240,9.276166834160685
237934592,9.850930214077234
238034944,9.794694342315196
238135296,10.17835824817419
238235648,10.12816747603938
238336000,10.273658363223076
238436352,8.61899875132367
238536704,3.8294769653677943
238637056,7.464942882657051
238737408,11.859351433217526
238837760,11.788588951025158
238938112,9.817728014737368
239038464,9.81326452612877
239138816,9.364096808433533
239239168,8.965170200765133
239339520,10.936813873350621
239439872,9.979034585431219
239540224,10.524466540515423
239640576,10.882567246556283
239740928,2.219471606388688
239841280,7.731769256591797
239941632,8.196210131105035
240041984,9.421903274655342
240142336,8.76495045028627
240242688,12.064610502496361
240343040,8.900965272188186
240443392,9.08617373123765
240543744,10.70874744206667
240644096,11.193173146992923
240744448,10.261067195013165
240844800,11.262546185478568
240945152,1.324366847909987
241045504,5.439979101419449
241145856,10.721738327145577
241246208,11.797346198409796
241346560,10.81413202047348
241446912,9.134466906376183
241547264,9.351143805980682
241647616,10.567527932226659
241747968,9.972749860361219
241848320,10.278927859328688
241948672,10.096778987199068
242049024,11.339142832159997
242149376,4.535418745931238
242249728,5.254972293376922
242350080,8.980452349334955
242450432,10.077533460855484
242550784,8.421341238021851
242651136,8.898639744520187
242751488,11.54720065355301
242851840,9.859499386548997
242952192,10.82907084390521
243052544,9.681953592300415
243152896,9.982110545039177
243253248,10.20486406929791
243353600,7.683949148962274
243453952,4.333877354860306
243554304,7.5452290645241735
243654656,11.102850492522121
243755008,12.098620328977704
243855360,8.351526401042939
243955712,9.829779902249575
244056064,8.765578275024891
244156416,10.207620120346546
244256768,10.367344197630882
244357120,10.924513140474446
244457472,10.631787543669343
244557824,10.276572338044643
244658176,1.9996151906996966
244758528,7.63719285517931
244858880,8.779069964885712
244959232,10.179414839446544
245059584,9.660204071998596
245159936,11.286189009547234
245260288,10.260220247358085
245360640,10.244601436853408
245460992,9.89033643335104
245561344,10.351319125443696
245661696,9.956247013956308
245762048,8.840577919781207
245862400,1.4848743376508355
245962752,5.835440446063876
246063104,9.867451146841049
246163456,12.636147611439227
246263808,11.558296327665449
246364160,8.963215116485953
246464512,9.257306126207114
246564864,10.088850197196006
246665216,10.727903363285586
246765568,10.137595186680555
246865920,11.246612341403962
246966272,10.049669682830572
247066624,4.003241179529578
247166976,5.147151893787086
247267328,8.156830354630948
247367680,10.099300075173378
247468032,10.234126094728708
247568384,9.42129591614008
247668736,11.252417706251144
247769088,10.912609746456146
247869440,11.85539503648877
247969792,10.214222667738795
248070144,10.64622359275818
248170496,10.167228476852179
248270848,8.415461563561111
248371200,4.091963487267495
248471552,8.170700553655625
248571904,9.581715538799763
248672256,11.536168272495269
248772608,9.551619898192584
248872960,10.378698564171792
248973312,10.685520017966628
249073664,9.58815324857831
249174016,9.101733841150999
249274368,9.549127344489097
249374720,9.068262051455676
249475072,10.250393171310424
249575424,2.459652830809355
249675776,7.390350768715143
249776128,9.192012347504496
249876480,12.482233890891075
249976832,9.751694764196873
250077184,10.374292097687722
250177536,9.794539038389921
250277888,9.961887244582176
250378240,11.11045278787613
250478592,10.0664397354424
250578944,10.424693614523857
250679296,10.451096633849666
250779648,1.3865558961778879
250880000,6.157327127456665
250980352,9.42484529644251
251080704,12.236087193191052
251181056,9.747490368187428
251281408,9.910224801898003
251381760,11.427935947924853
251482112,11.129508239626885
251582464,9.999830354526638
251682816,9.952322572767734
251783168,10.690989013314248
251883520,10.31781598508358
251983872,4.371516990475357
252084224,5.1939616394042964
252184576,9.16348898999393
252284928,11.021784282550216
252385280,11.443404116928578
252485632,9.187128128502518
252585984,10.159018657058477
252686336,9.869384777545928
252786688,10.834079841822385
252887040,10.01009186834097
252987392,9.890361362993717
253087744,11.562250617742539
253188096,9.011200172668323
253288448,4.234088275432587
253388800,8.245500324293971
253489152,11.488381404280663
253589504,10.706010164022446
253689856,9.697283851020039
253790208,9.616596127320081
253890560,10.671718643754721
253990912,10.362747983932495
254091264,9.977099070996045
254191616,9.494070411920548
254291968,9.143726334571838
254392320,9.125836813598871
254492672,2.92678631901741
254593024,7.604437790960073
254693376,9.68094248265028
254793728,10.48919610977173
254894080,9.813002896904946
254994432,10.685753379464149
255094784,11.555970898270607
255195136,9.261682700030505
255295488,9.95018611252308
255395840,9.437972056269645
255496192,9.840230879187583
255596544,10.409312105178833
255696896,1.4910921959765255
255797248,6.441483985185624
255897600,8.661979761272669
255997952,10.471221483051776
256098304,11.018641012609004
256198656,10.16201702989638
256299008,10.050570829808713
256399360,10.537168329022824
256499712,9.600057155564427
256600064,8.8085144171305
256700416,9.53782211869955
256800768,11.338504272401332
256901120,5.215996456705033
257001472,5.33419941700995
257101824,8.120018251873553
257202176,9.896223831772804
257302528,10.64797648191452
257402880,10.849350933730602
257503232,11.754564487040042
257603584,12.310582025051117
257703936,10.934458221048116
257804288,10.669885968565941
257904640,11.108689077496528
258004992,10.909520584866405
258105344,8.886918262019753
258205696,4.456104657053947
258306048,8.817354798913001
258406400,9.900570301413536
258506752,10.580874118357897
258607104,10.13012271374464
258707456,12.101873867511749
258807808,10.848728390485048
258908160,12.198255789875985
259008512,11.4690925770998
259108864,9.088109237849713
259209216,11.025225341171026
259309568,11.3152143105492
259409920,2.614194243103266
259510272,7.31344741165638
259610624,10.892599653303623
259710976,11.11793292582035
259811328,10.866843997314572
259911680,11.068923847675324
260012032,9.236861520707608
260112384,11.868605291247368
260212736,11.763228695988655
260313088,10.723218752741813
260413440,10.440767985731362
260513792,10.441793403439224
260614144,1.8133049046993255
260714496,6.066086076498031
260814848,9.700855968296528
260915200,10.939825593829156
261015552,11.186492473334074
261115904,9.24314140163362
261216256,11.000752578452229
261316608,10.275189371807501
261416960,10.745966565981508
261517312,10.703949241638183
261617664,10.548594155907631
261718016,9.51869440704584
261818368,4.727838401608169
261918720,5.457762877941132
262019072,8.777688490152359
262119424,11.60385257318616
262219776,10.633264733850956
262320128,10.906464406549931
262420480,10.477474218606948
262520832,11.659636235535144
262621184,10.954331312179566
262721536,10.679582987129688
262821888,11.119102037996054
262922240,11.429147574305535
263022592,9.12151590982452
263122944,4.36923017391935
263223296,7.564596671164036
263323648,10.237332406640054
263424000,9.851724016964436
263524352,10.83094074189663
263624704,11.477121783271432
263725056,12.689701699614524
263825408,11.587362200021744
263925760,10.11694878667593
264026112,11.91725863814354
264126464,10.93016374617815
264226816,11.696602113321424
264327168,3.5191818189620974
264427520,7.356129742488265
264527872,8.688258163928985
264628224,9.89028890889138
264728576,8.774347368627787
264828928,11.11385309740901
264929280,11.737387106940151
265029632,10.642186959534884
265129984,12.00086206175387
265230336,10.66427511356771
265330688,11.75917404409498
265431040,10.784041401147842
265531392,1.50074486579746
265631744,6.509364506006241
265732096,10.00329169601202
265832448,11.392715570330619
265932800,11.75877849712968
266033152,10.831813054978847
266133504,11.473659832328558
266233856,10.673908763080835
266334208,11.823761032819748
266434560,11.414254547953606
266534912,11.423830411955715
266635264,10.772822018265725
266735616,2.61686240516603
266835968,5.1818750745616855
266936320,9.422078351974488
267036672,11.159244410544634
267137024,11.796025984883308
267237376,8.83778797371313
267337728,9.537731714844703
267438080,10.293889271318912
267538432,11.052173376083374
267638784,13.023067856356501
267739136,12.057819489315152
267839488,11.468278472200035
267939840,10.594097729884089
268040192,4.379654663801193
268140544,7.503042187169195
268240896,10.844397094249725
268341248,11.770290228128433
268441600,9.335976647445932
268541952,11.032575305905192
268642304,10.60859896183014
268742656,11.981860017478466
268843008,11.27808241866529
268943360,13.947845796439797
269043712,12.409693897143006
269144064,13.428423653170466
269244416,2.8571788370609283
269344768,7.54009415268898
269445120,9.83619469936937
269545472,12.515950813665986
269645824,9.787410908043384
269746176,11.79543021700345
269846528,11.055134088695048
269946880,10.821986282467842
270047232,13.195708290785552
270147584,11.914481413289904
270247936,12.196006466150283
270348288,12.18733373105526
270448640,1.775528492629528
270548992,6.827893121168017
270649344,7.728195744501427
270749696,11.18858749896288
270850048,11.738165049031377
270950400,11.466366723291577
271050752,12.286505021564663
271151104,13.06277838781476
271251456,12.595140882730483
271351808,11.123477728366852
271452160,12.780428338646889
271552512,10.754327517151832
271652864,3.6379373984970154
271753216,5.862502598762513
271853568,9.237078982405365
271953920,10.457621088325977
272054272,11.591979614496232
272154624,9.99590279996395
272254976,10.932618678510188
272355328,11.615270933061838
272455680,11.112177587226034
272556032,10.848970604091882
272656384,12.10322509109974
272756736,11.459605673104525
272857088,9.55252429779619
272957440,4.514371551647782
273057792,8.737507929801941
273158144,11.974978445470333
273258496,12.509657894670964
273358848,10.551952180564404
273459200,11.720090205669402
273559552,12.171040471792221
273659904,11.16100462526083
273760256,11.95820871066302
273860608,11.324193639159203
273960960,11.398331325799226
274061312,11.354669844508171
274161664,3.162962739765644
274262016,7.627042832970619
274362368,10.058977984935046
274462720,15.490409536510706
274563072,10.387327904999257
274663424,10.69239483177662
274763776,13.144146692752837
274864128,12.031341487467289
274964480,10.874101864546537
275064832,10.607062856405973
275165184,12.888381260931492
275265536,12.290896893888712
275365888,1.6913178054988385
275466240,5.717417551800609
275566592,9.915867351293564
275666944,11.748806920945645
275767296,13.648321907222272
275867648,11.422251828312874
275968000,12.179111229777336
276068352,12.199616943597794
276168704,11.44384784936905
276269056,13.154514497518539
276369408,11.76761928498745
276469760,13.20271680355072
276570112,3.0117180253192783
276670464,5.5521416106820105
276770816,8.219247595868074
276871168,10.895185746848583
276971520,10.97406965136528
277071872,11.147092376053333
277172224,12.007847769223154
277272576,13.301614946722985
277372928,12.954453707933427
277473280,11.940436204159631
277573632,11.845544161200523
277673984,11.81306128486991
277774336,8.635096568204462
277874688,4.581415690779686
277975040,8.591689635212534
278075392,9.238192627429962
278175744,11.551704867333173
278276096,11.173575690165162
278376448,10.962447782121599
278476800,13.773615021444858
278577152,12.224003186225891
278677504,11.597950763106347
278777856,11.755855767130852
278878208,11.873589660599828
278978560,11.132195180235431
279078912,3.6723842185735704
279179264,7.935441907048226
279279616,7.157310559898615
279379968,10.574837580919265
279480320,11.086055168919266
279580672,12.432742611058057
279681024,12.625177936553955
279781376,13.430806459262968
279881728,13.166205037236214
279982080,12.288548594415188
280082432,13.244226696491241
280182784,13.037381132543088
280283136,1.6600385862216354
280383488,7.0363158297538755
280483840,8.141262044981122
280584192,11.34331833988428
280684544,11.763131629228592
280784896,11.250637805461883
280885248,11.480321729034186
280985600,12.456468891501427
281085952,10.682667079269885
281186304,9.905255030393601
281286656,11.846172347813845
281387008,10.951724693849682
281487360,2.3673077216371894
281587712,5.9278595134615895
281688064,8.433690430223942
281788416,11.319202987253666
281888768,11.5955224275589
281989120,10.676046040058136
282089472,11.497374529391527
282189824,10.736418563872576
282290176,10.320898999273776
282390528,12.011714054197073
282490880,12.122712212093175
282591232,12.858264872431755
282691584,8.354019952174276
282791936,4.806107607483864
282892288,8.12732394400984
282992640,10.583282296061515
283092992,11.592008673623205
283193344,11.167976812124252
283293696,10.996316768229008
283394048,11.586455226242542
283494400,12.999915210008622
283594752,12.581200102120638
283695104,13.76985414147377
283795456,13.140099817365408
283895808,12.135656559467316
283996160,3.5288343334198
284096512,7.947584843784571
284196864,10.561162328794598
284297216,12.468033960461616
284397568,10.054559444785118
284497920,11.790381892919541
284598272,12.159237499982119
284698624,13.4663275472261
284798976,12.807495149970055
284899328,13.109374544918538
284999680,13.420047164559364
285100032,12.844633464813233
285200384,1.9670397144183516
285300736,7.061153529882431
285401088,10.40209588162601
285501440,11.807745007276536
285601792,12.059402906894684
285702144,10.72911544814706
285802496,11.698620190620423
285902848,12.227391676940023
286003200,12.756001794338227
286103552,12.284673714525997
286203904,13.557836627811193
286304256,11.484472413733602
286404608,2.430524070383981
286504960,5.371460978090763
286605312,9.762758646011353
286705664,12.092164207398891
286806016,12.387722382545471
286906368,12.752176184654235
287006720,12.222337773740291
287107072,13.360257837474347
287207424,12.949671305418015
287307776,12.969737591147423
287408128,12.483563648462296
287508480,14.166556425988674
287608832,9.252933266889304
287709184,4.470020968317986
287809536,8.291006272435189
287909888,11.333993464112282
288010240,14.087248871922492
288110592,11.555304524749518
288210944,12.8254873688519
288311296,10.969093535244465
288411648,12.064512318186463
288512000,12.2380595561862
288612352,12.235974005609751
288712704,12.583065766990185
288813056,11.27996313933283
288913408,2.79619186880067
289013760,7.20441939175129
289114112,9.824686767458916
289214464,13.230191189646721
289314816,14.011828901171684
289415168,11.95716014418751
289515520,12.060674689412117
289615872,10.008496178388596
289716224,13.261362116411329
289816576,12.814719524006358
289916928,12.556696471199393
290017280,11.884635449741035
290117632,1.659253047890961
290217984,7.92603528290987
290318336,8.139093487039208
290418688,12.585915582180023
290519040,12.319229913949966
290619392,13.252657030820847
290719744,13.223535025268793
290820096,13.831152995824814
290920448,13.672002053111791
291020800,13.171920220553876
291121152,12.885323819518089
291221504,11.673873898014426
291321856,3.4895731008239093
291422208,5.700688717961311
291522560,8.566839200258254
291622912,11.203973685503007
291723264,12.928552980720998
291823616,12.949791328161956
291923968,12.854374113380908
292024320,14.353353286385536
292124672,12.194471720531583
292225024,15.235789573192596
292325376,11.417135921418668
292425728,12.993235580325127
292526080,6.475900325737894
292626432,4.821711629629135
292726784,8.662297877073287
292827136,11.804974892437459
292927488,11.867854565307498
293027840,11.001450809836388
293128192,10.520038705170155
293228544,11.475907158255577
293328896,12.299394311569632
293429248,11.802719774097204
293529600,13.755754566788674
293629952,15.2469215208292
293730304,12.870987017340958
293830656,3.059542081952095
293931008,7.828932215645909
294031360,10.547411061525345
294131712,13.523805089145899
294232064,13.794080268740654
294332416,10.453469375967979
294432768,13.392854546606541
294533120,13.319063349366187
294633472,12.150492422878742
294733824,11.700126888751983
294834176,12.454584402516485
294934528,10.702751585245132
295034880,1.6537068897485734
295135232,7.692776286602021
295235584,9.490911017586477
295335936,12.030024323761463
295436288,10.972839034497738
295536640,11.061603706404567
295636992,14.063245839849115
295737344,13.928355736732483
295837696,16.04988336056471
295938048,12.988221772164106
296038400,10.842212229967117
296138752,11.638916917443275
296239104,3.486432672217488
296339456,6.255290019512176
296439808,7.235624624639749
296540160,11.558026788234711
296640512,11.416839875131846
296740864,11.367262663543224
296841216,13.311325399577617
296941568,12.160363384634257
297041920,14.099677828028797
297142272,11.190017270054668
297242624,11.480042953789233
297342976,12.755155974552036
297443328,6.055982938027009
297543680,5.1919115138053895
297644032,8.173774703741074
297744384,11.240171761512757
297844736,12.69777617484331
297945088,10.793593594580889
298045440,12.565643874406815
298145792,12.662272904515266
298246144,12.868740458488464
298346496,13.512149393558502
298446848,12.915902244895697
298547200,11.796823766380548
298647552,12.367272086292505
298747904,3.079867707490921
298848256,8.007463958859443
298948608,10.624312567710877
299048960,11.258013721704483
299149312,10.751206681728362
299249664,10.668419481664897
299350016,11.750972066521644
299450368,10.968988209292293
299550720,12.542882896065713
299651072,13.836744620800019
299751424,14.476053058505059
299851776,12.224697160124778
299952128,1.933971703350544
300052480,6.249072158783674
300152832,10.193756558001041
300253184,12.42675030618906
300353536,13.302979878783226
300453888,13.41925087749958
300554240,11.652149792909622
300654592,13.73020871207118
300754944,13.823693442940712
300855296,15.089449791014195
300955648,13.115378226055764
301056000,14.260201028734446
301156352,2.3137393077928574
301256704,5.624354273378849
301357056,9.068321191817523
301457408,11.274550132155419
301557760,12.70777113288641
301658112,11.966451561897992
301758464,13.589225266724824
301858816,11.977472235485912
301959168,13.690230700969696
302059520,13.693770700022577
302159872,14.283455846067518
302260224,14.295325935781001
302360576,6.427385852113366
302460928,4.797702262848616
302561280,8.902143123745919
302661632,11.943734058439732
302761984,12.81331975787878
302862336,12.933864005506038
302962688,13.526190700531005
303063040,12.125251953601838
303163392,13.85579370573163
303263744,12.840578035209328
303364096,13.197719574272632
303464448,13.009793872386217
303564800,11.808331037946045
303665152,2.6871821439266204
303765504,8.415998880267143
303865856,11.96598978985101
303966208,12.409061627089978
304066560,11.30737108528614
304166912,11.342801471352578
304267264,13.713605298940092
304367616,13.115090337395667
304467968,15.067126024961471
304568320,12.76652975410223
304668672,11.56629297439009
304769024,12.126163511425256
304869376,2.2685310834646226
304969728,6.998388719558716
305070080,10.67802010267973
305170432,13.526582980453968
305270784,12.784963516891002
305371136,12.243075204491616
305471488,13.396463246569038
305571840,13.895345966219901
305672192,13.547333059757948
305772544,14.353716421425343
305872896,13.379571754783392
305973248,15.044697788953782
306073600,1.4597130339592694
306173952,5.434783978164196
306274304,9.708773927688599
306374656,12.008070602491498
306475008,12.555293299257755
306575360,13.785082964897155
306675712,13.290135588645935
306776064,13.573071564435958
306876416,13.67171060871333
306976768,15.069372668638826
307077120,13.194210507832468
307177472,14.11178501315415
307277824,3.8948503326624633
307378176,4.332664988785982
307478528,8.51896866708994
307578880,12.95852934449911
307679232,14.478302847016602
307779584,11.520342192649842
307879936,13.23078340291977
307980288,14.03848987698555
308080640,13.379158758670092
308180992,12.244835672676563
308281344,13.655071754753589
308381696,11.963135933279991
308482048,13.005684501808137
308582400,2.7461414750665427
308682752,7.842048204094172
308783104,11.785138891935349
308883456,15.372783750295639
308983808,11.965862061977386
309084160,13.194091498851776
309184512,13.940046015754342
309284864,15.842514499127866
309385216,14.632348137497901
309485568,14.500778476335109
309585920,13.463067330643534
309686272,12.622754681557417
309786624,1.6948922169208527
309886976,6.411708288192749
309987328,9.353033069223166
310087680,14.533493990898132
310188032,12.806182042360305
310288384,12.11471544086933
310388736,14.008512497544288
310489088,12.7205488422513
310589440,13.461271984577179
310689792,11.917223439216613
310790144,12.941334189027549
310890496,12.71306902565062
310990848,1.2924927491694689
311091200,4.9840735522285105
311191552,9.569410942792892
311291904,12.788808569163084
311392256,15.482245764285326
311492608,13.283819265961647
311592960,13.57851206600666
311693312,15.006500372886658
311793664,14.642278231531382
311894016,13.617039520144463
311994368,14.559843193292618
312094720,12.787691099047661
312195072,5.002224657535553
312295424,4.9044913436472415
312395776,7.642015093788505
312496128,12.693494774103165
312596480,13.06180936485529
312696832,14.040221419930457
312797184,13.857999026179314
312897536,13.690293230637907
312997888,16.22877916395664
313098240,14.899358773827553
313198592,14.2048384603858
313298944,14.56395464202389
313399296,13.247038883492351
313499648,2.751025530658662
313600000,7.537864992320538
313700352,9.945589337944984
313800704,13.566240822970867
313901056,12.58303481400013
314001408,14.721480505764484
314101760,15.907774269580841
314202112,14.475300968289375
314302464,15.823824806511402
314402816,13.388206515312195
314503168,14.127509370446205
314603520,13.081767394468189
314703872,2.005202880501747
314804224,7.477398826479912
314904576,10.17598729133606
315004928,14.221437323093415
315105280,13.537613958716392
315205632,11.916312860846519
315305984,14.070066213309765
315406336,13.143983560502528
315506688,12.88549688577652
315607040,15.75708276540041
315707392,14.500474094450475
315807744,14.987940661907196
315908096,1.60703897356987
316008448,4.94677506506443
316108800,8.79180206656456
316209152,13.386448086500168
316309504,15.847731818258762
316409856,13.702072304487228
316510208,14.555993156433106
316610560,15.049076247513295
316710912,16.48341954626143
316811264,15.453807257711887
316911616,14.417541443109512
317011968,13.561759823001921
317112320,6.227539124339819
317212672,4.68730184905231
317313024,7.705173797607422
317413376,13.559353574663401
317513728,15.92392854332924
317614080,13.789370363950729
317714432,12.453154320959001
317814784,12.520780147314072
317915136,14.545855648070575
318015488,14.829313011169434
318115840,14.178965775370598
318216192,13.586716594845056
318316544,11.510552463531495
318416896,2.941700153835118
318517248,7.501464285850525
318617600,9.920141797903925
318717952,15.150555105209351
318818304,13.502389242202044
318918656,13.447648064643145
319019008,16.733635810539127
319119360,14.835187281668187
319219712,14.559941820800304
319320064,13.625971279144288
319420416,13.336955839395523
319520768,13.435117315649986
319621120,1.9015912038087845
319721472,7.327728284299374
319821824,9.050902144610882
319922176,13.662755644619464
320022528,12.625014491081238
320122880,10.349368381500245
320223232,12.757258766293525
320323584,13.648676500022411
320423936,17.66714262612164
320524288,14.17845421552658
320624640,14.502055574208498
320724992,13.883203364610672
320825344,2.1712353675439955
320925696,5.381542855575681
321026048,9.356347130835056
321126400,11.485387607142329
321226752,14.222695616856218
321327104,10.484766003489494
321427456,12.736912885010243
321527808,12.618210691548883
321628160,15.739985212087632
321728512,14.821993304491043
321828864,13.875960056185722
321929216,15.06170438349247
322029568,4.44899881772697
322129920,3.726346491687
322230272,9.879385344386101
322330624,12.964603599756956
322430976,15.423948140740395
322531328,12.380082934293895
322631680,13.50803626537323
322732032,14.333286071419716
322832384,15.574960336983203
322932736,17.20183673925698
323033088,16.60122354745865
323133440,14.195764087736606
323233792,10.100587962716817
323334144,3.0930863860435784
323434496,8.126494478583336
323534848,12.501144762933254
323635200,14.009229135215282
323735552,11.708472625911236
323835904,12.511841252967715
323936256,13.97058815896511
324036608,14.294305094853044
324136960,14.949715997688472
324237312,14.55732424005866
324337664,13.986622811257838
324438016,12.98929891243577
324538368,2.0387004335224628
324638720,7.138408411741256
324739072,10.569062868058682
324839424,15.229307391643523
324939776,14.640339943766595
325040128,13.370162018239498
325140480,14.975075904354453
325240832,12.922645824551582
325341184,15.276100407242774
325441536,16.020043514072896
325541888,17.02016362130642
325642240,17.163513877391814
325742592,1.920413423627615
325842944,5.66664177775383
325943296,9.662720556110143
326043648,11.746223994344472
326144000,16.060714469775558
326244352,13.131408092081546
326344704,13.877958412766457
326445056,14.71165553431958
326545408,13.384417496323586
326645760,12.742966220751406
326746112,13.527778415679931
326846464,14.79574532430619
326946816,3.6808170383796095
327047168,4.212854911386967
327147520,9.945709981918334
327247872,12.506967057436704
327348224,16.633756453990937
327448576,13.140917423814535
327548928,13.773318077623845
327649280,12.528184990882874
327749632,12.099775993525983
327849984,13.435706968903542
327950336,15.487827199995518
328050688,13.00901550039649
328151040,10.654733833447098
328251392,3.7157882004603744
328351744,8.262830708026886
328452096,10.345501909554004
328552448,15.379905148744584
328652800,12.676300259679556
328753152,13.062128205001354
328853504,13.105965818464757
328953856,13.54574871763587
329054208,14.558403833210468
329154560,13.89349138021469
329254912,13.311681585386395
329355264,12.432774524670094
329455616,2.200283341202885
329555968,8.046581376791
329656320,10.757942460775375
329756672,15.661208624839782
329857024,14.78735889852047
329957376,14.417735982835293
330057728,13.652276973724366
330158080,15.577792264819145
330258432,15.459493100307881
330358784,15.507555691916496
330459136,13.297326949387788
330559488,13.584426215533167
330659840,1.5437838827073573
330760192,4.687410749122501
330860544,9.288294320739805
330960896,13.769788169786334
331061248,16.858921465873717
331161600,12.309031033962965
331261952,13.905086228251458
331362304,13.86865073531866
331462656,13.863454467356204
331563008,13.922221490591765
331663360,13.984558643549681
331763712,12.198566437959672
331864064,2.6386273480951785
331964416,4.163605420440436
332064768,8.915274236947297
332165120,11.765677430778743
332265472,15.499440328329802
332365824,13.93859694391489
332466176,13.794525292217731
332566528,14.132053707242012
332666880,13.058671238720416
332767232,15.151695701777935
332867584,15.32713502138853
332967936,15.136573989391326
333068288,10.242528343554586
333168640,3.3116675209626556
333268992,8.79067457281053
333369344,12.75329676285386
333469696,15.498554229587317
333570048,13.899333178550005
333670400,13.617326675653457
333770752,13.507297960221768
333871104,12.913017585873604
333971456,15.713340053260326
334071808,15.983402720540761
334172160,16.988300279974936
334272512,14.552118894010782
334372864,2.0506285229325294
334473216,6.547490621060133
334573568,10.160238896925001
334673920,14.619173703193665
334774272,15.151744857430458
334874624,11.590461074113845
334974976,12.975538041591644
335075328,14.323396891355515
335175680,15.09090724170208
335276032,14.091459928303957
335376384,11.635774517208338
335476736,11.658054259568452
335577088,1.5288979336619377
335677440,5.092994539439678
335777792,9.536544176340103
335878144,13.435569249987601
335978496,16.276926205158233
336078848,13.46246978521347
336179200,14.396425505280495
336279552,12.65218570762314
336379904,14.151903060376645
336480256,14.792776729464531
336580608,13.427056520283223
336680960,14.202885191738606
336781312,1.5689779662154615
336881664,4.957444763183593
336982016,8.854933181777596
337082368,13.616011318713426
337182720,16.915673050880432
337283072,13.106351772397757
337383424,13.60776688337326
337483776,13.76195443689823
337584128,15.964901036061347
337684480,15.214162686988711
337784832,15.316318502426148
337885184,14.73563797004521
337985536,7.833724886253476
338085888,4.02280556127429
338186240,8.607136910557747
338286592,11.850552064105868
338386944,12.852202768102288
338487296,13.285187344551087
338587648,13.961524319052696
338688000,13.538037451207638
338788352,12.825693594068289
338888704,13.882901164889336
338989056,13.84487042028457
339089408,13.61490603223443
339189760,11.97005916789174
339290112,2.3054157546162606
339390464,6.607525797188282
339490816,10.54926148056984
339591168,13.3636568698287
339691520,15.018215719014407
339791872,12.829617142677307
339892224,13.527711969614028
339992576,15.353293684720994
340092928,13.578745307251811
340193280,14.137003301642835
340293632,14.349800321459771
340393984,15.057229208350181
340494336,1.5304387045651675
340594688,5.27548606172204
340695040,10.051265189945697
340795392,13.6009921002388
340895744,15.442169620841742
340996096,13.707024914473296
341096448,13.286765369772912
341196800,13.07324438109994
341297152,14.100512696653604
341397504,14.193502118662
341497856,15.012992821931839
341598208,15.736887548565864
341698560,1.4096624232083559
341798912,4.073442615121603
341899264,9.009896061420442
341999616,13.348270782828331
342099968,17.614833476543428
342200320,16.086364312209188
342300672,14.390259602963924
342401024,14.997012176513671
342501376,15.28330635368824
342601728,16.112462412714958
342702080,15.157097311727703
342802432,13.306293035447597
342902784,8.483870766162873
343003136,4.157862981669605
343103488,7.111898455917835
343203840,12.9980222094059
343304192,14.17510641336441
343404544,13.852064387500286
343504896,14.839492941200733
343605248,14.789319090247155
343705600,15.676321809738875
343805952,14.378935032486915
343906304,13.130314982831479
344006656,13.831853622859343
344107008,12.784386835247279
344207360,2.597103488892317
344307712,6.842934279739857
344408064,12.05110739171505
344508416,14.538847931176424
344608768,12.327989149093629
344709120,13.842181141972542
344809472,14.470330913066864
344909824,13.971291754618287
345010176,14.044456676244735
345110528,14.99742754533887
345210880,13.269041249752044
345311232,15.05041433274746
345411584,1.7649458248913288
345511936,4.994155160784722
345612288,9.088475772440434
345712640,14.094596553370357
345812992,16.339837197065354
345913344,13.358732639960945
346013696,14.020023579001426
346114048,15.44561668317765
346214400,14.305311524271964
346314752,14.240868577361107
346415104,16.075089401118458
346515456,14.153676701188088
346615808,4.122241643406451
346716160,4.853495781794191
346816512,8.688482965528966
346916864,13.208668070212006
347017216,16.647450122237206
347117568,14.571093340218066
347217920,12.904710555821657
347318272,13.56771232098341
347418624,14.701196492910386
347518976,13.45690547645092
347619328,14.215740451216698
347719680,13.04604516685009
347820032,7.700230583269149
347920384,3.9530170192569494
348020736,7.061558152884245
348121088,12.178505585789681
348221440,13.980924331843854
348321792,14.835136570036411
348422144,12.38109985768795
348522496,12.627712960243224
348622848,13.924164045453072
348723200,12.624245971143246
348823552,14.567972349021584
348923904,14.819757731854915
349024256,12.884565140902996
349124608,2.2305958057940005
349224960,6.068203522637487
349325312,8.753191017508506
349425664,14.716802561357618
349526016,15.602432764060795
349626368,14.247057440970092
349726720,13.394242349863053
349827072,13.541261142492294
349927424,13.152750270217657
350027776,14.355338533073663
350128128,15.499434919655323
350228480,16.401163115277885
350328832,1.5889546041190625
350429184,4.901221965178848
350529536,8.700087618529796
350629888,12.774654953666031
350730240,15.842232748940587
350830592,15.395743299126625
350930944,14.544863750338555
351031296,14.112905749082564
351131648,14.067400770932435
351232000,13.102646081103012
351332352,14.025689299404622
351432704,12.516974699571728
351533056,1.4349448640365154
351633408,4.162624238729477
351733760,9.206515755057335
351834112,12.762214430570602
351934464,13.646708189919591
352034816,14.163806735947729
352135168,13.026659297719597
352235520,12.897238076925278
352335872,12.194520024061204
352436224,13.232330745607614
352536576,14.281489957496524
352636928,14.831763474941253
352737280,6.646106179626659
352837632,3.8359214094281198
352937984,8.51666617097333
353038336,9.834489792883396
353138688,15.608351543545723
353239040,17.469606296420096
353339392,16.207503931671383
353439744,14.61376373410225
353540096,14.043934843242168
353640448,13.795343536734581
353740800,15.202863038778306
353841152,14.565537467598915
353941504,12.590127350832336
354041856,3.2665878223627804
354142208,5.5572816484421494
354242560,8.981589844077826
354342912,15.122271779626608
354443264,17.99388458788395
354543616,15.423772999793291
354643968,13.895166457239538
354744320,12.919201524555683
354844672,14.977201412916184
354945024,13.302255273610353
355045376,15.043353696092963
355145728,14.05474923465401
355246080,1.592842914853245
355346432,5.562925741225481
355446784,9.893431572318077
355547136,14.114379386305808
355647488,16.582096201330423
355747840,14.962145904004574
355848192,12.198386852741242
355948544,12.418075188323856
356048896,13.962711723744869
356149248,14.566177339330316
356249600,13.661285299956798
356349952,15.57533280402422
356450304,2.30241869289428
356550656,5.434047253876924
356651008,9.80781577706337
356751360,11.832915184497834
356851712,16.739784248769283
356952064,16.106314610540867
357052416,13.38820880446583
357152768,11.5121872420609
357253120,12.973241639137267
357353472,13.231119562387466
357453824,12.832968828044832
357554176,14.551004382297396
357654528,5.672482311557978
357754880,4.197177522480488
357855232,8.22693593159318
357955584,10.904424008913338
358055936,14.729110532868653
358156288,14.869116058163344
358256640,13.478655965924263
358356992,12.706098928153516
358457344,13.728124447017908
358557696,15.323134917914867
358658048,14.380221651792526
358758400,15.118002402782441
358858752,11.008286146335303
358959104,2.7984032744169234
359059456,6.430543019473553
359159808,10.043414504230022
359260160,13.280079022347927
359360512,15.459803873635828
359460864,15.45632550597191
359561216,14.224124137461185
359661568,12.851561983823776
359761920,12.362149724662304
359862272,12.586061236858368
359962624,15.059686814248561
360062976,15.511044737696647
360163328,1.6105701138824224
360263680,6.724199356138707
360364032,8.704708059187979
360464384,12.746454942822457
360564736,15.228557714670897
360665088,15.65214371316135
360765440,14.364942879080772
360865792,14.270628477111458
360966144,14.75280419483781
361066496,15.49981838837266
361166848,16.911945867687464
361267200,14.526586525216699
361367552,2.1984276968054473
361467904,4.656263046115637
361568256,8.15040875673294
361668608,11.503277516700328
361768960,14.874623141586781
361869312,17.15830696105957
361969664,13.302163409134373
362070016,14.089772957265376
362170368,13.516378122866154
362270720,14.550448703169822
362371072,16.512593717779964
362471424,15.717948476150632
362571776,7.135186609160155
362672128,3.8969875919818877
362772480,8.810904585123062
362872832,12.577015675529838
362973184,13.56245027899742
363073536,15.17474224448204
363173888,14.488139836192131
363274240,12.56039047807455
363374592,12.021487385686488
363474944,13.40551268234849
363575296,15.844384340047837
363675648,14.65112263597548
363776000,12.784583547431975
363876352,3.482884092628956
363976704,6.771961328238249
364077056,10.107615224719048
364177408,14.509767357110977
364277760,18.23633079767227
364378112,17.15553120017052
364478464,15.638783145863563
364578816,14.327869384884835
364679168,12.129492833390833
364779520,11.048712832741439
364879872,13.974850665330887
364980224,15.052144196033478
365080576,2.290861697793007
365180928,5.322118930071593
365281280,9.807174082417042
365381632,12.583263998776674
365481984,17.439935137405993
365582336,17.929326126873494
365682688,13.01612666875124
365783040,13.067156356275081
365883392,13.134478201940656
365983744,13.092844487801194
366084096,14.130803944766521
366184448,14.53180568754673
366284800,2.8294664453715086
366385152,5.66985251441598
366485504,8.863346994519233
366585856,10.895503738075496
366686208,16.192968063354492
366786560,17.122453952729703
366886912,13.000263466238975
366987264,14.29868931055069
367087616,15.136428895294666
367187968,15.093451057374477
367288320,14.675447551608086
367388672,15.426798732727766
367489024,6.622274506464601
367589376,4.419914147928357
367689728,7.599695659801364
367790080,9.876165609247982
367890432,15.057867243885994
367990784,19.241094460338353
368091136,16.702321230173112
368191488,13.429353027418255
368291840,13.734014848023653
368392192,13.500641096234322
368492544,16.054852088838814
368592896,17.592002549450843
368693248,13.692319985833018
368793600,3.575400207936764
368893952,7.071933886855841
368994304,9.621520997583866
369094656,12.304263300821185
369195008,18.037762382030486
369295360,19.44868105739355
369395712,14.592694652155041
369496064,14.293885190188885
369596416,15.146397299524397
369696768,15.40433642461896
369797120,17.365823413431645
369897472,18.482500097453595
369997824,2.1152507148310544
370098176,5.353447241261602
370198528,8.200831925272942
370298880,14.054833445549011
370399232,14.893710506781936
370499584,17.73687899708748
370599936,15.200351358912885
370700288,13.036742798686028
370800640,12.89956492036581
370900992,12.885506170839072
371001344,14.567510793432593
371101696,15.392907488271595
371202048,1.904997707605362
371302400,4.32696021463722
371402752,8.106131806969643
371503104,12.140498323440552
371603456,15.242640317678452
371703808,21.981012015342714
371804160,19.855354107618332
371904512,16.80566317744553
372004864,15.865927671790123
372105216,14.985779288113116
372205568,18.791534316539764
372305920,16.918580496311186
372406272,5.4252105461061
372506624,4.006623989716172
372606976,9.178569164667278
372707328,13.360812470503152
372807680,17.795661164224146
372908032,15.128635112047196
373008384,15.977960151433944
373108736,14.06792222082615
373209088,14.220190647616983
373309440,18.75373114004731
373409792,20.89941714167595
373510144,16.6701090984419
373610496,12.49010124757886
373710848,3.031672194302082
373811200,7.991993475854397
373911552,10.881103250384331
374011904,15.96176483988762
374112256,15.25120489999652
374212608,16.303942136466503
374312960,14.89012932702899
374413312,19.739328162670134
374513664,16.884653788506984
374614016,17.921987598538397
374714368,17.964882184267044
374814720,16.85416807103902
374915072,2.252697528190911
375015424,6.198511279970408
375115776,9.207090086191892
375216128,13.9883969001472
375316480,15.572915604263544
375416832,15.443069134652614
375517184,14.868666306436062
375617536,14.609309998005628
375717888,16.458619084432723
375818240,16.303994230031968
375918592,15.822149878144264
376018944,17.87040593922138
376119296,1.6103933652117848
376219648,5.326122389137745
376320000,9.635247498452664
376420352,12.816930528879166
376520704,18.973809092193843
376621056,21.14787847161293
376721408,17.092943209931253
376821760,19.24449723482132
376922112,17.965786197409034
377022464,17.79898669064045
377122816,17.80741359591484
377223168,19.45425412721932
377323520,6.973251724354923
377423872,4.412802822813392
377524224,8.957972859144212
377624576,11.518866993039847
377724928,14.994481254070998
377825280,19.41299587264657
377925632,17.412313412725926
378025984,18.392838516831397
378126336,15.571577173173427
378226688,16.791132334768772
378327040,12.978732351474465
378427392,16.87806201301515
378527744,15.826404575556516
378628096,3.5868398109078408
378728448,7.5304845881462095
378828800,8.93670125052333
378929152,11.877805352210999
379029504,16.134277459084988
379129856,15.247556374669076
379230208,18.295323738753794
379330560,18.568032101467253
379430912,17.792214321792127
379531264,15.515986731499433
379631616,17.623518783226608
379731968,17.107532112356274
379832320,2.430973692908883
379932672,5.9441695821285245
380033024,7.849585353881121
380133376,12.626388039439917
380233728,16.810577694773674
380334080,22.46344037681818
380434432,22.558211647868156
380534784,20.35203408539295
380635136,21.46439026862383
380735488,18.18843581199646
380835840,15.85343329411
380936192,16.59598357796669
381036544,1.6899824591726065
381136896,5.064561985880136
381237248,8.230604396164416
381337600,12.147507736682892
381437952,18.28045422792435
381538304,21.04791918180883
381638656,21.625120991170405
381739008,24.024777551889418
381839360,19.579288172721864
381939712,18.345960487276315
382040064,16.947540794312953
382140416,21.286248182356356
382240768,11.283995664045214
382341120,4.053591220974922
382441472,9.17030472457409
382541824,10.24350985294208
382642176,17.360787021815778
382742528,20.62413872241974
382842880,21.32129271507263
382943232,20.042479911893608
383043584,17.83071195334196
383143936,18.995546074286104
383244288,23.147224053144456
383344640,24.789382092952728
383444992,15.734288335554302
383545344,3.42027645945549
383645696,7.749318382740021
383746048,11.259972001314162
383846400,14.603070090785623
383946752,16.679107673168183
384047104,13.99490340143442
384147456,12.400928863286971
384247808,13.093476554956288
384348160,13.4850628567487
384448512,14.179476361945271
384548864,24.15114969074726
384649216,27.18178241385147
384749568,2.349167981464416
384849920,7.466796952486038
384950272,8.689541822448373
385050624,11.159924097955226
385150976,13.189668308049441
385251328,17.84040478758514
385351680,19.504375609755517
385452032,18.070607501119376
385552384,13.897858147025108
385652736,13.27609763134271
385753088,15.876325062811375
385853440,17.490023364946246
385953792,1.59980966668576
386054144,4.800543654859066
386154496,8.19017788887024
386254848,12.987187360525132
386355200,14.072965611517429
386455552,17.092213110923765
386555904,21.45629596590996
386656256,18.973678861707448
386756608,22.804904537796975
386856960,18.935175297856333
386957312,18.98209141165018
387057664,16.631190922558307
387158016,3.894313484150916
387258368,3.9386158633232116
387358720,7.8677255687862635
387459072,10.69931535065174
387559424,16.81575792491436
387659776,20.078622671216728
387760128,21.653229000493884
387860480,22.066996523737906
387960832,19.535250864923
388061184,19.83273329734802
388161536,20.324349739551543
388261888,21.061455014646054
388362240,12.936715906783938
388462592,3.894599558711052
388562944,7.496402932703495
388663296,8.99899919040501
388763648,14.912385043893009
388864000,18.10401792258024
388964352,20.597972117364407
389064704,22.590975664183496
389165056,21.949475475549697
389265408,18.19802113281563
389365760,28.89143258571625
389466112,29.73403694272041
389566464,27.055156864617018
389666816,2.688162987269461
389767168,7.509359445571899
389867520,9.059364403486251
389967872,11.437575070261955
390068224,13.744128498435021
390168576,17.57411045432091
390268928,20.382362624406813
390369280,16.98911094158888
390469632,14.111353403925897
390569984,20.282830077260734
390670336,28.8779272711277
390770688,24.399886804223062
390871040,1.7639682396501302
390971392,5.187827698737383
391071744,8.75208687722683
391172096,11.06484848955646
391272448,15.421351854540408
391372800,17.70503661930561
391473152,22.042723622322082
391573504,18.183409014642237
391673856,16.73243022233248
391774208,16.912827122211457
391874560,28.128983595073223
391974912,28.754991390109062
392075264,10.076262416765093
392175616,4.682176995426416
392275968,8.385828014612198
392376320,10.626299290060997
392476672,12.598450762033462
392577024,17.52461540937424
392677376,20.180645371675492
392777728,23.745738986581564
392878080,18.492572538368403
392978432,19.11046601727605
393078784,29.61974413394928
393179136,28.351619475781916
393279488,22.32510510534048
393379840,3.902505726516247
393480192,8.311882920861244
393580544,9.045121529567986
393680896,11.6220670825243
393781248,16.160804020464422
393881600,17.602574656009676
393981952,22.014661192297936
394082304,19.341567326188088
394182656,17.75132864713669
394283008,23.28974691145122
394383360,28.873758047670126
394483712,28.54640711273998
394584064,3.0243251387774945
394684416,6.395855314731598
394784768,8.01301378324628
394885120,11.257037741467357
394985472,15.82084624240175
395085824,18.623177563548087
395186176,21.61696574687958
395286528,18.602221282050014
395386880,14.207641860023141
395487232,15.142598751373589
395587584,22.100993232876064
395687936,31.099720143415034
395788288,2.220013915896416
395888640,6.089372616410255
395988992,9.135700579881668
396089344,12.5615799883008
396189696,13.85636688053608
396290048,18.743459038436413
396390400,19.255847023949027
396490752,18.831736962180585
396591104,23.407356219813227
396691456,28.134832060337068
396791808,29.329643368273974
396892160,25.4523599588871
396992512,1.3361405099928378
397092864,3.9128982701897623
397193216,8.525546907186508
397293568,8.809562827646733
397393920,12.90112989962101
397494272,19.640917800441386
397594624,22.55646263718605
397694976,21.34440390370786
397795328,20.24656163752079
397895680,23.480320387482642
397996032,18.88923449754715
398096384,25.990512731820345
398196736,11.011444560643286
398297088,3.236238815933466
398397440,8.061648638248444
398497792,8.528789544403553
398598144,12.681789265275002
398698496,17.061390263251962
398798848,19.81259693838656
398899200,22.33306575536728
398999552,19.616723470017313
399099904,19.93567425787449
399200256,24.036014218330383
399300608,28.352120684385298
399400960,29.177437174282968
399501312,2.5320379635691643
399601664,7.4825864559412
399702016,10.271229201555252
399802368,12.092305636107922
399902720,13.056222573667764
400003072,13.215335241556168
400103424,15.626615115255117
400203776,21.98437366604805
400304128,21.602828654944897
400404480,25.63738557010889
400504832,28.142033796831967
400605184,25.45791895866394
400705536,1.8409939090907574
400805888,4.858856378793717
400906240,8.48797797858715
401006592,11.492458765357732
401106944,13.743102338314056
401207296,15.243831412792206
401307648,13.368752124533057
401408000,17.056180261969565
401508352,20.54354135632515
401608704,21.954198180735112
401709056,25.363095723092556
401809408,28.360750308632852
401909760,9.840781132047995
402010112,4.447519803494215
402110464,8.417433481216431
402210816,11.117572128325701
402311168,15.14466129604727
402411520,14.577068223841488
402511872,14.68064335167408
402612224,21.210803216695787
402712576,19.372117093205453
402812928,20.012977093309164
402913280,23.783579155802727
403013632,16.969802740216256
403113984,11.2557296522893
403214336,3.187904622256756
403314688,7.7006436491012575
403415040,10.710724606364966
403515392,15.299549295902253
403615744,13.563155897967517
403716096,15.301628993712365
403816448,17.52706104040146
403916800,19.198086367249488
404017152,18.782777072787283
404117504,21.447439016848804
404217856,27.810904398560524
404318208,24.441282989643515
404418560,2.7204618111252783
404518912,6.90127818107605
404619264,8.583430643081664
404719616,12.483258855510503
404819968,18.27606332346797
404920320,18.845555871725082
405020672,19.827836884781718
405121024,23.059087402671576
405221376,24.433984469547866
405321728,23.884346866831184
405422080,17.626866964995862
405522432,15.338565556630492
405622784,1.7420088333263992
405723136,6.206868792772293
405823488,8.370438194219023
405923840,11.5245788615942
406024192,15.204076129198075
406124544,16.88986542648636
406224896,19.992336106523872
406325248,24.782925546765327
406425600,20.908604051470757
406525952,22.780596620440484
406626304,26.99240545153618
406726656,31.75578351661563
406827008,1.6192483952641488
406927360,4.644971830919385
407027712,7.861747390963137
407128064,12.571725061535835
407228416,14.054537956193089
407328768,18.406859210431577
407429120,18.45865661740303
407529472,17.502347502186893
407629824,21.345957753658293
407730176,22.42951676607132
407830528,25.106215091347693
407930880,26.054487062692644
408031232,16.442030683495105
408131584,4.030019382834435
408231936,8.481815033257007
408332288,8.314123823866248
408432640,13.394279582202435
408532992,14.223276616185904
408633344,15.350445282161235
408733696,16.29570088520646
408834048,22.762887423448266
408934400,23.688603307157756
409034752,29.957148643136023
409135104,26.94293113142252
409235456,21.774145168215036
409335808,2.5613547344505787
409436160,7.653990319371223
409536512,10.234991187006235
409636864,10.90910242497921
409737216,12.883164601325989
409837568,21.222797308564186
409937920,18.481315532885493
410038272,19.56067148834467
410138624,18.349861761778595
410238976,19.29563393808901
410339328,25.00756943287328
410439680,20.635109956339
410540032,1.9546923722326754
410640384,5.464077626764774
410740736,8.07791441500187
410841088,10.576388610452414
410941440,15.876126359701157
411041792,20.77753004282713
411142144,15.914310116022826
411242496,20.623019800186157
411342848,21.695699542164803
411443200,26.575888863503934
411543552,28.548574238345026
411643904,33.52587730206549
411744256,1.3771285404264928
411844608,5.425662945061922
411944960,7.713928385078907
412045312,9.141865855157375
412145664,14.617314842417835
412246016,16.612409009933472
412346368,16.137608075737955
412446720,17.921363550573588
412547072,19.227323489785196
412647424,27.33747905254364
412747776,30.78108449505642
412848128,26.723438147604465
412948480,11.001879828944801
413048832,3.8593875576928256
413149184,8.163311200737953
413249536,9.420284842848778
413349888,13.967076982446015
413450240,17.443836050629617
413550592,19.27446409534663
413650944,17.995399499610066
413751296,19.823708877786995
413851648,27.344407032728196
413952000,30.13247252881527
414052352,24.461391470730305
414152704,19.808871380984783
414253056,3.033777108490467
414353408,6.9470326349139215
414453760,8.233781477212906
414554112,13.210852651372551
414654464,17.412199499309065
414754816,16.224786230772732
414855168,17.66214625271037
414955520,18.666949132978917
415055872,23.325486177131534
415156224,23.458520080447197
415256576,24.603450408875943
415356928,22.799822750389577
415457280,2.0653244753926994
415557632,6.4479159073531624
415657984,7.552675522253849
415758336,10.941724004969
415858688,15.799493883028626
415959040,16.031106394305827
416059392,17.714250731915236
416159744,24.479373539686204
416260096,24.21386362608522
416360448,25.816095548197627
416460800,23.722489829957485
416561152,18.082786318063736
416661504,1.7812260448932649
416761856,5.561524556279182
416862208,8.110114144459367
416962560,11.417715322971343
417062912,15.22144596889615
417163264,18.08100091971457
417263616,13.91532690308988
417363968,23.747235732972623
417464320,25.408709606826307
417564672,20.608078331947326
417665024,23.05416417837143
417765376,24.09539407018572
417865728,11.683204790111631
417966080,4.334879617989063
418066432,7.495385532216169
418166784,7.755798339620233
418267136,15.851678133010864
418367488,19.380868586599828
418467840,17.90595767609775
418568192,21.18158599808812
418668544,16.918144828081132
418768896,24.270027304887773
418869248,32.75624130129814
418969600,32.27825499475002
419069952,22.97478324957192
419170304,2.8415146200172603
419270656,6.772803280949592
419371008,8.706415239721537
419471360,12.623330754414201
419571712,13.295252850800752
419672064,14.653701049089431
419772416,16.218428429365158
419872768,22.982746342718603
419973120,29.439157758951186
420073472,32.72480176150799
420173824,30.722089504003524
420274176,23.23420428931713
420374528,2.342504092305899
420474880,5.702862572520972
420575232,11.365255434215069
420675584,10.832312128841878
420775936,13.558253443613648
420876288,14.714208310041577
420976640,17.181094281077385
421076992,20.739522012472154
421177344,19.189434142410754
421277696,28.33332186937332
421378048,32.73111809320748
421478400,22.53415940007195
421578752,1.3943476425483823
421679104,5.620313323438167
421779456,9.556719250362367
421879808,11.986363943815231
421980160,11.518187116831541
422080512,15.286719055175782
422180864,17.381407615095377
422281216,21.566960375979544
422381568,21.10661449804902
422481920,21.25411101579666
422582272,25.192287786398083
422682624,26.08226924095303
422782976,6.02273105006665
422883328,3.8676510989665984
422983680,7.771368545740843
423084032,9.79475969351828
423184384,12.872069255635143
423284736,15.967216380834579
423385088,13.09545525893569
423485440,15.552749819159509
423585792,20.944822985827923
423686144,25.247370086312294
423786496,31.91753264531493
423886848,24.011208747327327
423987200,18.3247269333899
424087552,3.425279789939523
424187904,7.249001623988152
424288256,7.303451338559389
424388608,12.367222155258059
424488960,15.662512177675962
424589312,17.304591139405964
424689664,19.924793934226035
424790016,20.09055252757855
424890368,25.620437568277122
424990720,32.16501742810011
425091072,26.786960081756114
425191424,26.231168792843818
425291776,2.095002603791654
425392128,5.732784137129784
425492480,8.24785434037447
425592832,10.87369543299079
425693184,18.009780962467193
425793536,17.36535167515278
425893888,17.87756820626557
425994240,18.81281913563609
426094592,23.49713179528713
426194944,26.042112966105343
426295296,27.597084955200554
426395648,23.919259880185127
426496000,1.7440045401453972
426596352,4.878602378889918
426696704,8.86722336359322
426797056,10.751150559484959
426897408,14.233418945670127
426997760,16.173530304580925
427098112,18.68250922948122
427198464,21.110162208080293
427298816,20.105362765192986
427399168,29.077437268495558
427499520,25.11260771855712
427599872,22.990614130198956
427700224,5.903154397979379
427800576,4.021332978606224
427900928,8.844353119134903
428001280,8.859108639266342
428101632,12.188304829001426
428201984,15.94770718038082
428302336,19.78240057826042
428402688,21.657008817382156
428503040,23.516107397601008
428603392,26.15871465742588
428703744,26.553750047683717
428804096,26.676360082253815
428904448,19.46184423936531
429004800,3.5051017492450773
429105152,6.853697576075792
429205504,9.163790709972382
429305856,10.820659015476704
429406208,17.839459986165167
429506560,17.22110848069191
429606912,16.510654272437094
429707264,13.758249256201088
429807616,21.8051787109673
429907968,25.833802670836448
430008320,26.12123686492443
430108672,23.980758441351355
430209024,2.40476502770558
430309376,6.134503279328346
430409728,10.552505817562341
430510080,10.310653965324164
430610432,11.733425239995121
430710784,16.557545646727085
430811136,15.98860808443278
430911488,24.284336465001108
431011840,30.762798232883213
431112192,25.5202768522501
431212544,18.259218722581863
431312896,20.255746610164643
431413248,1.723259816095233
431513600,5.796469119787216
431613952,10.08107928276062
431714304,9.025278092175721
431814656,9.680411872342228
431915008,17.03977666467428
432015360,14.862681548371912
432115712,15.912464983314276
432216064,21.301886682510375
432316416,22.789168615937232
432416768,22.148703185766934
432517120,29.776907720565795
432617472,5.548571375776082
432717824,3.3493108697235585
432818176,8.286295668631793
432918528,8.877532531619073
433018880,11.154254021123052
433119232,13.978049409389495
433219584,16.75707750590518
433319936,19.047544271051883
433420288,27.34763490796089
433520640,28.05062779247761
433620992,27.488268792182208
433721344,35.89217176239938
433821696,26.13908242456615
433922048,3.6976353381574154
434022400,7.398144611716271
434122752,8.781513424925507
434223104,11.21486983075738
434323456,13.116010428369044
434423808,18.14285048723221
434524160,15.6512108746171
434624512,17.223730183690787
434724864,13.698580675832927
434825216,21.150514512956143
434925568,26.388046644702555
435025920,29.642808846831322
435126272,3.0890104815363886
435226624,6.225145824402571
435326976,8.92633558511734
435427328,11.0008867841959
435527680,11.954308874867856
435628032,17.411335970759392
435728384,24.63628875374794
435828736,30.069223627448082
435929088,33.60994620800018
436029440,22.930002727508544
436129792,23.834043647311628
436230144,26.272812967151403
436330496,1.5500073428452015
436430848,4.841501036658883
436531200,10.047070662900806
436631552,8.385679271370172
436731904,13.881975000873208
436832256,18.932175740636886
436932608,19.400208409279585
437032960,20.057545073851944
437133312,20.08741310954094
437233664,15.899458710700273
437334016,31.673293043673038
437434368,38.37165346086025
437534720,4.445159225575626
437635072,4.363695576786995
437735424,10.149803790561855
437835776,11.016756666265428
437936128,12.112741770744323
438036480,12.655769266486168
438136832,13.069844835996628
438237184,13.29550025500357
438337536,21.69291873574257
438437888,26.107452579438686
438538240,27.648709365017712
438638592,31.907085279375316
438738944,26.29700828038156
438839296,3.437190578579903
438939648,7.333171966075898
439040000,10.183231678605079
439140352,12.260767247378826
439240704,15.160476682437583
439341056,17.345020039826633
439441408,17.175777620971203
439541760,27.924547084048392
439642112,25.24282274544239
439742464,26.859170376490802
439842816,22.65562086928636
439943168,24.545000730939208
440043520,2.8266507460176946
440143872,5.818367504552007
440244224,8.551296208053827
440344576,10.35258137255907
440444928,13.061148149967194
440545280,16.174078661203385
440645632,16.42294261008501
440745984,26.6450897359848
440846336,28.53557616710663
440946688,23.217743814587593
441047040,23.84278898984194
441147392,27.259866387993096
441247744,1.8480593587365002
441348096,4.867058949321509
441448448,10.412580214589834
441548800,9.668391773402691
441649152,16.52972164452076
441749504,18.776900458037854
441849856,16.690650928914547
441950208,17.22706503659487
442050560,22.382336794137956
442150912,22.744775630906226
442251264,22.422263363301752
442351616,29.190776236057282
442451968,10.39385850097984
442552320,4.647854369878769
442652672,10.035478213578463
442753024,10.274824942350387
442853376,13.31727115318179
442953728,13.047053573727608
443054080,18.421999329924585
443154432,26.124903792738916
443254784,24.503845220208166
443355136,20.678730271458626
443455488,21.148394238725306
443555840,22.929837135970594
443656192,20.93244753729552
443756544,3.357672559991479
443856896,7.498896702528
443957248,10.564979771971702
444057600,10.698521603643893
444157952,15.546106245070696
444258304,20.692753763496874
444358656,18.865598165094852
444459008,17.830661447644232
444559360,26.598403211608527
444659712,26.9557615172863
444760064,38.398606315255165
444860416,35.31388892946765
444960768,3.0677449866384268
445061120,6.8161747390031815
445161472,11.22487104818225
445261824,11.779172588586807
445362176,14.145997837781906
445462528,16.86071964472532
445562880,15.428533433675765
445663232,14.133183491528035
445763584,17.386051085330546
445863936,22.611311028003694
445964288,22.132890111207963
446064640,24.581597935408354
446164992,1.8481414951011539
446265344,5.5625090749561785
446365696,9.11112521648407
446466048,12.186741295158862
446566400,13.513787207603455
446666752,17.506333497464656
446767104,13.298757274150848
446867456,15.906203280761838
446967808,21.93586568305269
447068160,22.985360727356746
447168512,23.287938281446696
447268864,33.352724132537844
447369216,8.819338448960334
447469568,4.59921707585454
447569920,9.8166132619977
447670272,10.804718050956726
447770624,11.774794504493475
447870976,11.665699812471866
447971328,18.483980320692062
448071680,11.862804356217385
448172032,13.996265742182732
448272384,20.101221465347336
448372736,19.892928150892256
448473088,24.184560607224704
448573440,22.59051487389952
448673792,3.903432389497757
448774144,6.699330281317234
448874496,9.998109984993935
448974848,15.244259440749884
449075200,17.921995697617533
449175552,17.313084218427537
449275904,13.448897175043822
449376256,12.007017037943006
449476608,14.467633308731019
449576960,19.684143823236226
449677312,17.73883542239666
449777664,25.153256956860425
449878016,2.852756323441863
449978368,6.059490051567554
450078720,9.548160028755666
450179072,11.745805263370276
450279424,17.73468152999878
450379776,20.54044790957123
450480128,21.495779174268247
450580480,23.879071541428566
450680832,19.746196918264033
450781184,20.05702743947506
450881536,22.097859673947095
450981888,21.985182665511967
451082240,2.3452768491208555
451182592,5.6329296318627895
451282944,6.431058018580079
451383296,8.895708613209427
451483648,15.8607014496997
451584000,20.40570292573422
451684352,19.857860547602176
451784704,21.51822844967246
451885056,19.57548563465476
451985408,18.59182993268594
452085760,21.428634214103223
452186112,32.34289718143642
452286464,3.944465541820973
452386816,4.80481806576252
452487168,10.468265240192414
452587520,11.396146342754363
452687872,9.92982588686049
452788224,15.440525585711002
452888576,18.952547515630723
452988928,17.250546534657477
453089280,21.235725281238555
453189632,23.761844566781075
453289984,25.598354082107544
453390336,24.656815831661223
453490688,17.456395036615433
453591040,3.645146887488663
453691392,8.999910849900916
453791744,9.969658187888562
453892096,8.543493154589086
453992448,12.402255946099759
454092800,21.01763351917267
454193152,20.305822780132292
454293504,24.330714901909232
454393856,27.13637760311365
454494208,26.328241473436357
454594560,28.614292724728585
454694912,26.59885899271816
454795264,2.814206180870533
454895616,6.310392890200019
454995968,10.855022299289704
455096320,10.900810939371587
455196672,15.231319890916348
455297024,18.036444699168204
455397376,16.13819644123316
455497728,19.944257237315178
455598080,19.355742744654417
455698432,18.46981469273567
455798784,25.83096959769726
455899136,39.067512019872666
455999488,2.558992062360048
456099840,5.159551693201065
456200192,9.59083521425724
456300544,9.2397774399817
456400896,17.477883090376853
456501248,19.663985281065106
456601600,19.250286991596223
456701952,15.868506077975034
456802304,16.473388018906117
456902656,17.826028645150362
457003008,21.08240193657577
457103360,18.568344584219158
457203712,1.6619845544546843
457304064,4.250249365270138
457404416,7.499184870123863
457504768,9.434536986276507
457605120,16.976424677968026
457705472,20.867626258730887
457805824,20.28965535789728
457906176,16.64641155011952
458006528,15.608409651219844
458106880,18.458627056479454
458207232,22.972987407445906
458307584,28.940320341587068
458407936,20.40746328033507
458508288,3.8006189328432085
458608640,9.091158960461616
458708992,8.881545567810536
458809344,8.76514697253704
458909696,12.224013172984122
459010048,17.846295867860317
459110400,23.850887840986253
459210752,26.117760162688793
459311104,26.32992510855198
459411456,21.749484506845473
459511808,30.05873671412468
459612160,34.076106291399334
459712512,3.1397647765651344
459812864,5.6843583388626575
459913216,8.099485682547092
460013568,11.591844570040703
460113920,18.744018004387616
460214272,24.320883449316025
460314624,20.99532660126686
460414976,22.250868455916642
460515328,20.057877515554427
460615680,19.094313377439974
460716032,25.12676174223423
460816384,26.65630588233471
460916736,2.13995280764997
461017088,5.647286471873522
461117440,8.05930405214429
461217792,9.181968318074942
461318144,13.001136531829834
461418496,20.618759519457818
461518848,16.436925782859326
461619200,26.167715333458037
461719552,23.78827715545893
461819904,19.469531823396682
461920256,19.105095975399017
462020608,19.020113639235497
462120960,1.6248528619110585
462221312,4.601113872081041
462321664,7.225571151226759
462422016,7.11948065161705
462522368,9.424296115040779
462622720,20.46372538715601
462723072,19.409737655520438
462823424,23.054386554602534
462923776,24.11767601519823
463024128,28.213553444445132
463124480,37.02396299242973
463224832,30.46146082997322
463325184,17.911178671400993
463425536,3.720106434673071
463525888,8.777926433980465
463626240,10.31665977999568
463726592,11.343081441223621
463826944,13.69151920080185
463927296,20.344964955449104
464027648,23.9049360704422
464128000,29.762065973877906
464228352,28.248646914362908
464328704,21.900382984280586
464429056,17.431189966499804
464529408,18.56818008825183
464629760,3.7334483319520952
464730112,6.021576189398766
464830464,8.923537265658378
464930816,6.910830615758896
465031168,11.752931129336357
465131520,14.256824126206338
465231872,15.365869012847543
465332224,19.972740550935267
465432576,19.94250944443047
465532928,18.802019935548305
465633280,25.797915503308175
465733632,43.43537011742592
465833984,2.183955148011446
465934336,4.741442396296188
466034688,10.607750448510052
466135040,12.739116563796998
466235392,12.217005233094095
466335744,19.707057594954968
466436096,18.471704160571097
466536448,11.507236585468053
466636800,17.609142070263623
466737152,24.311135451197625
466837504,23.553938899040222
466937856,24.259032698273657
467038208,1.570782370865345
467138560,5.095959853455424
467238912,8.170464883446693
467339264,10.174041808247566
467439616,10.544786425828933
467539968,16.17959230981767
467640320,16.7570590159297
467740672,21.373180982768535
467841024,27.161210770085454
467941376,25.59348273038864
468041728,23.592235807403924
468142080,23.59544123828411
468242432,12.002707834094762
468342784,4.013777437210083
468443136,8.082887682914734
468543488,9.942056728601456
468643840,14.077647958695888
468744192,20.07460837125778
468844544,21.95067162986845
468944896,22.28671131065581
469045248,20.192903905510903
469145600,19.372614129856228
469245952,25.537326025888323
469346304,26.073726450800894
469446656,24.91617831615731
469547008,3.4487072000931946
469647360,5.834134192690254
469747712,8.203026595413684
469848064,8.070438600480557
469948416,8.753554822802544
470048768,19.09927483856678
470149120,24.877504850625993
470249472,32.442654131650926
470349824,30.58402695029974
470450176,23.903139182925223
470550528,25.249547348171472
470650880,29.348132415413858
470751232,2.518092832863331
470851584,5.465927772819996
470951936,8.091621168479323
471052288,8.401181490942836
471152640,10.009294266104698
471252992,15.764488569945097
471353344,19.96407330751419
471453696,25.85162123143673
471554048,23.999673018455507
471654400,21.597203120291233
471754752,23.562063816934824
471855104,33.359568999409674
471955456,1.5699296283721924
472055808,4.852706453800201
472156160,7.900621602833271
472256512,7.729874382019043
472356864,11.600243304669856
472457216,19.664145684838296
472557568,18.280080534592273
472657920,17.16540112733841
472758272,22.430875253677367
472858624,23.669216235280036
472958976,28.35664936646819
473059328,31.26815181821585
473159680,8.26128274820745
473260032,4.013441461026669
473360384,6.67623935200274
473460736,9.03085935600102
473561088,10.28384376063943
473661440,19.70156071424484
473761792,22.21023877233267
473862144,20.61458007901907
473962496,21.00355952948332
474062848,19.427756778430194
474163200,27.49885353207588
474263552,33.25164450339973
474363904,30.82733517177403
474464256,3.136682077869773
474564608,6.791052916161716
474664960,9.287010082006454
474765312,8.011807397454977
474865664,14.932772606997752
474966016,22.604792728424073
475066368,22.601034260615705
475166720,22.420044441223144
475267072,28.227144530192017
475367424,34.34075775027275
475467776,30.75482256958261
475568128,23.165127933621406
475668480,2.30467899620533
475768832,6.781157805323601
475869184,8.102387379705906
475969536,10.608928964734078
476069888,14.675210312604904
476170240,16.22712798833847
476270592,19.149330646693706
476370944,26.11464247122407
476471296,23.78747548788786
476571648,22.50725257873535
476672000,27.824285696446896
476772352,35.494956163764
476872704,1.7252653940021991
476973056,5.020247869119048
477073408,7.552361961975694
477173760,9.002791267931462
477274112,13.527275085449219
477374464,20.640020854473114
477474816,19.042672917842864
477575168,13.413804828673602
477675520,24.3577823029086
477775872,24.476090015172957
477876224,20.316971377134323
477976576,24.934960691034792
478076928,14.804857901167125
478177280,3.9141915046051143
478277632,7.034465374052525
478377984,9.97920012652874
478478336,10.79929687075317
478578688,15.311595505475998
478679040,20.906449497938155
478779392,18.23035807095468
478879744,22.973994867801665
478980096,22.542656453251837
479080448,25.03088868059218
479180800,29.60773635007441
479281152,23.5514722531382
479381504,3.023624759167433
479481856,6.069935438036919
479582208,6.795896461308002
479682560,6.138911570645869
479782912,14.232522031702102
479883264,18.070802015289665
479983616,20.95914081349969
480083968,23.38577049732208
480184320,22.743119010031222
480284672,23.52459320873022
480385024,30.27731273263693
480485376,25.94886494860053
480585728,2.151529103294015
480686080,5.050028191208839
480786432,7.573774353265763
480886784,7.797864656150341
480987136,13.525349719077349
481087488,17.872685463428496
481187840,25.327964477539062
481288192,26.881332523822785
481388544,36.69175414852798
481488896,32.374892240166666
481589248,30.14554506957531
481689600,26.443804411292078
481789952,1.7580695183575152
481890304,4.881094244942069
481990656,9.531992534250021
482091008,8.791895851902664
482191360,8.742851460715755
482291712,11.733352868855
482392064,16.09693034261465
482492416,16.74060654312372
482592768,22.441545372605322
482693120,25.93348120510578
482793472,30.266651641726494
482893824,40.87740273237228
482994176,6.7356531984359025
483094528,4.34601308465004
483194880,6.886111873984337
483295232,6.629660117328167
483395584,8.189639192521572
483495936,17.078367363512516
483596288,22.046875955462454
483696640,27.085464176610113
483796992,26.21841120481491
483897344,26.310130750834944
483997696,28.82407628297806
484098048,32.49034524261951
484198400,28.80437618471682
484298752,3.307668695859611
484399104,6.403644843325019
484499456,7.6998214358091355
484599808,8.673113678693772
484700160,12.679188319444656
484800512,22.604892488718033
484900864,26.128643425107
485001216,29.012075793743133
485101568,24.05354708790779
485201920,17.653640512786804
485302272,19.750982821434736
485402624,23.764880326390266
485502976,3.072688338160515
485603328,4.896845164820552
485703680,7.118587297024205
485804032,8.227681358233093
485904384,17.00133814036846
486004736,18.53044747710228
486105088,15.762246657013893
486205440,14.02945760369301
486305792,18.25910973280668
486406144,19.83214939594269
486506496,20.235453836023808
486606848,35.97503711599857
486707200,1.7280374544858932
486807552,5.580295329391956
486907904,8.26307087957859
487008256,8.844451144337654
487108608,15.955406271219253
487208960,17.24359939008951
487309312,15.484774312600493
487409664,16.145570480469615
487510016,22.853817825913428
487610368,33.46179737605154
487710720,29.26614191561937
487811072,27.96435704946518
487911424,1.9020448656380176
488011776,4.329247921705246
488112128,6.7913181717507545
488212480,7.905898647159338
488312832,7.871897239685058
488413184,9.568985342681408
488513536,14.638431700468063
488613888,27.767629802525043
488714240,30.568176439926027
488814592,28.526109771132468
488914944,33.159461213052275
489015296,37.717428446412086
489115648,23.608510300978086
489216000,2.9216532444022594
489316352,5.830685168057681
489416704,7.819515687227249
489517056,8.595858642607928
489617408,11.116614709496497
489717760,21.23810220271349
489818112,27.557090907394887
489918464,29.473301278352736
490018816,24.993010662831367
490119168,21.27765944391489
490219520,28.190164810195565
490319872,28.23917383775115
490420224,2.898167282640934
490520576,6.006665098667145
490620928,7.700363740026951
490721280,7.416139313280582
490821632,10.397520253658294
490921984,21.392002860605718
491022336,17.58600364740938
491122688,20.672969710491596
491223040,25.57815982401371
491323392,31.42633810736239
491423744,32.73858658947051
491524096,27.21312095940113
491624448,1.8150124812871218
491724800,4.914197572767734
491825152,7.058197328597307
491925504,9.329482727944852
492025856,11.69681221678853
492126208,13.364913031607866
492226560,13.48577181071043
492326912,14.243742046356202
492427264,19.100086386203767
492527616,24.19415317505598
492627968,40.990882843732834
492728320,43.40728477358818
492828672,14.407217384465039
492929024,4.4802263969182965
493029376,6.855344043970108
493129728,9.445754104182123
493230080,12.21244588635862
493330432,19.265871281400322
493430784,16.281622876897455
493531136,17.420676205363126
493631488,21.291178085803985
493731840,29.282945221662523
493832192,34.986768254791386
493932544,33.352317539155486
494032896,33.41684724252671
494133248,4.092665253281593
494233600,6.741593561992049
494333952,8.603479253053665
494434304,10.823260392919183
494534656,15.069916974008084
494635008,16.326382256150247
494735360,10.11164232313633
494835712,10.754821204207838
494936064,17.851766459792852
495036416,17.39077907666564
495136768,21.875058599561452
495237120,25.355265282839536
495337472,3.138276101946831
495437824,5.934348300099373
495538176,6.804767833352089
495638528,7.701534702777862
495738880,16.299607104882597
495839232,19.240269282758234
495939584,18.96790889725089
496039936,18.512453623116016
496140288,16.43248870044947
496240640,30.88920243114233
496340992,43.920131352543834
496441344,38.98863637328148
496541696,1.5996855016052722
496642048,5.450517361015081
496742400,9.3682747554034
496842752,11.78037779867649
496943104,9.518392214775085
497043456,12.703184033036232
497143808,10.012387067228556
497244160,15.297691729813813
497344512,16.9837037974596
497444864,21.451888273358346
497545216,30.540427477061748
497645568,34.97821881085634
497745920,10.342632936947048
497846272,4.5347950990498065
497946624,6.585325509607792
498046976,7.47269938737154
498147328,13.859627859964966
498247680,18.07675904631615
498348032,16.736165346503256
498448384,15.163726906478406
498548736,13.979726166129112
498649088,19.497870843037962
498749440,29.034739911481736
498849792,35.17684306196868
498950144,29.070336631778627
499050496,3.9430140602588652
499150848,6.678405135720968
499251200,6.700836718454957
499351552,7.191540281623602
499451904,20.25247643560171
499552256,17.705091564804317
499652608,14.516436707302928
499752960,18.953244675695895
499853312,26.68024161785841
499953664,31.724759083390236
500054016,38.57179631739855
500154368,42.43445302605629
500254720,2.2996571330726145
500355072,6.161270051598549
500455424,8.819256650656461
500555776,8.77245866060257
500656128,10.233553784191608
500756480,11.34546415567398
500856832,12.508623765707016
500957184,16.915733459368347
501057536,32.09930161304772
501157888,37.160983385443686
501258240,40.58354707747698
501358592,34.27960601747036
501458944,1.5663684165477754
501559296,5.544909175634384
501659648,8.999816838800907
501760000,9.093085613548755
501860352,13.521055639982224
501960704,19.659461168050765
502061056,12.499136251211166
502161408,14.824363043308258
502261760,26.649805989861488
502362112,30.027290017157792
502462464,25.821381309628485
502562816,40.31223329901695
502663168,1.2333245204389096
502763520,4.5623729148507115
502863872,6.786760495901108
502964224,6.587048592120409
503064576,7.380220373123884
503164928,12.94263728365302
503265280,16.965868839621542
503365632,17.623292084932327
503465984,25.526785738766193
503566336,28.621280144155026
503666688,36.17860463678837
503767040,39.95076816577464
503867392,26.09382570389658
503967744,3.529598431289196
504068096,5.22933926679194
504168448,7.786295712068677
504268800,9.866452772468328
504369152,20.467150522470476
504469504,22.593223718106746
504569856,15.438070108741522
504670208,11.031421748101712
504770560,16.28847689643502
504870912,30.30064023383893
504971264,34.237858250141144
505071616,29.49954436302185
505171968,3.146946373581886
505272320,5.602160459775478
505372672,8.381218341588974
505473024,10.389991267323493
505573376,13.648821847736835
505673728,22.52422705322504
505774080,15.900601541101933
505874432,7.625482395160943
505974784,6.541983529645949
506075136,13.020025400817394
506175488,26.05443678997457
506275840,40.937591378688815
506376192,1.7880492118746043
506476544,5.058823983008042
506576896,7.105908361673355
506677248,8.172233306206763
506777600,15.138866025209428
506877952,21.46379316866398
506978304,17.484902432560922
507078656,14.54705756008625
507179008,12.844516432583331
507279360,18.533349537849425
507379712,33.80606159597635
507480064,35.933527248501775
507580416,1.3329040708579123
507680768,4.821321521401405
507781120,7.485751810967923
507881472,9.388107432574033
507981824,8.335348624289036
508082176,14.805461714863776
508182528,16.08332950536162
508282880,18.1160902422294
508383232,19.151807823143898
508483584,23.430210612639783
508583936,45.483467645198104
508684288,37.245286175459626
508784640,22.694263753572013
508884992,3.8511513340473176
508985344,7.145138312801719
509085696,9.760628833323716
509186048,11.195101975128054
509286400,15.38064447388053
509386752,16.888875583708288
509487104,14.872077862545847
509587456,13.537361748665571
509687808,10.33209150955081
509788160,14.947940145134925
509888512,26.909134802520274
509988864,33.12171458527446
510089216,3.1409125285223127
510189568,6.435349036790431
510289920,8.153369404971599
510390272,7.418377309441566
510490624,10.408481874242424
510590976,14.003937236741185
510691328,15.917999419905245
510791680,17.819958553947508
510892032,20.052043009400368
510992384,29.09924414858222
511092736,38.69027497291565
511193088,35.12877134889364
511293440,1.9523740474879743
511393792,5.2699728497676555
511494144,6.773941878080368
511594496,6.3523641437292095
511694848,6.917301414757967
511795200,8.959362447559833
511895552,10.189922851622105
511995904,13.065276800394058
512096256,17.185767267942428
512196608,25.57489590883255
512296960,38.21262504220009
512397312,39.55944321632385
512497664,5.328819273114204
512598016,5.3162548835575585
512698368,8.516858058422804
512798720,8.922016637250781
512899072,8.629027604162694
512999424,10.620190970301628
513099776,13.740485189855098
513200128,16.509572682976724
513300480,19.71344636976719
513400832,29.673608664274216
513501184,40.15171835966408
513601536,39.6573070278205
513701888,21.29811894547194
513802240,3.989533053133637
513902592,7.210624910295009
514002944,7.047981501743197
514103296,12.643807990178466
514203648,16.785882013477384
514304000,17.41031385678798
514404352,19.112003853470085
514504704,21.658836339116096
514605056,25.967700286731123
514705408,32.810438392162325
514805760,36.12827329516411
514906112,32.7192727150023
515006464,3.7476803421974183
515106816,5.037103756852448
515207168,8.763519710078835
515307520,8.539671397209167
515407872,10.583218973651528
515508224,11.308968024551868
515608576,11.247184707522392
515708928,11.325317849144339
515809280,15.44776977442205
515909632,20.08167674548924
516009984,29.2291930270195
516110336,34.44018566608429
516210688,2.0394475711882114
516311040,5.27353707626462
516411392,7.209623044580221
516511744,6.66546434879303
516612096,10.587636055499315
516712448,13.10683479398489
516812800,13.818862634897233
516913152,16.16229575932026
517013504,20.28632432758808
517113856,24.252251864671706
517214208,29.627027660906315
517314560,35.224291730076075
517414912,12.955454056197777
517515264,4.883180433139205
517615616,7.191714412271977
517715968,6.745449106320739
517816320,7.425758992321789
517916672,10.592915484532714
518017024,15.093652981258929
518117376,19.499165171394125
518217728,23.826621252270414
518318080,31.977303691478447
518418432,43.07456532802433
518518784,42.286399250626566
518619136,28.99197874814272
518719488,4.072521652877331
518819840,6.976251875348389
518920192,9.392685488462448
519020544,15.475832554399966
519120896,19.6892834174633
519221248,15.172702843248844
519321600,13.480706459283828
519421952,10.221230953931808
519522304,10.861451067924499
519622656,18.761878292672336
519723008,38.35943068265915
519823360,37.42472002092749
519923712,3.469860861450434
520024064,5.843250392898917
520124416,7.548603950887919
520224768,7.793589631691575
520325120,10.09874444462359
520425472,11.503955290466546
520525824,13.162172061502934
520626176,14.694243435561656
520726528,29.430073694586753
520826880,44.55828438580036
520927232,38.560499907433986
521027584,40.47393209099769
521127936,1.841423000022769
521228288,6.220955571234226
521328640,9.374547643065453
521428992,6.241160914152861
521529344,6.890925593823194
521629696,8.060653869360685
521730048,8.460767995864153
521830400,11.863139454871416
521930752,14.951523026973009
522031104,22.04027489259839
522131456,43.05918674588204
522231808,46.981103314980864
522332160,9.8942181584239
522432512,4.7561405456066135
522532864,8.19255462050438
522633216,10.312648224830628
522733568,11.994417028427124
522833920,16.73694379389286
522934272,11.503160307705402
523034624,10.825780473276973
523134976,12.584877035096287
523235328,15.001985041871666
523335680,27.402420318722726
523436032,43.74213044449687
523536384,13.710420640902594
523636736,3.457103840112686
523737088,5.829944464862347
523837440,8.257025287151336
523937792,15.756262819617987
524038144,12.927536209225655
524138496,12.851487290263176
524238848,12.620880901366473
524339200,12.022275297939778
524439552,16.41072884038091
524539904,35.11839855194092
524640256,38.701076175570485
524740608,28.65609357789159
524840960,3.5900488663464785
524941312,7.428429758548736
525041664,9.577153876200319
525142016,10.845203764140606
525242368,12.377807581946254
525342720,21.830628013685345
525443072,14.868342572674155
525543424,10.49891723036766
525643776,9.682310759425164
525744128,10.876650733947754
525844480,12.456905364394188
525944832,18.10797523379326
526045184,1.8997281489148736
526145536,5.616198657304048
526245888,7.767217479348183
526346240,7.206586293652654
526446592,12.409560843408109
526546944,19.5059067389369
526647296,20.078718867897987
526747648,22.2543245279789
526848000,22.643111625909807
526948352,31.28019263625145
527048704,43.01724615223706
527149056,38.29929310806096
527249408,1.4238364980369806
527349760,5.021786624193192
527450112,10.002867727577687
527550464,10.474446978345513
527650816,12.516141926608979
527751168,16.665485171079634
527851520,15.726200863718987
527951872,13.084274262189865
528052224,12.622749341130257
528152576,13.914984018988907
528252928,23.33548197824508
528353280,28.59904192328453
528453632,15.72741645127535
528553984,4.275909979641438
528654336,7.2579715073108675
528754688,7.153560346961021
528855040,8.626318354010582
528955392,13.952010276913644
529055744,11.941913841441274
529156096,10.4272346419096
529256448,11.73739389181137
529356800,10.945237457081676
529457152,13.144109446331859
529557504,17.552799345180393
529657856,26.594908236991614
529758208,3.3888070641458032
529858560,5.2384656473621725
529958912,7.4674288007617
530059264,7.780829241275788
530159616,10.171157357096671
530259968,13.459439212679863
530360320,16.15446270823479
530460672,18.18374685049057
530561024,22.942012209091335
530661376,31.58473464468494
530761728,33.252703151255844
530862080,35.19364045023918
530962432,2.359635784700513
531062784,5.309040507376194
531163136,7.146352022588253
531263488,7.293990556299686
531363840,9.371204308718443
531464192,11.110199803709984
531564544,12.735215982794761
531664896,17.51268613278866
531765248,27.908733605742455
531865600,35.96437019664794
531965952,31.200560295172036
532066304,39.016182249188425
532166656,1.3345020367763936
532267008,4.916004728078843
532367360,7.142823838293553
532467712,8.801650976240635
532568064,9.17395546078682
532668416,10.34293894290924
532768768,15.883559131026267
532869120,19.427383891940117
532969472,34.876628670021894
533069824,39.17778775446117
533170176,34.143309807404876
533270528,35.827196294665335
533370880,20.867438923828303
533471232,4.427460671663284
533571584,7.645234713554382
533671936,8.139767125323415
533772288,7.87106345564127
533872640,14.801145818680524
533972992,13.610685154290405
534073344,14.285803568437695
534173696,14.188489962294698
534274048,16.452189889252185
534374400,35.97716527432203
534474752,47.405760508775714
534575104,35.26267431701999
534675456,2.8993162523955105
534775808,5.800893343538046
534876160,8.28457312554121
534976512,9.58002478480339
535076864,18.967573791742325
535177216,19.148804069161415
535277568,18.64270625408739
535377920,12.827054513245821
535478272,11.92809240952134
535578624,11.904060549810529
535678976,14.722379608079791
535779328,19.35234933324158
535879680,2.407735088020563
535980032,4.9031586450338365
536080384,8.092334238886833
536180736,8.10232352912426
536281088,11.692934036254883
536381440,15.528646979033947
536481792,14.973103504180909
536582144,15.338014814779163
536682496,19.434269277974963
536782848,21.507272729054094
536883200,23.248398833572864
536983552,25.43303747780621
537083904,1.5976456260308622
537184256,5.114931690692901
537284608,6.624818871384487
537384960,5.992501693814993
537485312,7.816784964799881
537585664,9.03394125983119
537686016,12.937024079412222
537786368,19.560708040446045
537886720,18.850193600654602
537987072,19.084346611499786
538087424,38.75929524034262
538187776,46.717176865339276
538288128,5.696510869977065
538388480,4.265013664141297
538488832,6.9179610875248905
538589184,6.83248538479209
538689536,11.326293949736282
538789888,11.5371292835474
538890240,11.740677240202203
538990592,14.80331226695329
539090944,16.82806380674243
539191296,15.10120873004198
539291648,19.499769426584244
539392000,19.53122746348381
539492352,18.28873490706086
539592704,3.8153464297950266
539693056,6.218862072080373
539793408,7.071174671575427
539893760,6.8115328148007395
539994112,6.715425100326538
540094464,7.940396482944489
540194816,10.762027382850647
540295168,12.728227822184563
540395520,13.368401777744293
540495872,14.981837344169616
540596224,17.43726701617241
540696576,19.469361087102442
540796928,2.7618516819179058
540897280,5.136666226387024
540997632,7.6607357412576675
541097984,7.817620720043778
541198336,9.256450216770173
541298688,18.057530799806116
541399040,17.698215450420975
541499392,16.02621872190386
541599744,14.184282568730413
541700096,20.24896413769573
541800448,39.26831313252449
541900800,44.947434674501416
542001152,7.454836714630947
542101504,4.7873893199115996
542201856,8.047035435140133
542302208,7.396371422410011
542402560,9.252803736813366
542502912,13.35023442376405
542603264,13.525794513225556
542703616,14.129625182151795
542803968,15.220432999134063
542904320,17.797560948431492
543004672,34.273246173858645
543105024,52.941885595917704
543205376,19.372820884045215
543305728,4.468261518478394
543406080,8.356308431327342
543506432,10.548525226265191
543606784,8.062363842725754
543707136,8.714893225533888
543807488,10.517383027672768
543907840,13.022698763012887
544008192,15.802889098525048
544108544,17.15173698604107
544208896,21.70761647284031
544309248,27.191782364249228
544409600,28.01905680615455
544509952,3.7143369841575624
544610304,6.155521019399166
544710656,6.261999707520008
544811008,6.619976969435811
544911360,6.940663586258888
545011712,8.169684504568577
545112064,8.245680389404297
545212416,10.03420801281929
545312768,11.998066383004188
545413120,14.899828155636788
545513472,30.18347070544958
545613824,48.69786469894461
545714176,2.5847689962387084
545814528,4.628072955831885
545914880,7.262934719324112
546015232,8.100233282372356
546115584,8.00739638440311
546215936,7.257423333823681
546316288,9.148739060461521
546416640,10.780359455645085
546516992,13.277281100451946
546617344,13.846191496551036
546717696,17.47948808848858
546818048,27.962231075484304
546918400,1.6606489792466164
547018752,4.691660098433495
547119104,7.292834932208061
547219456,8.965652920603752
547319808,13.227552467137576
547420160,15.361581831723452
547520512,15.195612451434135
547620864,16.71104273468256
547721216,26.082478761672974
547821568,32.22485046863556
547921920,27.282323494926096
548022272,28.98251650817692
548122624,9.934831685498358
548222976,4.29041674990207
548323328,7.7878522437810895
548423680,7.971435714960098
548524032,7.341948001384735
548624384,16.521316521316766
548724736,19.241070186793806
548825088,19.981187382638453
548925440,19.393947393000126
549025792,18.89125903367996
549126144,19.105510122179986
549226496,18.670603087544443
549326848,16.83423789292574
549427200,4.5095424093306065
549527552,6.013330228924751
549627904,6.69430409481749
549728256,8.921810480132699
549828608,18.058808109909297
549928960,13.68814942047
550029312,14.25282838150859
550129664,15.854627661630511
550230016,16.302076210305096
550330368,17.61630224891007
550430720,21.37389451444149
550531072,23.635913212895392
550631424,2.2934380280971527
550731776,5.82167672842741
550832128,7.3761683794111015
550932480,8.682430654205382
551032832,13.372087242901324
551133184,12.036400012820959
551233536,10.729946961849928
551333888,15.775772437192499
551434240,17.641270469464363
551534592,19.619235745854677
551634944,21.427291538603605
551735296,25.139229110181333
551835648,1.586487921476364
551936000,5.326070653051138
552036352,6.785112424194812
552136704,6.228659699242562
552237056,5.17350286476314
552337408,5.761212528347969
552437760,6.627489987015724
552538112,7.7441787400841715
552638464,15.80633235245943
552738816,19.072015673220157
552839168,20.519736214578153
552939520,22.38764293462038
553039872,10.998856135867536
553140224,5.322199135869742
553240576,6.764811187423765
553340928,6.95015859477222
553441280,7.748719562143087
553541632,9.145825140997767
553641984,9.859156912453473
553742336,10.978997252285481
553842688,17.07291097790003
553943040,23.535211393982173
554043392,25.774570101648568
554143744,21.596432392448186
554244096,11.491588308401406
554344448,4.130711472034454
554444800,4.869365299642086
554545152,5.437264616936445
554645504,6.238653409057297
554745856,6.05852480918169
554846208,8.05319673910737
554946560,10.970682585835457
555046912,11.95630646765232
555147264,12.390682256817819
555247616,15.719394789189101
555347968,20.24368942901492
555448320,23.921514726132155
555548672,2.2163942456245422
555649024,5.9748904197290535
555749376,9.552529295086861
555849728,9.133527281284332
555950080,8.56271010361612
556050432,14.645760746598244
556150784,23.427859466820955
556251136,23.17808813408017
556351488,22.811198920831085
556451840,22.18073583744466
556552192,26.958228509053587
556652544,35.170984826684
556752896,2.156671747267246
556853248,5.870336782038212
556953600,8.198852692618965
557053952,11.559869333505631
557154304,13.708707441911102
557254656,10.113196768462657
557355008,11.312450431734323
557455360,8.548752162456513
557555712,9.719114428013564
557656064,12.692533006668091
557756416,20.600254513025284
557856768,34.0518618015945
557957120,14.450881326645613
558057472,4.5835447752475735
558157824,7.9273485404253
558258176,9.044504705183208
558358528,11.614705863818527
558458880,16.54516643203795
558559232,17.74068983979523
558659584,16.047029902637004
558759936,15.673366754055023
558860288,15.67945291340351
558960640,19.80018490165472
559060992,26.359770817458628
559161344,22.95386870574206
559261696,3.7114702691463752
559362048,5.8020020693540575
559462400,8.020334281921386
559562752,7.410804412420839
559663104,16.012651686668395
559763456,22.57847584411502
559863808,25.30079085625708
559964160,21.954405363053084
560064512,21.353246784061195
560164864,21.076780334562063
560265216,22.788816355466842
560365568,25.612188700586557
560465920,3.1095105301588775
560566272,6.131993893384934
560666624,7.336041430234909
560766976,7.403133295662701
560867328,7.096585304103792
560967680,7.633448288217187
561068032,10.338670837059617
561168384,13.819079160094262
561268736,18.33996705710888
561369088,19.92963354408741
561469440,22.889418622255324
561569792,22.87092864394188
561670144,2.003684983253479
561770496,5.463507958054542
561870848,7.6705186730623245
561971200,7.859417225718499
562071552,7.6890797701478
562171904,9.06703561246395
562272256,11.407125898003578
562372608,15.093558632731437
562472960,16.602089986801147
562573312,20.466520304083826
562673664,31.191571471095084
562774016,41.552727479934696
562874368,22.130501658599822
562974720,5.564445171654224
563075072,8.639988375902176
563175424,7.878186564259231
563275776,7.450582449957729
563376128,7.424717710316181
563476480,7.417500267624855
563576832,8.793508864939213
563677184,9.472420286238194
563777536,9.420032424032689
563877888,11.176066574305295
563978240,12.458430555313825
564078592,12.30029530800879
564178944,3.215927074328065
564279296,6.707846734076738
564379648,7.193283198922873
564480000,7.469535732977092
564580352,11.21596039365977
564680704,18.200152398347853
564781056,23.586683370471
564881408,17.45567769318819
564981760,16.02585926681757
565082112,20.789086905121803
565182464,22.06567609190941
565282816,24.70333486586809
565383168,2.5681881415843963
565483520,6.128337849676609
565583872,8.253360325992107
565684224,8.99968473702669
565784576,9.247762876152992
565884928,8.862483456358314
565985280,10.214695345908403
566085632,22.32033663444221
566185984,37.269678266644476
566286336,31.744925536476075
566386688,27.75257705816068
566487040,27.139401281895115
566587392,1.6221739289164543
566687744,5.732636315822601
566788096,6.971578498780727
566888448,7.0582062220573425
566988800,9.46352633357048
567089152,14.915542256236076
567189504,20.105837647616863
567289856,23.229295463263988
567390208,23.992810511142014
567490560,26.54492417290807
567590912,37.886944797039035
567691264,36.84697431921959
567791616,1.674799744337797
567891968,4.1060670080780985
567992320,6.354918958246708
568092672,6.988922762461007
568193024,7.572230403721332
568293376,7.759505882561207
568393728,8.265820181071758
568494080,10.59780536711216
568594432,13.250971798300743
568694784,16.046425886154175
568795136,32.19736869096756
568895488,44.77683717435226
568995840,36.287631636541335
569096192,4.781159591078758
569196544,7.266336776018143
569296896,7.655709476768971
569397248,10.856857403069734
569497600,14.58097675073892
569597952,14.612802205085755
569698304,13.099499736130237
569798656,13.415199432969093
569899008,23.55219360381365
569999360,36.665819306075576
570099712,37.013527470231054
570200064,31.383921145647765
570300416,2.823459390476346
570400768,6.152425336390734
570501120,7.068407621085644
570601472,8.24948915362358
570701824,11.542624388765544
570802176,20.99199949145317
570902528,22.955082028508187
571002880,20.897074790522456
571103232,20.39786873035133
571203584,20.386770757958292
571303936,20.940225362703202
571404288,24.04756975424476
571504640,1.661377679258585
571604992,6.012954202145338
571705344,7.466091174334288
571805696,7.004795515835285
571906048,8.400136427283288
572006400,15.863233524560929
572106752,21.491384958028792
572207104,20.6027506929636
572307456,17.83212819099426
572407808,17.163487817049027
572508160,20.02105245064944
572608512,32.128230075277386
572708864,6.5023186982423065
572809216,4.653669583387673
572909568,7.905144576728344
573009920,7.164508967399597
573110272,9.95589349657297
573210624,16.989841713905335
573310976,18.360639234632252
573411328,18.607602308392526
573511680,19.071432398706676
573612032,21.388094069361685
573712384,29.975665012449028
573812736,31.35259049281478
573913088,20.44575982645154
574013440,3.384616178907454
574113792,7.591704536825419
574214144,7.774999870900064
574314496,8.904464292526246
574414848,8.431739545986057
574515200,7.372122910618782
574615552,7.5175374549627305
574715904,8.915431563481688
574816256,12.520433114990592
574916608,15.606654534563422
575016960,23.936373955309392
575117312,27.76269629964605
575217664,2.747213902939111
575318016,5.51956005513668
575418368,7.522851348519326
575518720,11.751444118022919
575619072,16.43211769193411
575719424,19.97802801668644
575819776,17.806477790772917
575920128,13.565937445163726
576020480,12.10854260377586
576120832,13.142979562804102
576221184,16.64927325181663
576321536,22.78315598897636
576421888,1.7749364794790745
576522240,5.670613272488117
576622592,7.010987481102347
576722944,8.666264407262206
576823296,13.125028037130832
576923648,16.202457223981618
577024000,26.61349423021078
577124352,25.759318718612192
577224704,18.922915092054755
577325056,31.552416021171958
577425408,33.1487688601017
577525760,31.438808923959733
577626112,1.3369205318391324
577726464,4.798276030123234
577826816,7.627666254676878
577927168,6.675245582647622
578027520,8.367172796577215
578127872,9.909238082766533
578228224,10.705506314635278
578328576,11.56916737528518
578428928,13.305542955119163
578529280,16.21783628286794
578629632,32.76642912985757
578729984,46.09677886605263
578830336,32.04176892954856
578930688,3.8739730272069575
579031040,7.060921149142087
579131392,7.428329223282635
579231744,7.399646182656288
579332096,10.094151628017425
579432448,12.907420845627785
579532800,16.924444598779083
579633152,21.921158777847886
579733504,23.13700873352587
579833856,26.14808318629861
579934208,29.31815265148878
580034560,41.40433938510716
580134912,2.783929244801402
580235264,5.466735221222043
580335616,8.885294694006443
580435968,11.724769322276115
580536320,15.51297159075737
580636672,17.930246777236462
580737024,19.0814351400733
580837376,18.495048034191132
580937728,18.89802081268281
581038080,20.622153288535774
581138432,22.698417506627738
581238784,30.131974808089435
581339136,1.762405399084091
581439488,6.0333023995161055
581539840,7.086618745028972
581640192,7.0592569111287595
581740544,10.497231132984162
581840896,16.117714132070542
581941248,19.85740338653326
582041600,20.590733433067797
582141952,20.564290745556356
582242304,21.450949811041355
582342656,24.784565120339394
582443008,28.698291139006614
582543360,10.114661175757647
582643712,5.243929151147604
582744064,8.421326710283756
582844416,7.351699448414147
582944768,7.615705838836729
583045120,15.392306780349463
583145472,23.45563658684492
583245824,24.774511299431325
583346176,23.91298298507929
583446528,20.803657952547074
583546880,21.263521593809127
583647232,22.383192299306394
583747584,15.732569209402428
583847936,3.9799858860485258
583948288,7.24182802438736
584048640,7.0880262303352355
584148992,7.418402734398842
584249344,10.06300951115787
584349696,13.469455047771335
584450048,15.803515261411667
584550400,18.449806008040905
584650752,18.88342820852995
584751104,19.881200973279775
584851456,21.251112015731632
584951808,24.074939545704982
585052160,2.7785968542844057
585152512,6.618713625967502
585252864,7.202515114620328
585353216,9.474033430218697
585453568,12.719265277981759
585553920,13.768765920996666
585654272,13.216620198339223
585754624,15.490074636861682
585854976,21.9278005708009
585955328,31.07338214762509
586055680,37.04376418054104
586156032,39.06761400997639
586256384,2.2897736567258833
586356736,5.960460865944624
586457088,7.738403960466385
586557440,7.575205379128456
586657792,18.007699967622756
586758144,21.055082164406777
586858496,18.516601326018574
586958848,22.688581114411353
587059200,21.64153457507491
587159552,19.154025186151266
587259904,23.54586430326104
587360256,27.813852655664085
587460608,7.130701292110607
587560960,5.289288852047175
587661312,6.708020152449608
587761664,7.9193167644739155
587862016,8.051792832314968
587962368,12.305883412361146
588062720,20.657854375839232
588163072,23.84394414126873
588263424,19.133437693109737
588363776,17.00680021970533
588464128,15.390755810430273
588564480,14.436912318756804
588664832,9.96944783322513
588765184,4.962133506685495
588865536,7.745222787261009
588965888,5.990900440765545
589066240,6.352311906665563
589166592,9.682784366738051
589266944,14.675796603169292
589367296,19.323515812158586
589467648,21.908990207910538
589568000,25.9570243537426
589668352,25.743812687397003
589768704,27.438416620492934
589869056,26.01392299523577
589969408,2.988800590634346
590069760,6.943749673962593
590170112,8.271309397518635
590270464,10.463317287266255
590370816,11.757285700440407
590471168,13.519488606452942
590571520,13.600169013570994
590671872,16.406070360373704
590772224,20.241970176976174
590872576,24.173215531203894
590972928,30.800887627862394
591073280,37.38726381506771
591173632,1.718077512383461
591273984,5.987983695268631
591374336,7.4608461689949035
591474688,7.459549952149391
591575040,9.871614500284196
591675392,14.216053222715855
591775744,19.397334459722043
591876096,23.54556459724903
591976448,28.114234924390914
592076800,32.85476044766605
592177152,33.155726103782655
592277504,32.00682133197785
592377856,6.887184207905084
592478208,4.569365032762289
592578560,8.49317601211369
592678912,9.651480259136298
592779264,11.08543252170086
592879616,18.040738322138786
592979968,19.464836064577103
593080320,20.02746570110321
593180672,18.344692555069923
593281024,23.561222620606422
593381376,29.68398065507412
593481728,32.40291510099545
593582080,8.759722933862358
593682432,4.896034995019436
593782784,6.871691564209759
593883136,7.728435181081295
593983488,9.834877908974885
594083840,18.477706571407616
594184192,26.251631677001715
594284544,25.525113772153855
594384896,19.09902987137437
594485248,13.872290046960115
594585600,12.434356259852647
594685952,11.364992048144341
594786304,11.559560061991215
594886656,3.2524313804879785
594987008,6.459632643908262
595087360,7.397268705070019
595187712,8.486051385998726
595288064,16.694771927595138
595388416,14.296117224395275
595488768,12.989720529019833
595589120,14.102220307290555
595689472,18.547546307519077
595789824,22.52430357404053
595890176,23.180714418664575
595990528,24.19437629677355
596090880,1.7637154951691627
596191232,6.112837082445622
596291584,7.452318889796734
596391936,6.5456723430752755
596492288,10.002854855060578
596592640,18.84339783132076
596692992,18.983809210956096
596793344,17.43488366931677
596893696,18.805134920179842
596994048,19.056359899118544
597094400,19.648302686586977
597194752,27.52024997867644
597295104,1.521381531506777
597395456,5.626624392606318
597495808,8.77612982481718
597596160,9.808480467796326
597696512,14.711572142913937
597796864,13.701973460614681
597897216,13.278049393184483
597997568,16.133690967448057
598097920,22.702182415127755
598198272,24.87774104654789
598298624,31.441909732222555
598398976,39.89609611511231
598499328,16.349654967011883
598599680,4.444558188319206
598700032,7.496281969211996
598800384,7.924038789570331
598900736,11.576090756356717
599001088,18.144997983276845
599101440,19.54013342499733
599201792,19.39827977180481
599302144,17.537436695098876
599402496,13.986487142443657
599502848,14.855853719115258
599603200,21.416382263600827
599703552,22.61480956979096
599803904,2.960938122868538
599904256,6.6428741426207125
600004608,8.34861829124391
600104960,8.772828698977827
600205312,13.342897633314132
600305664,24.89524900050834
600406016,23.36591920889914
600506368,20.962772962227465
600606720,22.71373689509928
600707072,23.578388556540013
600807424,40.90141782959923
600907776,43.2194320577383
601008128,1.9677851429581643
601108480,5.851238642036915
601208832,6.810315896198153
601309184,5.2004975580051545
601409536,9.990020627304911
601509888,17.499739994853734
601610240,17.923920601010323
601710592,17.853297613859176
601810944,19.993541697859765
601911296,22.829881764650345
602011648,27.17219100058079
602112000,26.047405741214753
602212352,1.6235406620800494
602312704,5.239500768780708
602413056,7.8098644358664755
602513408,6.824635174870491
602613760,6.281291432604194
602714112,11.744821622371674
602814464,20.728465972733684
602914816,18.75228648536373
603015168,18.46846359273419
603115520,23.345110907554627
603215872,32.653180951476095
603316224,29.701808404922485
603416576,13.383860917715356
603516928,4.763006153702736
603617280,7.025290185511112
603717632,7.2919239372015
603817984,10.822873384952546
603918336,22.110139778852464
604018688,20.27486814439297
604119040,17.525215401388706
604219392,19.420118599385024
604319744,28.05140148818493
604420096,30.965409502983093
604520448,31.13672562211752
604620800,27.13139615062624
604721152,4.0882014697790146
604821504,6.800878607816994
604921856,6.996351883113384
605022208,6.599824146330357
605122560,7.345321311503649
605222912,10.409881514310836
605323264,11.531515201330185
605423616,16.257296652197837
605523968,21.963027037978172
605624320,24.937378278374673
605724672,29.62264560639858
605825024,36.221702721714976
605925376,2.9533660776168107
606025728,7.148730027079583
606126080,7.334882719144225
606226432,11.132601321339607
606326784,11.322685702592134
606427136,10.444554819464683
606527488,14.75611591860652
606627840,17.212335343807936
606728192,17.185224217176437
606828544,17.50050901353359
606928896,21.395275951623915
607029248,24.390531396269797
607129600,5.24799382660538
607229952,5.670559310019017
607330304,6.872366609824821
607430656,7.825625144839287
607531008,9.349511328935623
607631360,16.967711445093155
607731712,20.29353356063366
607832064,20.568542999625205
607932416,17.56453508010134
608032768,16.43157723000273
608133120,22.32318344404921
608233472,55.28485209107399
608333824,15.797536985743792
608434176,5.227502913624048
608534528,8.107653794586659
608634880,7.211417815685272
608735232,8.064159566164017
608835584,12.133636613562704
608935936,12.734322591871024
609036288,12.602798546850682
609136640,13.570710925757885
609236992,18.287669646441937
609337344,28.463795357346534
609437696,40.27543848231435
609538048,36.04691650025546
609638400,3.1678068144991993
609738752,7.653542961329221
609839104,8.376964887455106
609939456,9.350569223165513
610039808,12.230166780352592
610140160,17.722285464331506
610240512,16.305445907413958
610340864,18.28475295640528
610441216,20.380483170598744
610541568,23.785002877116202
610641920,28.806892377138137
610742272,36.38858934938908
610842624,2.186094579398632
610942976,7.06449258685112
611043328,9.812417794689535
611143680,8.7329340711236
611244032,8.693845075666905
611344384,12.332907342016696
611444736,20.03338584572077
611545088,35.802172199487686
611645440,35.38977112196386
611745792,23.559227147996424
611846144,18.41530453339219
611946496,23.088743697404862
612046848,1.770173499584198
612147200,6.070274395942688
612247552,7.901608894169331
612347904,8.335235934853554
612448256,8.500860966145993
612548608,15.35262599349022
612648960,19.345255039930343
612749312,18.601187584400176
612849664,19.197311238795518
612950016,24.07768434599042
613050368,36.66094900220632
613150720,42.38018569990992
613251072,13.251431498527527
613351424,4.291827920973301
613451776,7.418182919695973
613552128,9.276418755948544
613652480,9.492933266758918
613752832,13.870698254555464
613853184,23.61055075496435
613953536,27.461898921728135
614053888,22.19981635876
614154240,16.896646481826902
614254592,22.518281987309457
614354944,35.748149607628584
100352,-2.5748865073919296
200704,-2.6112108147144317
301056,-2.5557871069014073
401408,-2.5585213260352613
501760,-2.7243249374628067
602112,-2.6325488927960397
702464,-2.7187869822978974
802816,-2.676747614145279
903168,-2.64248910844326
1003520,-2.8685194128751754
1103872,-2.65503842972219
1204224,-2.8273653414845468
1304576,-3.1553217352181675
1404928,-2.5762426012754442
1505280,-2.6537648791074755
1605632,-2.5030212369561196
1705984,-2.6206900292634963
1806336,-2.6993828780949114
1906688,-2.687988580465317
2007040,-2.795691724419594
2107392,-2.789112611413002
2207744,-2.716206918358803
2308096,-2.8344657051563265
2408448,-2.602450979202986
2508800,-2.501121723651886
2609152,-2.9294451478123666
2709504,-2.9149810287356375
2809856,-2.818430333100259
2910208,-2.8593778800964356
3010560,-2.969410135410726
3110912,-3.142785985097289
3211264,-2.7391911531239748
3311616,-2.666911497116089
3411968,-3.249908471703529
3512320,-3.0817533138394357
3612672,-3.315386095046997
3713024,-3.203494617938995
3813376,-3.717906517088413
3913728,-3.05629744887352
4014080,-3.312435033619404
4114432,-3.2561057889834046
4214784,-2.938474451005459
4315136,-3.396321734264493
4415488,-3.0260705895721913
100352,-2.678714088201523
200704,-2.63825119972229
301056,-2.6712193620204925
401408,-2.588815670311451
501760,-2.661713967323303
602112,-2.5443804305791855
702464,-2.538736946582794
802816,-2.606879675388336
903168,-2.613773165941238
1003520,-2.48743347376585
1103872,-2.5197326737642287
1204224,-2.6336409461498262
1304576,-3.0740287405252458
1404928,-2.7221934109926225
1505280,-2.653721671104431
1605632,-2.626189593970776
1705984,-2.5525474421307446
1806336,-2.530024063587189
1906688,-2.6068822795152666
2007040,-2.6550085878372194
2107392,-2.6654101821780203
2207744,-2.4990264935791493
2308096,-2.6226323395967484
2408448,-2.6314008842408656
2508800,-2.518739326745272
2609152,-2.459957053475082
2709504,-2.4833492362499237
2809856,-3.075525675751269
2910208,-2.7606121870875358
100352,-2.6841812133789062
200704,-2.6029146552085876
301056,-2.634931117892265
401408,-2.645703992843628
501760,-2.520128446817398
602112,-2.6181823897361753
702464,-2.677954159602523
802816,-2.5704596745967865
903168,-2.644264531433582
1003520,-2.531846892014146
1103872,-2.8289744704961777
1204224,-2.7268475890159607
1304576,-3.035039864182472
1404928,-2.798423410654068
1505280,-2.614709180593491
1605632,-2.596347487345338
1705984,-2.6783724084496496
1806336,-2.594588224887848
1906688,-2.6200517028570176
2007040,-2.6017756793648004
2107392,-2.585188922286034
2207744,-2.659175924658775
2308096,-2.5955290906131268
2408448,-2.5784235462546348
2508800,-2.4193550050258636
2609152,-2.8135891601443292
2709504,-2.802325747013092
2809856,-2.701313707828522
2910208,-2.93350393474102
3010560,-2.8356780016422274
3110912,-2.621969687268138
3211264,-2.8626797711849212
3311616,-2.767162356227636
3411968,-2.9715403999388217
3512320,-3.070279358625412
3612672,-3.0996296894550324
3713024,-3.158573584407568
3813376,-2.970514195896685
3913728,-3.0308941012248396
4014080,-3.647856221497059
4114432,-3.59730404779315
4214784,-4.134242395460606
4315136,-4.016176771819591
4415488,-3.984923076629639
4515840,-4.110639357194304
4616192,-4.047075451314449
4716544,-4.269827048182488
4816896,-4.429147371351719
4917248,-4.056804935373366
5017600,-3.266070383898914
5117952,-3.0043241541832684
5218304,-4.5624385404028
5318656,-3.9015253575891258
5419008,-3.972608115002513
5519360,-3.9246031392365692
5619712,-3.7859088134765626
5720064,-3.342380167171359
5820416,-3.5329636629670857
5920768,-3.4952169661596417
6021120,-3.286154514923692
6121472,-3.231353746764362
6221824,-1.6347819508612156
6322176,-2.5451365026459096
6422528,-2.63594848100096
6522880,-2.6984269333258273
6623232,-2.863072644285858
6723584,-2.437481995597482
6823936,-2.194399153459817
6924288,-2.544724295716733
7024640,-2.92765755712986
7124992,-2.7566069075651467
7225344,-2.1996041222661735
7325696,-2.3339532340224833
7426048,-1.3391722575202585
7526400,-1.456613555876538
7626752,-1.6547584916837514
7727104,-1.4670212275534869
7827456,-1.6416698732599615
7927808,-1.6656898456066846
8028160,-1.0828380316495896
8128512,-1.213109556660056
8228864,-1.0559645986184478
8329216,-1.0304023373499513
8429568,-1.032915715817362
8529920,-0.8867229663114995
8630272,-1.0341866475529968
8730624,-0.8437946861609816
8830976,-0.8187259420752525
8931328,-0.43209097292274234
9031680,-0.5790416409261525
9132032,-0.6629250442795456
9232384,-0.5201796285621821
9332736,-0.5387126169982366
9433088,-0.33128387745469806
9533440,-0.42721293365582824
9633792,-0.37340354960411787
9734144,-0.32162908870726825
9834496,-0.4828085930459201
9934848,-0.3517641502059996
10035200,-0.44710646154358985
10135552,-0.49220446264604106
10235904,-0.15693428016267716
10336256,-0.3287830965220928
10436608,-0.48680334247648716
10536960,-0.28105875236913563
10637312,-0.37609341435134414
10737664,-0.27975060290656983
10838016,-0.5367677667364478
10938368,-0.3450150170642883
11038720,-0.39129839215427636
11139072,-0.07682071856223047
11239424,-0.12515885225031526
11339776,-0.10729082027450204
11440128,-0.12081988330930471
11540480,-0.15355274338275193
11640832,-0.06867407902143896
11741184,-0.09321827117353677
11841536,-0.086905432138592
11941888,-0.011949894009158015
12042240,-0.183114234902896
12142592,-0.010057243900373578
12242944,0.08916542565450072
12343296,-0.21122553059831262
12443648,-0.17362718760967255
12544000,-0.1048753354884684
12644352,-0.10939138548448682
12744704,0.1809394559636712
12845056,0.23807410465553402
12945408,-0.0424617743305862
13045760,0.038978630322963
13146112,-0.027432346977293492
13246464,-0.01131652906537056
13346816,0.16486901454627514
13447168,0.1864502428472042
13547520,-0.057319585783407095
13647872,0.13314729675650597
13748224,0.05473691241815686
13848576,0.1366616526991129
13948928,0.10538375701755286
14049280,0.317285888036713
14149632,0.3009162798523903
14249984,0.19791695354506372
14350336,0.299121810621582
14450688,0.38110819026827814
14551040,0.17391700875014066
14651392,0.251202380489558
14751744,0.2536424647644162
14852096,0.2526605525240302
14952448,0.27589335523545744
15052800,0.3752825528010726
15153152,0.5402042596042156
15253504,0.4518717123940587
15353856,0.5761322062835097
15454208,0.5307031141314655
15554560,0.3028606275934726
15654912,0.6578442361112684
15755264,0.29714204073883593
15855616,0.48434744122438134
15955968,0.5106253706477583
16056320,0.13581316301599144
16156672,0.3850068238377571
16257024,0.5224640336632729
16357376,0.6095489444211125
16457728,0.7869905983284116
16558080,0.6817690149880946
16658432,0.7638065152056516
16758784,0.5712054744083435
16859136,0.7063489661458879
16959488,0.614566130968742
17059840,0.7028923565521836
17160192,0.8535335497558116
17260544,0.43745811979519206
17360896,0.5460441907844507
17461248,0.7728125373646617
17561600,0.8233296625129879
17661952,0.9173665206879378
17762304,0.963077154904604
17862656,0.8077125427871943
17963008,0.8907966002100147
18063360,0.7296661078277975
18163712,1.0472384595451876
18264064,1.154242567382753
18364416,1.0331523481942713
18464768,0.9828045855648816
18565120,0.7865362113900483
18665472,1.2472948409430682
18765824,1.494933727812022
18866176,0.9109944394230842
18966528,1.1641293182596564
19066880,1.0950680781807751
19167232,1.4157456835731863
19267584,1.333645645622164
19367936,0.9952654081024229
19468288,1.1901972657442093
19568640,1.127611175198108
19668992,1.3248152767308057
19769344,0.515873172134161
19869696,1.6642601350788027
19970048,1.35474892757833
20070400,1.4104918487370015
20170752,1.7015851718373596
20271104,1.4250609197095037
20371456,1.5135502765700222
20471808,1.588763846307993
20572160,1.4992671797797084
20672512,1.896518051624298
20772864,1.849720871448517
20873216,2.1290162378177047
20973568,0.4581208188552409
21073920,1.6931430957932025
21174272,1.7959413064271212
21274624,1.9640159620251507
21374976,2.1532337452098727
21475328,1.8085838112793864
21575680,1.8630285735428334
21676032,2.004051848426461
21776384,1.9031440066313372
21876736,1.966221911981702
21977088,2.3412545709311963
22077440,1.6823590761004015
22177792,1.5913263407163323
22278144,1.7585317497700452
22378496,2.1520426048897208
22478848,2.330099013391882
22579200,1.9404800269380211
22679552,2.3717043965309856
22779904,2.107632129639387
22880256,2.6034307076223193
22980608,2.065013359244913
23080960,2.247883277796209
23181312,2.378824485670775
23281664,2.1664899196475744
23382016,2.1951434939727186
23482368,1.2977309006080031
23582720,2.5576446843519807
23683072,2.279112932216376
23783424,2.5851750303059817
23883776,2.9563244690187274
23984128,2.691407683007419
24084480,3.4462548280786724
24184832,3.1009790014103054
24285184,3.190069939736277
24385536,2.8664143670815974
24485888,2.8203662560880183
24586240,2.9885746905207635
24686592,0.8428188996389508
24786944,2.3596227242797614
24887296,2.9153930535819383
24987648,2.709773198198527
25088000,2.6813487770222126
25188352,3.283327158167958
25288704,3.0113656112551688
25389056,3.254567813258618
25489408,2.776351830214262
25589760,2.877428236231208
25690112,3.21674978133291
25790464,2.8751085723936556
25890816,0.4387157757673413
25991168,2.12813736282289
26091520,2.9623779325746
26191872,2.990062310397625
26292224,2.671806648336351
26392576,2.416275508459657
26492928,3.3493281024554746
26593280,3.401309494487941
26693632,3.2677834215015173
26793984,3.782102541830391
26894336,3.3740574311092497
26994688,3.334563667178154
27095040,2.027705793264322
27195392,1.8233065367862582
27295744,3.332568512605503
27396096,3.557329080849886
27496448,3.546920711435378
27596800,3.7866857769340276
27697152,3.994063272681087
27797504,3.8900989342853425
27897856,3.1288102869689465
27998208,3.9977740454673767
28098560,3.4547874080669136
28198912,3.6275150952860713
28299264,3.9364966263994576
28399616,1.4013513461314142
28499968,2.757681478788145
28600320,3.722084220154211
28700672,3.90295612603426
28801024,3.8647650651820005
28901376,4.355420402344317
29001728,3.625707405023277
29102080,4.103070415444672
29202432,4.129494707491249
29302784,3.4719569347053767
29403136,3.7108420107513664
29503488,4.251152001358569
29603840,0.7365676509169862
29704192,2.609608208220452
29804544,4.300342969074845
29904896,5.077725653722882
30005248,5.512557773627341
30105600,4.0471937246620655
30205952,4.944443259136751
30306304,4.303677100241185
30406656,5.339725176575594
30507008,4.57224350576289
30607360,5.117662217635662
30707712,4.643119239760563
30808064,0.49996507121250033
30908416,2.6074269151687623
31008768,3.8236980980634687
31109120,5.189147584959865
31209472,5.814794724360109
31309824,5.534851201474667
31410176,5.258754061162472
31510528,5.384333822578192
31610880,4.947980303093791
31711232,5.102403533123433
31811584,4.89193535303697
31911936,4.736007375884801
32012288,3.618831863934174
32112640,2.0292356957588344
32212992,3.353328021876514
32313344,4.429697998007759
32413696,4.360876593862194
32514048,6.147466611880809
32614400,5.44927570734173
32714752,4.8487417077831925
32815104,4.615377128347754
32915456,4.848740350268781
33015808,6.334468095041811
33116160,5.499961109235882
33216512,5.883963020099327
33316864,1.4891838470101357
33417216,3.4757006266526878
33517568,4.479462300930172
33617920,5.5716979300323874
33718272,5.232584058195353
33818624,4.40477769035846
33918976,4.949722756519914
34019328,5.454991625808179
34119680,5.722801438104361
34220032,6.061350814439356
34320384,6.749622910711914
34420736,5.858781728576869
34521088,0.7464616373367607
34621440,3.130176859498024
34721792,4.204863029383123
34822144,4.935570181980729
34922496,5.295961441472173
35022848,6.173973947539926
35123200,7.151403512023389
35223552,5.839759121220559
35323904,5.363115775100887
35424256,5.225119276759215
35524608,6.164901734888554
35624960,6.86512947998941
35725312,0.47362236691638826
35825664,2.638437028452754
35926016,3.6426946605741977
36026368,3.9930250641331075
36126720,4.878081359900534
36227072,4.869596565440297
36327424,6.290219872985035
36427776,6.290366894006729
36528128,6.04875899091363
36628480,5.50908120312728
36728832,5.688125297501683
36829184,5.311728334724903
36929536,3.2754980953549966
37029888,2.075069020530209
37130240,4.208646880825982
37230592,4.7913143514469265
37330944,5.4183053635805845
37431296,4.680592465996742
37531648,6.021182706207037
37632000,5.911014362396672
37732352,6.4715531402546915
37832704,6.067521790526808
37933056,5.010607421603054
38033408,6.787859660545364
38133760,5.605183993835235
38234112,1.6695184503262863
38334464,3.602241670638323
38434816,4.919281802857295
38535168,5.952773271296174
38635520,6.463621149549726
38735872,7.105885946899653
38836224,6.956703507509083
38936576,6.60144095428288
39036928,5.109161764718592
39137280,6.221098769009114
39237632,6.147452599965036
39337984,7.053321538493037
39438336,0.9712875377759338
39538688,3.3568618331104516
39639040,4.103542508725077
39739392,5.071659206300974
39839744,7.420575818270445
39940096,8.072295906124637
40040448,8.929132633954287
40140800,6.427137397676706
40241152,6.547413719659671
40341504,7.440436292719096
40441856,8.437492418810725
40542208,7.455276942960918
40642560,0.5870294929668307
40742912,3.146568576693535
40843264,5.53844791598618
40943616,5.926636488116347
41043968,6.062795760929585
41144320,9.144565661512315
41244672,7.852672013286501
41345024,7.895284571945667
41445376,7.350660980679095
41545728,7.084094950854778
41646080,7.881547492668033
41746432,5.347897551208734
41846784,2.44764090152923
41947136,2.268642327524722
42047488,3.597095105648041
42147840,6.172787195723504
42248192,5.831336624920368
42348544,7.6339534328132865
42448896,6.340545100644231
42549248,8.621598333120346
42649600,9.557309952694922
42749952,6.828946911804378
42850304,4.670338814258575
42950656,6.316706445962191
43051008,5.882576839881949
43151360,1.6373319714330137
43251712,3.2127619751915337
43352064,4.681539881378412
43452416,4.84725540603511
43552768,4.246848886050284
43653120,4.382772108078934
43753472,5.995895549524575
43853824,9.50818068436347
43954176,8.821865722574294
44054528,4.572798335328698
44154880,4.2626449374109505
44255232,4.340348361441865
44355584,0.8967803768627346
44455936,3.1439586417749523
44556288,5.782510827742517
44656640,7.252600934691727
44756992,9.419585774689914
44857344,8.185601990967989
44957696,6.225543774459511
45058048,6.306553508080542
45158400,7.686443164893426
45258752,8.452929902374745
45359104,8.253651280254125
45459456,6.765725986883044
45559808,0.6421615546941757
45660160,3.0825826926529407
45760512,5.677136124670506
45860864,6.730190304666758
45961216,8.35194112693891
46061568,6.88471955304034
46161920,8.552902903556824
46262272,7.850885778144002
46362624,7.107895965203642
46462976,8.290658207833767
46563328,7.664298136793077
46663680,6.055823558904231
46764032,2.215258239619434
46864384,2.66559370264411
46964736,3.6913102001696827
47065088,5.968571841418743
47165440,6.5812352642789484
47265792,9.34909864924848
47366144,12.579297187775374
47466496,8.327253659404814
47566848,6.790431993752718
47667200,6.952857952080667
47767552,6.821358339414001
47867904,6.993736445233226
47968256,8.993529317555948
48068608,1.7831648516468703
48168960,2.7848099934309722
48269312,5.008087407797575
48369664,6.118252647873014
48470016,9.94567450799048
48570368,11.389006095156073
48670720,6.676953119821847
48771072,4.777748437523842
48871424,4.744000898301602
48971776,5.612459553331137
49072128,5.568721170648932
49172480,6.522065111137927
49272832,1.3272268486116081
49373184,3.1233724508807064
49473536,4.512509736344218
49573888,5.789932650476694
49674240,6.162820147499442
49774592,7.623887780159712
49874944,11.439754500538111
49975296,12.039056731704623
50075648,9.511799404639751
50176000,7.855872994884849
50276352,5.048563892021775
50376704,9.402134821861983
50477056,0.6711059383116662
50577408,2.889135172441602
50677760,3.845429955124855
50778112,5.553209038805217
50878464,7.155813393518328
50978816,9.084588094912469
51079168,9.783063283488154
51179520,7.734606100134552
51279872,6.334112511910498
51380224,5.91571868211031
51480576,8.135767222344874
51580928,9.28116079684347
51681280,1.9097846155241132
51781632,3.164944363087416
51881984,4.705835761767812
51982336,6.542268503457308
52082688,8.370278252139688
52183040,8.905558675536886
52283392,10.467111621797084
52383744,7.633766423072666
52484096,7.022309738695622
52584448,10.644782908707857
52684800,11.172384110810235
52785152,10.300319701880216
52885504,8.672590303178877
52985856,1.6925225970335305
53086208,4.231655624434352
53186560,5.629791803658009
53286912,6.847229473609477
53387264,10.642616447936744
53487616,8.604856004677712
53587968,7.368810583334416
53688320,11.438500356078148
53788672,14.454689689949156
53889024,10.285311843790113
53989376,11.924811815917492
54089728,9.111661262428388
54190080,1.660500688739121
54290432,4.004817581642419
54390784,5.285782820377499
54491136,6.5792873429507015
54591488,7.25571874666959
54691840,8.39818873271346
54792192,12.066297990977764
54892544,12.223777890130878
54992896,9.454271450228989
55093248,10.765509898513555
55193600,13.52927622422576
55293952,18.955906071066856
55394304,0.644344459977001
55494656,3.2925398221611974
55595008,4.028111699521542
55695360,5.978119967412203
55795712,6.516131168529391
55896064,6.316510086143389
55996416,9.244473595954478
56096768,13.283222882971167
56197120,14.188473373446614
56297472,14.337181244678796
56397824,12.309517286196352
56498176,8.21841417520307
56598528,2.148008639998734
56698880,2.8968472801148892
56799232,3.3568341033160687
56899584,5.581821140944958
56999936,6.290397160574794
57100288,6.717787354290485
57200640,6.115513713695109
57300992,9.958255226165056
57401344,16.19394728567451
57501696,14.232747903242707
57602048,13.387919862121343
57702400,11.561866448745132
57802752,12.296942488402129
57903104,1.421228733845055
58003456,3.168924702964723
58103808,3.924939453229308
58204160,5.144249826297164
58304512,9.013943304587155
58404864,6.521730891820043
58505216,6.949505396932364
58605568,7.04937005774118
58705920,6.778515276983381
58806272,5.466107384227216
58906624,5.903385804761201
59006976,5.497806899379939
59107328,1.0586876265704632
59207680,3.670285336151719
59308032,5.938691750615835
59408384,5.601112440228462
59508736,6.655437166318297
59609088,6.758335613980889
59709440,8.417511188536883
59809792,6.72980144392699
59910144,7.756039694622159
60010496,6.791711696907878
60110848,5.893640778586269
60211200,6.849219818562269
60311552,0.5162461433000862
60411904,3.083391465805471
60512256,4.5051570491492745
60612608,7.7972893783357
60712960,8.832317976877093
60813312,9.894092974662781
60913664,10.207798557430506
61014016,14.009736854583025
61114368,19.008674419801682
61214720,18.773343638293444
61315072,16.91212210662663
61415424,13.97770523544401
61515776,1.925872964905575
61616128,2.5841357237892226
61716480,4.100018100142479
61816832,4.952385738380253
61917184,6.720677575916052
62017536,8.092025389671326
62117888,12.181234866976737
62218240,10.060321572944522
62318592,10.5674558642786
62418944,16.51694594055414
62519296,17.05476065903902
62619648,21.3710626000911
62720000,23.102362101040782
62820352,1.9979473357275128
62920704,3.7118121545575558
63021056,4.026500466428697
63121408,6.9293351696245375
63221760,7.078478880189359
63322112,8.321355557627976
63422464,8.709090793430805
63522816,14.434008344244212
63623168,15.819627212872728
63723520,15.546567283794284
63823872,13.554301895741373
63924224,9.198310592733323
64024576,1.410658822618425
64124928,2.9589913438167423
64225280,5.73471533447504
64325632,8.43899110181257
64425984,8.375617009615526
64526336,7.070773941278458
64626688,7.15690308380872
64727040,9.748273389488459
64827392,6.210890650283545
64927744,7.473982045985759
65028096,9.646400574585423
65128448,8.191858045086265
65228800,0.7806586477346719
65329152,2.9798233410529793
65429504,3.2629146654345096
65529856,6.317218041103334
65630208,8.223360074609518
65730560,10.12016405371949
65830912,10.678873115926981
65931264,11.252015394940972
66031616,11.705556475743652
66131968,12.25067526333034
66232320,11.5935028873384
66332672,11.048244898617268
66433024,0.43812799543142317
66533376,2.471881662318483
66633728,3.824774747574702
66734080,7.105308794090524
66834432,9.75852477516979
66934784,10.87965168878436
67035136,9.531251746267081
67135488,9.073398338332773
67235840,14.139898299425841
67336192,11.348191384151578
67436544,11.34508531153202
67536896,9.947402231036685
67637248,7.770367835802026
67737600,2.0052260565478353
67837952,3.9395226830616594
67938304,4.519091670978814
68038656,6.783375290483236
68139008,10.930325354635716
68239360,10.29016039274633
68339712,14.117134197577833
68440064,12.319955306067131
68540416,14.713692677468062
68640768,14.648166659846902
68741120,13.41311462558806
68841472,12.800496640319471
68941824,1.7803842770308256
69042176,3.2071466474235057
69142528,4.788153147399425
69242880,7.214020857512951
69343232,9.379951522964983
69443584,11.533816689999076
69543936,10.146642994731664
69644288,8.97223295584321
69744640,5.8133135943114755
69844992,7.258732510060072
69945344,9.433701983615755
70045696,15.37759111225605
70146048,0.6835290540196002
70246400,2.940684746094048
70346752,4.845369243845344
70447104,8.280319431126118
70547456,10.020918900482357
70647808,8.68541425526142
70748160,9.263550617918373
70848512,7.640910081602633
70948864,9.934486900828778
71049216,11.529168679434806
71149568,12.770474790260195
71249920,13.906520312204957
71350272,0.4710185921937227
71450624,2.782497298195958
71550976,4.118959177583456
71651328,8.87490517616272
71751680,10.779562659934163
71852032,8.363649317100645
71952384,10.600914279650897
72052736,16.20103955102153
72153088,19.223723515411837
72253440,16.467136204652487
72353792,14.111399217713624
72454144,14.307544420734049
72554496,10.290048043206333
72654848,2.374771422687918
72755200,3.206293865479529
72855552,6.222791759967804
72955904,8.837270638369954
73056256,9.456170797422528
73156608,11.005085991024972
73256960,11.019555412977933
73357312,11.586444480642676
73457664,13.975484077110886
73558016,13.215081406384707
73658368,12.938816424757242
73758720,14.311612475756556
73859072,1.1105804630368947
73959424,3.3478366513177753
74059776,4.954308553859591
74160128,7.348668346181512
74260480,8.465953218191862
74360832,12.15245938539505
74461184,12.273825605660678
74561536,13.854903280436993
74661888,14.06327176722698
74762240,17.78353468067944
74862592,19.79019593425095
74962944,15.910387432128191
75063296,0.8238645395636559
75163648,3.0839793594181537
75264000,3.5180651898495854
75364352,6.660018117912114
75464704,9.68078264027834
75565056,10.221856807805597
75665408,12.593368576094509
75765760,10.431054551042616
75866112,9.74978705815971
75966464,8.897431921828538
76066816,15.867034370265902
76167168,26.64946527455002
76267520,0.5179887096304446
76367872,2.6593076059222223
76468224,3.4146185521781445
76568576,5.050071835629642
76668928,6.953596315383911
76769280,13.229811671674252
76869632,15.82393580764532
76969984,16.818129836749286
77070336,15.056370600759983
77170688,13.520629415735602
77271040,16.715287191420792
77371392,24.467655965164305
77471744,15.718955825939775
77572096,3.13405194118619
77672448,2.955279916655272
77772800,6.266627429127693
77873152,8.245319157317281
77973504,10.037216506991536
78073856,8.249114978313447
78174208,11.49504644870758
78274560,14.706006530784071
78374912,15.261398214623332
78475264,15.939298885315656
78575616,18.20396286532283
78675968,18.769350401312114
78776320,1.2952846575342118
78876672,3.6311015190929172
78977024,5.059789606668055
79077376,7.36420079819858
79177728,9.382578252190724
79278080,11.085891515910625
79378432,13.80171871099621
79478784,13.757189184427261
79579136,14.110485362708568
79679488,13.001203723996877
79779840,12.651635567694903
79880192,14.534157791770994
79980544,1.136845601121895
80080896,3.797938502728939
80181248,3.625310315415263
80281600,4.5747725649550555
80381952,5.662259177900851
80482304,7.445275929160416
80582656,8.969032792076469
80683008,9.65808213673532
80783360,12.291547803208232
80883712,14.12433847181499
80984064,16.686341893151404
81084416,25.44614553079009
81184768,0.5076137767080218
81285120,2.9395932269841434
81385472,4.107400042191148
81485824,6.498481246680021
81586176,8.64948583083693
81686528,10.427714073769748
81786880,13.106666898299009
81887232,12.210967606455087
81987584,11.199718515705317
82087936,11.37793792648241
82188288,13.279310084115714
82288640,18.97529472693801
82388992,14.878110074726864
82489344,2.1020893936045466
82589696,5.208861865624786
82690048,5.618315169289708
82790400,6.278983912095428
82890752,6.985310005135834
82991104,8.572586487606168
83091456,8.527322275415063
83191808,10.14464432694018
83292160,12.360518187098204
83392512,16.069988151714206
83492864,22.800669638477267
83593216,27.427905901782214
83693568,1.2885193995386361
83793920,3.042177869081497
83894272,6.652291640341282
83994624,8.57189017637167
84094976,10.298191417604684
84195328,11.120090254545211
84295680,11.526752751097083
84396032,10.937082122564316
84496384,11.272649948820472
84596736,12.103233752250672
84697088,12.923543534874916
84797440,12.661730158403516
84897792,1.0817791927140206
84998144,3.8990935183130206
85098496,4.878007750734687
85198848,5.7714878759719435
85299200,7.599062576461583
85399552,9.412154648341238
85499904,10.55510496262461
85600256,11.202902577742934
85700608,12.460975615866483
85800960,14.287638337165117
85901312,16.689616112932562
86001664,23.699322994686664
86102016,2.03216541942209
86202368,3.560641212761402
86302720,3.3204151986911894
86403072,4.486921091564
86503424,8.544724318385125
86603776,10.225727079920471
86704128,11.430836982615292
86804480,12.517886806409805
86904832,16.203704295549542
87005184,19.16965258680284
87105536,16.245992293804886
87205888,18.839219814017415
87306240,13.825873929988592
87406592,2.2895321823097765
87506944,4.362173676751554
87607296,5.03226677402854
87707648,8.375864260345697
87808000,9.352119416445493
87908352,13.97093437448144
88008704,17.497861396074295
88109056,12.146688742768019
88209408,7.946700177229941
88309760,6.219867544621229
88410112,7.64368750885129
88510464,12.644406675994396
88610816,1.2504218418709934
88711168,3.4690938732400536
88811520,5.384079878530465
88911872,8.60531495243311
89012224,9.355375075405464
89112576,11.161640954762698
89212928,12.880567258000374
89313280,12.386193639878183
89413632,17.804737231843173
89513984,17.60851031988859
89614336,18.49427198865451
89714688,17.154555410444736
89815040,1.0388350289221853
89915392,3.6207243726961313
90015744,3.2593426544964315
90116096,4.745535359121859
90216448,5.547549821697175
90316800,6.833346020616591
90417152,8.222246618904173
90517504,11.473377421535552
90617856,13.939558401070535
90718208,17.964178193993867
90818560,20.896552053038032
90918912,22.84023981269449
91019264,0.48584753437899053
91119616,3.304614720493555
91219968,3.6477631273679436
91320320,6.295257036462426
91420672,9.107746253311634
91521024,11.001904686000199
91621376,10.862519049048423
91721728,10.307445377521217
91822080,9.423221768252551
91922432,9.644443365819752
92022784,9.76355447266251
92123136,10.481976470686496
92223488,4.664423293890431
92323840,2.9160001738369465
92424192,3.4913328330591322
92524544,4.001194013245404
92624896,7.044730829894543
92725248,8.016373415738345
92825600,9.306050979197025
92925952,10.059412857145071
93026304,15.182366960048675
93126656,18.887259268015622
93227008,18.95472295001149
93327360,19.95524088770151
93427712,25.241918430775403
93528064,1.4930932765360923
93628416,4.398465464785695
93728768,4.749716503769159
93829120,6.452217381037772
93929472,6.798242976479233
94029824,8.283383272886276
94130176,9.030505335330963
94230528,10.448674097955227
94330880,11.750452720969916
94431232,15.378003233969212
94531584,17.98788308724761
94631936,20.608895361870527
94732288,0.911135963818524
94832640,3.202523039225489
94932992,4.381456505060196
95033344,7.504488828405738
95133696,9.036754357926547
95234048,11.58944175183773
95334400,12.082868281481787
95434752,12.300983544690535
95535104,12.615563317313791
95635456,15.134878505021334
95735808,21.90605496156961
95836160,17.787386431880297
95936512,0.5181294870236889
96036864,3.4474106056569145
96137216,3.823093957901001
96237568,5.614016358740628
96337920,7.575922452136874
96438272,11.409338286444545
96538624,12.936403545588256
96638976,12.24476317718625
96739328,11.549794172868133
96839680,11.085874932929874
96940032,11.569263415858149
97040384,13.141266968473792
97140736,6.771583606861531
97241088,1.8719636827148498
97341440,3.4540320552326738
97441792,5.954259689077735
97542144,8.886005303170531
97642496,10.446994397975505
97742848,13.915943590858951
97843200,14.191552665308118
97943552,13.495566054657102
98043904,13.217633574083447
98144256,12.956679971292616
98244608,13.088057763651014
98344960,13.484322925657034
98445312,1.458915187418461
98545664,3.7631918160431086
98646016,3.8075160540640356
98746368,4.577700204998255
98846720,6.422551621943712
98947072,8.698343128934503
99047424,11.970461486876012
99147776,16.018897730633615
99248128,18.407238156720997
99348480,20.05076450996101
99448832,21.250515497252344
99549184,21.084955942220986
99649536,0.7811072945408523
99749888,2.0280802622437477
99850240,4.130339862331748
99950592,7.0401959942281245
100050944,9.430510095879436
100151296,11.023857598602772
100251648,13.818070329464971
100352000,14.939574915803968
100452352,14.020681175626814
100552704,13.537720231749118
100653056,13.295507729388774
100753408,13.74482158176601
100853760,0.5163870338303969
100954112,2.92063130274415
101054464,3.9219650372024626
101154816,5.16333678743802
101255168,7.074355195229873
101355520,8.447191895246506
101455872,10.756366218924523
101556224,12.715335218012333
101656576,17.668011174499988
101756928,18.812914364859463
101857280,19.493548638150095
101957632,20.8515259449929
102057984,9.642048082929104
102158336,2.8780155096016826
102258688,3.47220917603001
102359040,5.393682957142591
102459392,7.784595846645534
102559744,9.715922228321434
102660096,10.407353496178985
102760448,11.344281396325677
102860800,13.702257245983928
102961152,16.28678731000051
103061504,16.903813636060804
103161856,17.513315298631788
103262208,16.28357727728784
103362560,2.2609969812631605
103462912,3.665436306595802
103563264,5.123827630514279
103663616,6.959914750838652
103763968,9.603967729210854
103864320,11.144095481783152
103964672,11.133744710832834
104065024,11.773872367441655
104165376,13.817972589880227
104265728,16.593467315882446
104366080,17.412176316082476
104466432,20.391550164669752
104566784,1.0080016808211802
104667136,2.7439388351887466
104767488,2.752405310114846
104867840,3.914096070965752
104968192,6.074986657304689
105068544,10.34738710578531
105168896,13.23440100453794
105269248,12.873836625311524
105369600,12.435345763806254
105469952,13.216759925279767
105570304,14.043581180665642
105670656,16.226166812274606
105771008,0.6939682527631521
105871360,2.3698833563551305
105971712,4.284777420423925
106072064,5.895480258725583
106172416,8.355141750872136
106272768,11.125887600518762
106373120,13.227821812964976
106473472,13.377012307718395
106573824,14.19856017164886
106674176,15.053616955429316
106774528,25.224815767407417
106874880,30.7884571955353
106975232,9.244974810630083
107075584,2.448403855487704
107175936,4.635262871794403
107276288,4.2401802054420115
107376640,5.432761380374432
107476992,10.609135142564774
107577344,12.0450179759413
107677696,14.239809423610568
107778048,17.784694353789092
107878400,18.316311022788287
107978752,19.875460052639244
108079104,20.352912828102706
108179456,20.781260015144944
108279808,1.711700040185824
108380160,3.32394521381706
108480512,4.9534287770465015
108580864,8.420717253386975
108681216,9.246766611263157
108781568,10.303660753064323
108881920,10.684894291607197
108982272,11.933595287946519
109082624,13.607011097518262
109182976,15.034754064229782
109283328,16.12223754406441
109383680,16.74991121054161
109484032,0.893315504565835
109584384,3.2213564389571547
109684736,3.541152662113309
109785088,3.8555013930797575
109885440,5.689994578510523
109985792,8.918434176668525
110086144,10.846563901081682
110186496,13.703083992823958
110286848,14.130796675905586
110387200,14.456162077486516
110487552,15.320404750406743
110587904,17.807516070306303
110688256,0.6291410391312092
110788608,3.7881918453797696
110888960,4.14147743139416
110989312,5.098654242306948
111089664,6.5960530387982725
111190016,7.775819510929287
111290368,8.158202123753727
111390720,9.688839368037879
111491072,12.19668177973479
111591424,13.069147453047336
111691776,14.57423457596451
111792128,14.925249647833407
111892480,8.093195265885443
111992832,2.862345772199333
112093184,3.4973044551536443
112193536,5.011750862002373
112293888,8.568010883852839
112394240,11.228562040682881
112494592,11.673900352474302
112594944,12.520385665800422
112695296,13.332879715561866
112795648,13.801752191185951
112896000,14.6613171312958
112996352,16.203178913369776
113096704,15.455854543624445
113197056,1.9806605476792902
113297408,3.7782239250093697
113397760,4.682045834492892
113498112,5.383608209737576
113598464,6.581007343032398
113698816,7.237906353571452
113799168,8.26901074575726
113899520,8.26901074575726
113999872,10.204759607785382
114100224,12.410881019369699
114200576,13.868355141417123
114300928,14.687786466614343
114401280,0.7786905079428107
114501632,3.1476487438753247
114601984,4.043923584111035
114702336,5.050126022435725
114802688,8.218054975122213
114903040,10.525450235716999
115003392,10.710302462931722
115103744,11.262114745732397
115204096,11.762139081116766
115304448,13.61049047132954
115404800,15.82096246978268
115505152,16.980181090161203
115605504,0.6091768284142017
115705856,3.6780777034722267
115806208,4.115404720410006
115906560,4.629552200242179
116006912,6.180494099437492
116107264,7.556152905970812
116207616,11.180380184799432
116307968,17.190502824634315
116408320,20.388375797867774
116508672,21.22396301329136
116609024,21.471396907046437
116709376,22.823721546009182
116809728,10.50767898928374
116910080,3.419872304350138
117010432,3.788703336045146
117110784,4.803792186789215
117211136,6.932023709230125
117311488,9.199718299359084
117411840,10.778197991400956
117512192,12.567292231470347
117612544,14.823854233771563
117712896,15.497879290729761
117813248,16.242214453965424
117913600,16.580244262963532
118013952,15.68915260579437
118114304,2.3955306734750046
118214656,3.379721822924912
118315008,5.227509661391378
118415360,7.287396269328892
118515712,8.827054759562015
118616064,10.156789610683918
118716416,11.36739311594516
118816768,11.986176427789033
118917120,13.48325285691768
119017472,14.8285716605559
119117824,15.35785638142377
119218176,16.093163232095538
119318528,0.9731432285811752
119418880,3.2628688955679537
119519232,3.424741018312052
119619584,3.7786065349169076
119719936,4.902257679421455
119820288,6.506382986474782
119920640,8.331344736944883
120020992,9.444785175155848
120121344,11.477306869309395
120221696,11.98060132978484
120322048,13.1858458484523
120422400,14.413495027255268
120522752,0.6680258922325447
120623104,3.193995133098215
120723456,3.759925130661577
120823808,4.196394143681974
120924160,5.00137913659215
121024512,5.693902791887521
121124864,6.891508667916059
121225216,7.811891709268093
121325568,9.125752389132977
121425920,11.53390742868185
121526272,12.760679507888854
121626624,15.553797153867782
121726976,10.377443090304732
121827328,2.891232018917799
121927680,3.800470564626157
122028032,4.342211703173816
122128384,5.90779713165015
122228736,7.919967901557684
122329088,8.38516805484891
122429440,9.946844621039928
122529792,11.129195437915623
122630144,13.484331547506153
122730496,16.508087022043764
122830848,20.222528807204217
122931200,21.376454585269094
123031552,2.5124765119329093
123131904,3.8510958042740824
123232256,5.24697783395648
123332608,8.632004485726357
123432960,10.818706477731466
123533312,11.509389321878553
123633664,13.687987341955305
123734016,14.332700779810548
123834368,15.549031135961414
123934720,16.735537875518204
124035072,18.483785453513264
124135424,21.209689246043563
124235776,1.2571927980706095
124336128,3.3734696197742595
124436480,4.30240833694581
124536832,5.188209309652447
124637184,6.502321981266141
124737536,6.997408012226224
124837888,8.16598343975842
124938240,8.747723879888653
125038592,10.36388997681439
125138944,12.72197516091168
125239296,14.36996159799397
125339648,18.787106440775098
125440000,0.6693100070301443
125540352,3.722360206916928
125640704,4.386119634769857
125741056,5.156179374195635
125841408,5.737549994029105
125941760,6.735175824202597
126042112,7.174251997508109
126142464,8.24294943869114
126242816,8.840568776726723
126343168,9.912519587874412
126443520,14.095184928625821
126543872,22.0858997894451
126644224,13.213847844223492
126744576,2.037139825616032
126844928,3.700637921411544
126945280,4.9844461704790595
127045632,5.821522699743509
127145984,7.087528123706579
127246336,7.8712419293820854
127346688,9.177707534357905
127447040,9.446166874691844
127547392,9.856620952412486
127647744,10.36697330646217
127748096,10.36697330646217
127848448,10.555277061276138
127948800,2.457559894444421
128049152,3.8806530247628688
128149504,4.382118278667331
128249856,4.911894154772162
128350208,6.211750636100769
128450560,7.5409545201063155
128550912,8.521691677570344
128651264,9.362696902751923
128751616,12.124122864603997
128851968,13.454028241038323
128952320,16.468293388485908
129052672,18.952123035490512
129153024,1.1353897805232556
129253376,3.8289225495606662
129353728,4.635950328037143
129454080,5.335946201607585
129554432,5.722434261962771
129654784,6.034049400016666
129755136,6.993770168945193
129855488,7.6018686098605395
129955840,9.711397254541517
130056192,11.68736679263413
130156544,14.563979840427637
130256896,17.195720060020687
130357248,1.8903671578690409
130457600,3.370638148263097
130557952,4.864528929516673
130658304,5.8706575897336
130758656,6.863251534104347
130859008,7.180335097312927
130959360,8.152723261117934
131059712,8.94967257142067
131160064,9.143273442983627
131260416,9.464867848157883
131360768,9.76136188864708
131461120,11.054955793619156
131561472,5.222006125114858
131661824,3.3031974509358406
131762176,4.208926156759262
131862528,4.5422717705369
131962880,5.0274621883034705
132063232,6.1118753036856655
132163584,8.279788592457772
132263936,12.204636186435819
132364288,14.29252490825951
132464640,16.240373071879148
132564992,18.680002193152905
132665344,19.54527981042862
132765696,17.007119066873564
132866048,2.289859675243497
132966400,4.20321377709508
133066752,5.2351747831702236
133167104,6.4838725559413435
133267456,6.544939968436957
133367808,6.918427378386259
133468160,7.622560515254736
133568512,8.328220167011022
133668864,9.257245810776949
133769216,10.176662607342005
133869568,11.175827210098506
133969920,11.920737478882074
134070272,1.218278176896274
134170624,3.839159544557333
134270976,4.067826489508152
134371328,4.815243908390403
134471680,5.717671504244208
134572032,6.184043975099922
134672384,6.182187428697944
134772736,8.074462016150356
134873088,9.391741372868418
134973440,10.72562539510429
135073792,13.53792044006288
135174144,14.60968864403665
135274496,0.6591011768579483
135374848,3.0998289159685375
135475200,4.4338228362798695
135575552,5.292859478592873
135675904,6.1721865516901016
135776256,7.053482157588005
135876608,7.547213685214519
135976960,8.083041970431804
136077312,8.63218428581953
136177664,9.383958606421947
136278016,9.894835233390332
136378368,10.243217086493969
136478720,4.820751460110769
136579072,3.162619782630354
136679424,4.365258698407561
136779776,4.62511754559353
136880128,5.989903438612819
136980480,6.865398479029536
137080832,8.70623716302216
137181184,10.06994477968663
137281536,10.50790421705693
137381888,11.800437395386398
137482240,14.982172023318707
137582592,16.54004727717489
137682944,14.525681189303286
137783296,2.8891272899508476
137883648,4.295334307495505
137984000,4.697745454255491
138084352,5.607363494578749
138184704,7.06509143019095
138285056,8.591688095275313
138385408,9.81181000346318
138485760,11.325078957173973
138586112,12.32911336550489
138686464,13.412646130416542
138786816,13.722108377311379
138887168,13.758188318107278
138987520,2.2194232637621463
139087872,2.9553375910408795
139188224,3.4071871891617773
139288576,3.7403853622078898
139388928,3.8306615951657297
139489280,4.931130599081516
139589632,5.372213384211063
139689984,7.204481425881386
139790336,11.494750446081161
139890688,13.822323863506318
139991040,15.32329790353775
140091392,16.39583499789238
140191744,1.479951164489612
140292096,2.9560284651070834
140392448,4.602672202438116
140492800,5.7137999604642395
140593152,6.58378270149231
140693504,6.908315284252167
140793856,7.1216948390007015
140894208,7.764186449050904
140994560,8.759460990428925
141094912,10.45004669457674
141195264,11.990486324131489
141295616,13.09541113525629
141395968,6.397727459771558
141496320,2.3766963529214262
141596672,4.304981819614768
141697024,4.885981595553457
141797376,6.605890969187021
141897728,8.337506099864841
141998080,9.001142784282566
142098432,9.853870513364672
142198784,10.774878818914294
142299136,11.662265581414104
142399488,12.093571023270488
142499840,13.423486823365092
142600192,12.545259545147418
142700544,1.923193397782743
142800896,3.3461483101174236
142901248,3.8608090059831737
143001600,4.226657491326332
143101952,4.761068050265312
143202304,5.479836785197258
143302656,5.7033638900518415
143403008,5.9745515841245656
143503360,7.3450166219472885
143603712,9.117041388750076
143704064,11.647066835165024
143804416,13.113525735363364
143904768,1.0663963089277968
144005120,3.7207185927033426
144105472,4.756526808626949
144205824,5.360308567769826
144306176,5.529190869666636
144406528,6.163794496394694
144506880,6.682448335029185
144607232,7.144138508178294
144707584,7.393684203960001
144807936,7.393684203960001
144908288,7.677352124787867
145008640,9.293557053543628
145108992,5.480402419595048
145209344,2.684310369640589
145309696,3.7413873697072266
145410048,6.040485675483942
145510400,9.651182692050934
145610752,12.653000852763652
145711104,15.042140072882175
145811456,17.444761257469654
145911808,18.00319742143154
146012160,19.382313479483127
146112512,20.193645145595074
146212864,21.740008862912656
146313216,9.210917058764025
146413568,2.4080586777068675
146513920,4.117926023006439
146614272,5.197439508661628
146714624,5.7632714959234
146814976,5.856288325414061
146915328,7.844124231152237
147015680,10.041923583857715
147116032,11.658379882685841
147216384,12.7325756014511
147316736,12.777020877711475
147417088,13.088057822100819
147517440,11.55761369023472
147617792,1.7658076557144522
147718144,4.04386515006423
147818496,4.815787725895643
147918848,5.2699628410115835
148019200,5.6280242738500235
148119552,6.593395000435412
148219904,6.725209523178637
148320256,6.721602045036852
148420608,6.721602045036852
148520960,7.048025713898242
148621312,7.6630367812886835
148721664,8.641527763940394
148822016,1.1265073201293125
148922368,3.4813507157191634
149022720,4.13403500188142
149123072,4.428122867830098
149223424,4.846339785307646
149323776,4.855215846151114
149424128,5.075002232640982
149524480,5.8306202422082425
149624832,6.640994244664907
149725184,6.936261764615774
149825536,7.215068231672048
149925888,7.480214441865683
150026240,1.4570098147541284
150126592,3.6457981767132877
150226944,4.208416748307645
150327296,4.729489374347031
150427648,5.06096713680774
150528000,5.4698868050053715
150628352,5.68992874044925
150728704,6.573597483821214
150829056,7.276878364272416
150929408,7.556360533423722
151029760,7.864269454665482
151130112,7.864269454665482
151230464,5.298360003037378
151330816,2.8382672950811685
151431168,5.62668111115694
151531520,6.663759331554174
151631872,9.654706352800131
151732224,12.113056997209787
151832576,13.644233895391226
151932928,15.006331780403853
152033280,15.342295026779174
152133632,16.510238152742385
152233984,16.889748979210854
152334336,17.420736364126206
152434688,13.169485774114728
152535040,1.6832251087017358
152635392,3.920056633353233
152735744,4.251393813788891
152836096,5.042743955552578
152936448,5.43535854190588
153036800,5.527468214929104
153137152,6.126301570832729
153237504,6.348574293553829
153337856,6.603927927911282
153438208,6.918107686936855
153538560,7.2482109794020655
153638912,7.478760727494955
153739264,1.1039617255050689
153839616,2.9310421810671685
153939968,3.571959468498826
154040320,4.79802059262991
154140672,5.403571141958237
154241024,5.927556020021439
154341376,6.565580863952636
154441728,6.924622893333435
154542080,7.936901758909226
154642432,8.82022665143013
154742784,9.171534812450409
154843136,10.422631904780864
154943488,7.104403709340841
155043840,3.795763907134533
155144192,5.05548804461956
155244544,6.15190614938736
155344896,8.240120398998261
155445248,10.534050995707512
155545600,12.995809711515903
155645952,14.87517759487033
155746304,15.333240645974875
155846656,15.562430595010518
155947008,16.033983110040428
156047360,16.033983110040428
156147712,8.673561513703316
156248064,3.126869801878929
156348416,4.3965696611255405
156448768,4.595171304568648
156549120,5.57322522111237
156649472,6.567444730475545
156749824,7.183210558965802
156850176,7.183210558965802
156950528,7.461356046274305
157050880,8.017098990157246
157151232,8.326782918646932
157251584,8.326782918646932
157351936,7.7639338883385065
157452288,1.8715054615214468
157552640,4.358281825706363
157652992,5.301933489069342
157753344,6.081860700771212
157853696,7.030634354427457
157954048,8.593217385783792
158054400,9.393826523795724
158154752,10.51705432035029
158255104,11.581852824464441
158355456,12.100279862657189
158455808,12.411888270154595
158556160,12.791545416414738
158656512,0.9747143246978521
158756864,3.90601276836358
158857216,5.2297355598956345
158957568,5.739387145116925
159057920,6.288521502092481
159158272,6.860655789449811
159258624,7.049554853513837
159358976,7.876820584610105
159459328,8.960894345119595
159559680,10.302214039638638
159660032,10.617122844532132
159760384,10.638151632621884
159860736,7.470711201131344
159961088,3.1115559211373327
160061440,4.648841115534306
160161792,5.456504329741001
160262144,6.610573305189609
160362496,7.5350769236683846
160462848,7.822296961843968
160563200,8.332336038649082
160663552,8.879002319872379
160763904,9.493373271524906
160864256,10.596278647184372
160964608,11.980999679863453
161064960,9.77797694019042
161165312,3.0708950295299293
161265664,5.274561332985758
161366016,5.685695628449321
161466368,6.400071173012257
161566720,7.314838622808456
161667072,7.527628593444824
161767424,9.289144759178162
161867776,11.431157149076462
161968128,14.314778267145156
162068480,18.36686408638954
162168832,25.042630371451377
162269184,23.21769359027967
162369536,2.2344010381773116
162469888,4.55708631772548
162570240,6.581264844164252
162670592,7.733242828920484
162770944,9.584001706317068
162871296,10.7590281419456
162971648,11.404618225544692
163072000,11.73143581673503
163172352,11.929507825821638
163272704,12.456260698288679
163373056,12.376466603726149
163473408,12.640517088100314
163573760,4.090540206041187
163674112,3.3124307455495
163774464,3.7820399628952144
163874816,4.529048891551793
163975168,4.656990783698856
164075520,4.882990007884801
164175872,5.6504091029241685
164276224,6.842183585055173
164376576,12.24569703746587
164476928,13.384651967771351
164577280,16.80525317836553
164677632,17.974974099881948
164777984,9.668806975374464
164878336,3.4568023379147053
164978688,4.077066291719675
165079040,4.778180580139161
165179392,5.446016330718994
165279744,6.370895471572876
165380096,7.473138530254364
165480448,8.47422051474452
165580800,10.536547164171933
165681152,10.78712577626109
165781504,12.49081945464015
165881856,14.890411298722029
165982208,13.748647815957666
166082560,3.2098578065633774
166182912,4.304537853598594
166283264,5.121908128261566
166383616,5.246229520067573
166483968,5.775081956610084
166584320,5.9504013570398095
166684672,8.962580438479781
166785024,11.104863578900694
166885376,14.337381043657661
166985728,15.71663540147245
167086080,18.324491253122687
167186432,18.0547283311747
167286784,2.0833413582108915
167387136,4.273894757851958
167487488,5.135922875031829
167587840,6.501424472481013
167688192,6.9406260968744755
167788544,8.194819317013025
167888896,9.176899373680353
167989248,12.221770965382456
168089600,16.661650158688428
168189952,21.41245190151036
168290304,22.385093923434614
168390656,21.794697952903807
168491008,4.477604784388095
168591360,3.412251161709428
168691712,4.647848373055458
168792064,4.974871048536151
168892416,5.344152844566852
168992768,5.539512788672
169093120,5.947864395994693
169193472,5.947864395994693
169293824,5.947864395994693
169394176,6.246094281096012
169494528,6.6067509049363435
169594880,7.002439743895084
169695232,3.988969215694815
169795584,3.1999209958314894
169895936,5.167414838299155
169996288,6.3354882618039845
170096640,7.6991117579489945
170196992,7.811444993689657
170297344,8.881596499159933
170397696,9.59000514574349
170498048,10.588006382659078
170598400,10.614605960324406
170698752,10.909970712140202
170799104,11.27870379395783
170899456,8.475232729928102
170999808,3.2226281693577765
171100160,4.342822318673134
171200512,5.495337082147598
171300864,7.406933324337006
171401216,10.37115157097578
171501568,13.48930462628603
171601920,19.770621398985387
171702272,22.55642522960901
171802624,22.986233955919744
171902976,22.580957952141762
172003328,22.749717612862586
172103680,17.524835719279945
172204032,2.1603343273885547
172304384,4.652054657638073
172404736,5.194943607747555
172505088,5.689889206886291
172605440,6.846957508921623
172705792,7.376448940634727
172806144,8.741407789587974
172906496,11.029435573220253
173006848,13.500367282032967
173107200,14.32360727455467
173207552,15.206373955272138
173307904,14.619753034878523
173408256,1.9680029351823032
173508608,3.6455262786895037
173608960,4.324713783040643
173709312,4.985562820211053
173809664,5.986084284558892
173910016,6.238324512019753
174010368,6.653935698643327
174110720,7.615691858902574
174211072,8.176130897179245
174311424,9.834555206671357
174411776,11.630064567103982
174512128,12.494633608832956
174612480,8.243376101749018
174712832,3.360040898621082
174813184,5.292974917292595
174913536,6.4604608869552616
175013888,8.594840144962072
175114240,12.756708747893573
175214592,15.063612414747476
175314944,19.644123032540083
175415296,21.507455810010434
175515648,21.510468793809412
175616000,20.884940218627452
175716352,21.537281396090986
175816704,10.280111205792055
175917056,2.899609256833792
176017408,3.504496245384216
176117760,3.999389247298241
176218112,4.559681875109672
176318464,4.971662983298302
176418816,6.223827142715454
176519168,8.18125223338604
176619520,11.543721443414688
176719872,13.15293219447136
176820224,14.906735680103303
176920576,16.012818338871003
177020928,15.729038479644805
177121280,2.1754805386811493
177221632,4.55900658801198
177321984,5.47259274199605
177422336,7.560787940174341
177522688,10.086621119678021
177623040,12.850237894356251
177723392,15.844491210654377
177823744,16.24856408663094
177924096,16.027034335806967
178024448,15.954324076399207
178124800,16.543233471140265
178225152,15.768138894587755
178325504,7.467261397019029
178425856,3.2784996682405474
178526208,4.279260843321681
178626560,4.532548915073275
178726912,5.0369631826132535
178827264,5.506055205985904
178927616,5.735833145305515
179027968,7.003934490904212
179128320,8.747220241054892
179228672,11.038620690330863
179329024,14.76080092869699
179429376,16.78926062785089
179529728,14.810431796554475
179630080,3.6281222453713418
179730432,4.319289151355624
179830784,4.9832781321555375
179931136,5.984968502297997
180031488,7.115233688130974
180131840,8.207452507987618
180232192,9.877595025151969
180332544,11.171622694581748
180432896,12.278248749226332
180533248,13.781333685964347
180633600,14.146989321559667
180733952,12.043165421746671
180834304,3.024800646305084
180934656,3.3852718156576156
181035008,4.242753899693489
181135360,4.774527238607407
181235712,5.66660295844078
181336064,6.449127317667007
181436416,8.224366152882576
181536768,9.247284756302834
181637120,9.800868764519691
181737472,11.673226121468469
181837824,13.712644085688517
181938176,13.55110412830487
182038528,2.3300751745235173
182138880,4.2362958646100015
182239232,4.6858669971674685
182339584,6.111911888569593
182439936,8.14020069912076
182540288,10.908532005846501
182640640,15.096790799498558
182740992,19.817103405594825
182841344,21.76132526099682
182941696,22.0837481944263
183042048,22.4724839310348
183142400,20.27363241005689
183242752,1.6325848615914582
183343104,4.125460531725548
183443456,4.800169934644364
183543808,5.120051532401703
183644160,5.54945999444928
183744512,5.9145313191553575
183844864,5.8881311893602835
183945216,6.610371303572319
184045568,7.774375720038079
184145920,8.484519457831048
184246272,12.464336195006036
184346624,13.851861279024742
184446976,12.01340897056507
184547328,2.9631902799010277
184647680,4.1790139073133465
184748032,4.44351786673069
184848384,5.834019145369529
184948736,6.666495439112186
185049088,8.35378402620554
185149440,10.146844259351491
185249792,12.067405773252249
185350144,13.132978826612234
185450496,13.679955340474844
185550848,14.434849105924368
185651200,12.449202197045087
185751552,2.7431647419184446
185851904,4.221081953197718
185952256,5.124808604568243
186052608,6.5964840708673
186152960,7.724526761472225
186253312,9.156012746095657
186353664,10.192956587076187
186454016,12.466869245767594
186554368,13.195413628816604
186654720,14.073164650201797
186755072,14.073164650201797
186855424,12.988475423380732
186955776,1.9548790731281043
187056128,5.244021750688553
187156480,5.875173038542271
187256832,6.5948337522149085
187357184,7.3061265411973
187457536,8.12137442022562
187557888,9.57693470388651
187658240,12.665323199927807
187758592,14.690516968369485
187858944,15.782428627610207
187959296,19.410005297660827
188059648,20.006169631644152
188160000,1.9859556169062853
188260352,3.827400277927518
188360704,4.87672001361847
188461056,5.653181490898132
188561408,5.88563846886158
188661760,6.224445367455482
188762112,6.640672155022621
188862464,6.845173718072474
188962816,7.953892959691584
189063168,8.258266190625728
189163520,9.843970373608173
189263872,10.597985633350909
189364224,8.805834599016235
189464576,2.6639902713522314
189564928,4.97714688140899
189665280,6.03825982708484
189765632,8.713773617297411
189865984,11.841297470629215
189966336,14.315917533934117
190066688,16.389921062290668
190167040,18.083290871679782
190267392,17.956718906462193
190367744,17.926163362562658
190468096,18.194270853102207
190568448,13.283383692912757
190668800,2.527937745191157
190769152,4.458284442424774
190869504,5.054742570519448
190969856,5.805737981200219
191070208,6.267285993695259
191170560,6.796545556187629
191270912,7.711706166863442
191371264,10.849820607304572
191471616,12.353430551886559
191571968,14.591645061373711
191672320,16.421630360484123
191772672,14.40525804775767
191873024,2.399318857565522
191973376,3.8360135076195
192073728,4.747451180294156
192174080,6.027221735715866
192274432,7.903955449052155
192374784,9.901612175889314
192475136,10.330569178052247
192575488,11.371434855647385
192675840,12.164418010897935
192776192,14.176316454596817
192876544,14.102538106627762
192976896,13.826514241062105
193077248,8.630868691168725
193177600,3.1978486421704293
193277952,5.431192316412925
193378304,6.3777784869074825
193478656,7.500585826039314
193579008,8.90614027917385
193679360,10.747104743123055
193779712,12.322305599227548
193880064,13.958724508062005
193980416,14.959292211309075
194080768,16.255767721906306
194181120,18.235191051736475
194281472,15.809069304768927
194381824,3.1467737686634063
194482176,4.138254195898771
194582528,4.490415363758802
194682880,5.225512758940458
194783232,5.312988380640745
194883584,6.155072435587645
194983936,7.631267388314009
195084288,8.244227428287267
195184640,9.14511726245284
195284992,9.196296548694372
195385344,10.208364417403937
195485696,9.246020989511162
195586048,3.5059728630818427
195686400,4.463128685057163
195786752,5.667411417067051
195887104,7.479491426646709
195987456,9.352826639711857
196087808,11.102787753641605
196188160,12.994244948923587
196288512,14.282012382149697
196388864,14.972235499024391
196489216,15.54738921701908
196589568,16.23681357562542
196689920,13.70674597479403
196790272,2.6887470730394125
196890624,3.740897951424122
196990976,4.009477878808975
197091328,4.680795792341232
197191680,5.014151892364025
197292032,5.793759137094021
197392384,7.2575166174769405
197492736,9.294991218149661
197593088,12.667742401063443
197693440,15.141329399049281
197793792,15.464392253160476
197894144,14.846154227107764
197994496,1.5292299585044384
198094848,4.299172110408545
198195200,5.418728082776069
198295552,6.05041332071647
198395904,7.852083723302931
198496256,8.558202311452478
198596608,11.631854075770825
198696960,15.200560556035489
198797312,19.876956970319153
198897664,22.858283280953763
198998016,24.462741720303892
199098368,24.719233282729984
199198720,8.839673220692202
199299072,2.6599478226248174
199399424,5.311702167075127
199499776,7.509432617705316
199600128,8.783542483281344
199700480,11.456696065813302
199800832,12.589051336199045
199901184,13.224093868285417
200001536,14.007550304085017
200101888,15.777568588405847
200202240,17.029755511432885
200302592,18.413288216739893
200402944,14.193692604901734
200503296,2.5484729807637634
200603648,3.845622725486755
200704000,4.828167609572411
200804352,5.356513902544975
200904704,6.350063378214836
201005056,6.717186146378517
201105408,7.611793795228005
201205760,8.384135861992837
201306112,9.677366134524345
201406464,10.074092904925346
201506816,10.784553994685412
201607168,9.68352985529229
201707520,5.041719824355096
201807872,3.4517893834412097
201908224,4.506972340345382
202008576,5.507200347185135
202108928,6.8452911007404325
202209280,8.193957682996988
202309632,9.320590759664775
202409984,14.682403803318739
202510336,19.947142523676156
202610688,24.908261249214412
202711040,27.545028841644527
202811392,24.647565991841258
202911744,2.3537982017546892
203012096,4.547453675568104
203112448,6.04285870730877
203212800,6.913231910467148
203313152,8.32253420829773
203413504,9.099674212634563
203513856,9.54975898116827
203614208,10.693388322293758
203714560,11.353563819825649
203814912,11.674786093533038
203915264,11.964745526611805
204015616,12.212018802464009
204115968,7.933790223244578
204216320,2.5110255989618597
204316672,3.7530222299695013
204417024,4.427912758886814
204517376,4.439022581875324
204617728,4.589814583361149
204718080,5.276968733370304
204818432,5.509087480604649
204918784,5.846366590559483
205019136,6.120557292997837
205119488,7.659821324646473
205219840,8.89572114020586
205320192,7.726442617778666
205420544,3.095120325386524
205520896,4.808416377007961
205621248,5.924207411780953
205721600,6.727545090094209
205821952,7.491468680277467
205922304,7.739308033362031
206022656,7.834842245951295
206123008,8.341638420000672
206223360,10.517816801443695
206323712,11.755567689314484
206424064,14.602950171604753
206524416,12.81138756994158
206624768,2.7846481073647738
206725120,3.350055067576468
206825472,4.120887693986297
206925824,4.844616607055068
207026176,5.199900685176253
207126528,5.8397088235616685
207226880,6.1922808998823164
207327232,7.51201108276844
207427584,8.369667553305625
207527936,9.462800630927086
207628288,9.849072903990745
207728640,10.199475631862878
207828992,1.6913177955057472
207929344,3.529872693158686
208029696,4.082891242839396
208130048,4.8752817228809
208230400,6.469358314611018
208330752,7.481171433404088
208431104,9.337036856487394
208531456,10.307397469356657
208631808,11.71868679113686
208732160,14.012158098891378
208832512,15.724496732428669
208932864,16.912548572309316
209033216,13.916933932323008
209133568,2.869083900898695
209233920,4.5724834755063055
209334272,5.5102126198448245
209434624,7.974167175237089
209534976,10.653630835507066
209635328,12.531530938837678
209735680,13.002340123150498
209836032,14.189876877758651
209936384,14.588721446488053
210036736,16.057564768288284
210137088,17.446213077995925
210237440,14.103245918303728
210337792,2.320356279425323
210438144,4.702900173068047
210538496,6.427097055315971
210638848,7.802147056460381
210739200,9.243208593726159
210839552,9.966373044848442
210939904,10.608160654902457
211040256,10.608160654902457
211140608,11.722368105649949
211240960,12.990811895132065
211341312,15.625850978493691
211441664,14.446689082598313
211542016,2.142343832021579
211642368,3.6881130727380516
211742720,4.134823353514076
211843072,4.817061016783118
211943424,5.034840578064323
212043776,6.41225919149816
212144128,7.476103723868728
212244480,10.76125195108354
212344832,14.993277192115784
212445184,16.07655962228775
212545536,19.070793431401253
212645888,19.664635934233665
212746240,3.9228725189715625
212846592,3.701282321587205
212946944,5.430566860102117
213047296,7.933766577430069
213147648,12.828675966747106
213248000,16.363216544389726
213348352,17.482763810157778
213448704,19.469119859933855
213549056,20.065444643199445
213649408,21.34223809927702
213749760,22.271848945319654
213850112,22.554573398828506
213950464,10.444892518972047
214050816,3.7148617628216742
214151168,5.67111259482801
214251520,7.561631717905402
214351872,9.420045845136046
214452224,9.36173422537744
214552576,9.960335557088255
214652928,10.28073427759111
214753280,10.732460146769881
214853632,11.026798349246382
214953984,11.720841437205673
215054336,11.720841437205673
215154688,9.735557074397802
215255040,2.3719068881869316
215355392,3.1027065255492925
215455744,3.716806607916951
215556096,4.84602427855134
215656448,6.690961982160807
215756800,7.268795370012522
215857152,8.845062498003244
215957504,10.765750106722116
216057856,13.390279485732316
216158208,16.84809317216277
216258560,21.61260786756873
216358912,19.436141532100738
216459264,3.519148633182049
216559616,5.466041725454852
216659968,8.064099492803216
216760320,11.982913957536221
216860672,13.502174840569497
216961024,14.327713006734848
217061376,16.031418986022473
217161728,16.22402390807867
217262080,16.145924063920976
217362432,16.79396949648857
217462784,17.36596139550209
217563136,13.63634680017829
217663488,2.1356362448632717
217763840,3.6202424846589567
217864192,4.314568127393723
217964544,5.181569000035524
218064896,5.344128303453326
218165248,6.7373266363888975
218265600,6.907845006063581
218365952,7.487167018726468
218466304,8.023719606474042
218566656,8.397715101316571
218667008,8.763674345090985
218767360,10.792553693726658
218867712,7.574722199481912
218968064,4.430893936157227
219068416,6.516735308095813
219168768,7.879650835320353
219269120,9.548420641347766
219369472,11.456806231737136
219469824,14.454008497595787
219570176,15.473179985880853
219670528,16.608752008080483
219770880,18.074261531233788
219871232,19.180410261154176
219971584,19.235205087661743
220071936,13.306579908616841
220172288,2.6760937587916853
220272640,3.2488518311083316
220372992,3.989569720774889
220473344,4.53068983450532
220573696,4.998032344728708
220674048,5.415019899755716
220774400,6.151571860462427
220874752,7.195834951847791
220975104,7.549967259615659
221075456,8.183702087849378
221175808,11.366522642225027
221276160,10.562432400081306
221376512,1.6317015081178396
221476864,2.904293763143942
221577216,4.023321229442954
221677568,5.238196196779609
221777920,5.702446785196662
221878272,7.801320542916655
221978624,10.69766478739679
222078976,13.01869721710682
222179328,13.679982329010963
222279680,14.020545356869697
222380032,16.74373582661152
222480384,16.33535370723577
222580736,5.534013140511234
222681088,2.813825002387166
222781440,3.616355954706669
222881792,3.925107953846455
222982144,5.087243788540364
223082496,6.972800066769123
223182848,7.173228817284107
223283200,7.633862582743168
223383552,8.938128079473973
223483904,9.621375316306949
223584256,11.446782666370273
223684608,12.958293349607848
223784960,10.852322025881149
223885312,3.9687977850437166
223985664,7.123917151466012
224086016,8.744767655357718
224186368,12.178529931530356
224286720,15.89584133863449
224387072,16.969386761188506
224487424,17.864217331409453
224587776,19.12996600031853
224688128,19.184357479810714
224788480,18.399224906936286
224888832,19.07121409036219
224989184,14.227484773434698
225089536,3.049832952907309
225189888,4.121693630209193
225290240,4.737225769450888
225390592,4.886831929376349
225490944,4.973665846278891
225591296,4.973962258985266
225691648,5.605170879056677
225792000,5.5760570940282195
225892352,6.402901435783133
225992704,7.605133367469534
226093056,8.866955040385946
226193408,8.063307402981446
226293760,2.302572266757488
226394112,4.220717682885006
226494464,5.4970196944940835
226594816,6.552251577423886
226695168,9.035463331388309
226795520,11.6710808968544
226895872,14.57663252428174
226996224,17.63267989769578
227096576,22.808947404175996
227196928,26.736979994922876
227297280,30.6026337659359
227397632,23.14807714989409
227497984,3.356675274670124
227598336,4.870460490398109
227698688,6.194295304268598
227799040,9.732370008602738
227899392,13.196937736161054
227999744,13.396315982341767
228100096,16.076798646450044
228200448,15.13670034557581
228300800,13.688545736968518
228401152,13.703239527642728
228501504,13.500190015733242
228601856,13.500190015733242
228702208,4.359532489944249
228802560,3.1031297976523637
228902912,4.522594472765922
229003264,6.4703663325309755
229103616,10.486774729555473
229203968,13.028311585253105
229304320,13.812989794081076
229404672,14.869820810621604
229505024,14.845757924383506
229605376,15.43005617803894
229705728,16.2801312894281
229806080,16.2801312894281
229906432,9.908081325571985
230006784,3.083451177179813
230107136,4.87988849401474
230207488,5.747661353349685
230307840,6.500956580638886
230408192,7.510111019611359
230508544,8.854847624301911
230608896,9.57897308588028
230709248,10.515243146419525
230809600,11.798579313755035
230909952,13.686375467777252
231010304,15.023071959018708
231110656,12.144617535695433
231211008,3.9569508282840253
231311360,3.175429401397705
231411712,3.844730580896139
231512064,5.946237719357014
231612416,6.901948710978031
231712768,7.416827762424946
231813120,7.659700553715229
231913472,8.241765737831592
232013824,9.149652295410633
232114176,11.973937775194646
232214528,13.661765772402287
232314880,13.529337175935506
232415232,7.863341791927814
232515584,3.8162898705201225
232615936,5.3078430934296925
232716288,6.393764804569073
232816640,7.9885665511759
232916992,11.956397616681643
233017344,14.060134468637408
233117696,15.219868100248277
233218048,16.32510303314775
233318400,16.830892888866366
233418752,18.861089345775543
233519104,19.491029672231527
233619456,4.022334850337356
233719808,3.115306851491332
233820160,4.493878000602126
233920512,7.238635702766478
234020864,9.768734131492675
234121216,10.636909764446319
234221568,10.81905356708914
234321920,11.45604755204171
234422272,12.197835731916129
234522624,12.396218206100166
234622976,15.253331081680953
234723328,16.3333822677657
234823680,13.669493005666881
234924032,8.788887115102261
235024384,3.626236090864986
235124736,5.274552406426519
235225088,7.606086771842092
235325440,9.697336691655218
235425792,11.968506077565253
235526144,12.682288376130163
235626496,14.040893389023841
235726848,15.732912861146033
235827200,16.57560965899378
235927552,17.645087875165046
236027904,15.274893662396353
236128256,3.066889275095891
236228608,2.804476081924513
236328960,3.6579316583275796
236429312,4.3136267614364625
236529664,5.722601051479578
236630016,6.468676967769861
236730368,7.949711990505457
236830720,10.288560098558664
236931072,12.18345773115754
237031424,13.559471981674433
237131776,14.944772291332484
237232128,15.257557646017522
237332480,10.703137626256794
237432832,3.2044077344052493
237533184,3.7657471798360347
237633536,4.778077422752976
237733888,5.266939923539757
237834240,5.427791543975473
237934592,6.0804792103916405
238034944,6.356794205680489
238135296,7.828477564826608
238235648,9.500107281282544
238336000,11.722044305875897
238436352,11.646473132520914
238536704,5.113586533293128
238637056,3.338270820379257
238737408,4.146146807670593
238837760,5.546273076534272
238938112,7.564864144325257
239038464,9.088775645494461
239138816,10.270262178182602
239239168,11.67049002289772
239339520,12.852822482585907
239439872,14.785834164619446
239540224,16.769884248971938
239640576,21.669695879220964
239740928,17.75095070205629
239841280,2.972579056471586
239941632,3.8049754455685614
240041984,5.471005354374647
240142336,8.456329417675734
240242688,14.248151871412993
240343040,16.567171503044666
240443392,16.594006421901284
240543744,16.743086667396128
240644096,19.13097567114979
240744448,23.531882900036873
240844800,29.01225892484188
240945152,23.290331396777184
241045504,4.107783955037593
241145856,5.966602467298507
241246208,8.571395021677017
241346560,11.167544971108436
241446912,10.708666012883187
241547264,11.60194607257843
241647616,13.148960886001587
241747968,14.578281024023891
241848320,15.419843118712306
241948672,16.590190806910396
242049024,16.093542701527475
242149376,12.402486552838235
242249728,2.6629639714956284
242350080,3.524941784143448
242450432,4.1980201733112334
242550784,4.67706440448761
242651136,5.204928088188171
242751488,6.01479068160057
242851840,6.223340812921524
242952192,6.466607810258865
243052544,6.894507170915603
243152896,7.854038389921189
243253248,8.58477843761444
243353600,8.46967298258096
243453952,6.977673045583069
243554304,5.754115702994167
243654656,3.396229812242091
243755008,4.500815692692995
243855360,5.405830411091447
243955712,6.171096745505929
244056064,9.476939724981785
244156416,13.112529158890247
244256768,16.353208189308642
244357120,22.56038066327572
244457472,26.203144396748392
244557824,26.814816139545293
244658176,0.9739092858880758
244758528,3.7331676664575935
244858880,5.38429303127341
244959232,9.124532585069538
245059584,13.622909541130065
245159936,14.238002451956271
245260288,13.510861051976681
245360640,14.17381282389164
245460992,13.912058445811272
245561344,13.98760692536831
245661696,14.190565285086631
245762048,13.969601464867592
245862400,8.112736451420933
245962752,2.553067599479109
246063104,4.059017333388328
246163456,4.567553769946098
246263808,5.5008271881937985
246364160,6.654803275763989
246464512,8.987619717493653
246564864,9.364552607499062
246665216,10.503833637200296
246765568,12.017222542725504
246865920,16.032071794494986
246966272,22.893897022828458
247066624,21.5844895322714
247166976,2.4545441909879444
247267328,5.901968633458019
247367680,7.370462415562943
247468032,8.456385704251007
247568384,10.311351841762662
247668736,11.299667805805802
247769088,12.854219608232379
247869440,14.170880960151553
247969792,16.47826853197068
248070144,19.405556496195494
248170496,20.109724045209585
248270848,19.608732701279223
248371200,1.918150927349925
248471552,2.7484069737792014
248571904,3.207322482764721
248672256,3.370310462117195
248772608,3.99410443007946
248872960,4.615690508484841
248973312,4.982969098687172
249073664,5.79181100666523
249174016,6.057182984948159
249274368,7.393561584353447
249374720,9.907322666049003
249475072,10.958962728381158
249575424,9.827454070327803
249675776,3.5367312757950278
249776128,2.345847414061427
249876480,3.5148801738396287
249976832,5.100290201231838
250077184,6.374772773310542
250177536,7.244782318025828
250277888,8.179205709546805
250378240,8.797378550618888
250478592,10.054324698299169
250578944,12.587634123414755
250679296,16.738037007302047
250779648,15.756871668547392
250880000,3.073096616268158
250980352,4.348183775544166
251080704,5.636513793095946
251181056,8.735979379042982
251281408,12.30469633601606
251381760,14.13337575994432
251482112,15.324721091613174
251582464,18.247974073886873
251682816,20.526300481557847
251783168,21.12423865675926
251883520,22.278867827653883
251983872,18.616902750134468
252084224,7.681263580136001
252184576,2.702821714244783
252284928,3.14710589569062
252385280,3.9513803355023267
252485632,4.793288908004761
252585984,5.356833912134171
252686336,6.2329380804300305
252786688,6.866991967558861
252887040,9.807521796822549
252987392,12.525949446558952
253087744,14.089666280150414
253188096,15.35594310682267
253288448,7.495159201845527
253388800,3.6224235604703425
253489152,4.6002168308198454
253589504,6.885308938212693
253689856,10.076466116197407
253790208,12.159421312101186
253890560,13.788176033981145
253990912,14.96516268659383
254091264,15.544767431505024
254191616,17.05672400880605
254291968,17.663110355623065
254392320,18.303622020967303
254492672,12.55606938314624
254593024,2.441833332814276
254693376,3.478590642251074
254793728,4.232520784586668
254894080,4.900824780911207
254994432,5.154316654652357
255094784,5.779113531559705
255195136,6.449243905991316
255295488,7.624199704378843
255395840,8.557453396767379
255496192,9.308747723549605
255596544,10.243884156197309
255696896,9.756053386935964
255797248,7.672431626701727
255897600,3.2456447241082786
255997952,5.109873380456119
256098304,8.043284071255476
256198656,9.714908544290811
256299008,11.134110519941895
256399360,14.779510792382062
256499712,17.60870813507587
256600064,22.070397149510683
256700416,24.835298386942597
256800768,25.49933147503063
256901120,22.119004302807152
257001472,8.558418691791594
257101824,3.00247190291062
257202176,3.857087726518512
257302528,5.367403986752033
257402880,7.008546233028174
257503232,8.641964785903692
257603584,10.161957561820746
257703936,11.485787150710822
257804288,12.536916296333075
257904640,13.174015490859746
258004992,13.579469826072454
258105344,12.869051324846223
258205696,4.311211597966031
258306048,2.231251031467691
258406400,3.1063410895317793
258506752,3.8515631028264763
258607104,4.686012718081474
258707456,5.3389839422702785
258807808,5.916101404428482
258908160,6.394755584001541
259008512,7.014211910963058
259108864,8.211122657060622
259209216,8.759917753934861
259309568,10.357202444672584
259409920,9.06447811375372
259510272,3.2184884963463993
259610624,1.8801769820880145
259710976,2.8957050308957695
259811328,4.367207505851984
259911680,5.21284261494875
260012032,5.517792304754257
260112384,7.852840285748243
260212736,10.67826833575964
260313088,11.40023458212614
260413440,12.341393634974956
260513792,14.13885241240263
260614144,13.37751211790368
260714496,7.702566085066646
260814848,3.8712019648216667
260915200,3.490671684276313
261015552,4.944970643743873
261115904,6.198374687284232
261216256,7.73673532538116
261316608,10.288108737394214
261416960,13.320645115822554
261517312,14.55549377128482
261617664,19.160870962291956
261718016,27.89844839245081
261818368,26.768060665279627
261918720,2.3045422906428574
262019072,4.177282147035003
262119424,5.854528853520751
262219776,7.895326016768813
262320128,10.730714606046677
262420480,13.348252756595612
262520832,14.789474214315414
262621184,15.449079250097276
262721536,16.757743037939072
262821888,17.795311940908434
262922240,19.157766164541243
263022592,18.249844676591454
263122944,8.427587374672294
263223296,3.6890076675266026
263323648,2.296781280450523
263424000,3.1005553853139283
263524352,4.918796467073261
263624704,6.643452724516392
263725056,10.400797651112079
263825408,12.501512812674045
263925760,14.873565126955508
264026112,16.338093880712986
264126464,20.436090087294577
264226816,23.738927965611218
264327168,17.032993357162923
264427520,3.3818478062562645
264527872,5.371077758669853
264628224,7.888605219721794
264728576,11.3626597571373
264828928,16.09436493396759
264929280,18.314754586219788
265029632,19.275658100396395
265129984,19.46091513708234
265230336,19.579114167019725
265330688,20.021127831265332
265431040,20.56458554916084
265531392,15.260509867351502
265631744,8.723520551081746
265732096,3.105665764231235
265832448,4.003173008468002
265932800,5.4377256764099
266033152,7.235151536874473
266133504,7.535758673362434
266233856,8.23442070286721
266334208,8.437339177541435
266434560,8.707403250150383
266534912,8.707403250150383
266635264,9.825063224248588
266735616,8.773844914389775
266835968,5.817988026803359
266936320,2.448000005511567
267036672,4.561293229609728
267137024,6.532095904797315
267237376,10.450592908859253
267337728,15.491522651314735
267438080,20.006955162882804
267538432,22.317964516878128
267638784,22.58747409582138
267739136,23.902631757259368
267839488,24.060805971622468
267939840,20.90254150261637
268040192,9.77822679081466
268140544,3.039597186236642
268240896,3.366676007192582
268341248,3.476989674847573
268441600,3.476989674847573
268541952,3.6892306294851007
268642304,3.6892306294851007
268742656,3.9705282600596545
268843008,4.279525677151978
268943360,4.279525677151978
269043712,4.690226956494152
269144064,5.159441664107144
269244416,4.763691398445517
269344768,4.7276690500415866
269445120,4.176023619864136
269545472,5.208687615692615
269645824,8.053641235530376
269746176,10.028580051362514
269846528,10.908534545004368
269946880,12.232870523035526
270047232,14.706041201651097
270147584,16.880543147623538
270247936,20.22144050270319
270348288,22.189467557370662
270448640,17.93112549844198
270548992,3.8545377210061997
270649344,2.8866819135192783
270749696,3.29070245847106
270850048,4.587346073240042
270950400,6.01407193377614
271050752,6.782671932131052
271151104,7.202612954527139
271251456,8.311350428014993
271351808,8.311350428014993
271452160,8.311350428014993
271552512,9.168865164667368
271652864,8.392351366952061
271753216,1.9254304502904416
271853568,2.560180702805519
271953920,3.303007709980011
272054272,3.899131971001625
272154624,4.405866172909737
272254976,5.123720769286155
272355328,5.630360705256462
272455680,5.886806280016899
272556032,6.4196743565797805
272656384,6.753623145222664
272756736,8.19119125187397
272857088,8.677856050729751
272957440,7.50673175752163
273057792,4.597261177897454
273158144,2.5739834848046304
273258496,5.7612115606665615
273358848,7.942919534444809
273459200,13.133934394717217
273559552,19.650609946250917
273659904,23.299781455993653
273760256,25.442919869422912
273860608,26.771148324012756
273960960,27.363407553881405
274061312,27.702934416979552
274161664,9.793707818891853
274262016,2.4162148106843233
274362368,3.3721207582950594
274462720,5.7229737886786465
274563072,8.346419595181942
274663424,10.280148256719112
274763776,12.30265212751925
274864128,13.468283506408333
274964480,14.404212806224823
275064832,15.031448622941971
275165184,15.212264821529388
275265536,16.379412817955018
275365888,13.17868640284054
275466240,2.5768767571728675
275566592,4.10224080093205
275666944,5.7511304128915075
275767296,7.908009249642491
275867648,9.665303084924817
275968000,10.95877877600491
276068352,12.176128803491592
276168704,12.808435097932815
276269056,13.819840441942215
276369408,14.704573143720626
276469760,15.858216067552567
276570112,14.33164794366341
276670464,10.785076541113668
276770816,8.472552288579754
276871168,7.374261244344525
276971520,5.729834574270062
277071872,6.98995251160115
277172224,8.687222316861153
277272576,9.179186396598816
277372928,9.744175315499305
277473280,9.744175315499305
277573632,10.521081249713898
277673984,12.584142237901688
277774336,14.11585108035477
277874688,11.182901824053843
277975040,6.843498412903864
278075392,3.408826998621225
278175744,4.070380713194608
278276096,5.072633127570152
278376448,5.072633127570152
278476800,5.405997136831283
278577152,6.765362939834595
278677504,8.74571542263031
278777856,9.941902942955494
278878208,11.53248993307352
278978560,12.382472162041813
279078912,8.707307301219553
279179264,1.674701926615089
279279616,2.1279871184378862
279379968,2.619310869500041
279480320,2.8034893422573806
279580672,3.3412768523953855
279681024,4.79334356835112
279781376,7.224545709323138
279881728,9.477739305850118
279982080,16.617833784371616
280082432,21.976452788114546
280182784,22.96100499123335
280283136,19.8800987160136
280383488,5.535418790124822
280483840,3.234632527595386
280584192,4.386520608514547
280684544,5.668551266640424
280784896,6.847526981383562
280885248,8.08588656783104
280985600,8.38108593583107
281085952,9.70932320356369
281186304,9.70932320356369
281286656,10.13074038028717
281387008,10.592962584495545
281487360,9.54829999065958
281587712,8.698754340773448
281688064,7.936085383063182
281788416,7.452421002751216
281888768,7.167637595301494
281989120,6.449484347468242
282089472,6.0088198865111915
282189824,6.256677684849128
282290176,6.888207206567749
282390528,8.33500207236968
282490880,11.734457729039713
282591232,16.64491144478321
282691584,16.740223946347832
282791936,11.87501653663814
282892288,3.512761438684538
282992640,2.514276391910389
283092992,3.548482052208856
283193344,5.397989370943979
283293696,6.212193055497482
283394048,7.515939423339441
283494400,8.28958737407811
283594752,9.1961305711139
283695104,10.51756933887489
283795456,10.843984967665747
283895808,10.729541358221322
283996160,10.129036086695269
284096512,7.98929141134955
284196864,5.030563054988161
284297216,3.6210614735353737
284397568,4.459324165470898
284497920,4.525364974327386
284598272,5.304152906127274
284698624,5.73367541987449
284798976,7.914863870330155
284899328,9.639454421289265
284999680,15.926899977326393
285100032,19.374492347836494
285200384,17.07580532811582
285300736,7.292069493755698
285401088,6.3594278620555995
285501440,8.290491818226874
285601792,10.701147230900824
285702144,13.424222550042906
285802496,17.112516205520368
285902848,18.525432806820607
286003200,20.355354009480216
286103552,20.668952811569905
286203904,21.35357817015145
286304256,21.34383408865426
286404608,17.69277085805312
286504960,7.027592907268554
286605312,3.970462605077773
286705664,3.6907212889194487
286806016,4.445577410832048
286906368,5.339781054630875
287006720,5.879479507878423
287107072,5.879479507878423
287207424,6.165019868090749
287307776,6.700122055411339
287408128,7.056761538386345
287508480,8.523625701665878
287608832,8.241943068541586
287709184,7.428767009787261
287809536,3.785725724808872
287909888,4.36805804438889
288010240,5.714915445894003
288110592,6.839007703363896
288210944,7.999132489264011
288311296,8.942127956449985
288411648,10.319394405186177
288512000,10.897974369823933
288612352,13.071443789303302
288712704,13.808565275967121
288813056,14.929850102961064
288913408,13.034703704975545
289013760,10.314765349291266
289114112,7.394175757728517
289214464,5.023476883135736
289314816,4.992890348546207
289415168,7.2906982331350445
289515520,8.714176582880318
289615872,10.37322888303548
289716224,12.151448296681046
289816576,13.307761794701218
289916928,15.073889137879014
290017280,17.731475607529283
290117632,16.756885660667905
290217984,15.323659907062538
290318336,11.912055461187848
290418688,6.293995033209212
290519040,8.165331968665123
290619392,10.029026622474193
290719744,11.295576347410679
290820096,12.51636058241129
290920448,13.491982459812425
291020800,15.020825395374558
291121152,17.129312575547956
291221504,19.727866948335432
291321856,16.866097428551875
291422208,14.966082832566462
291522560,11.769451745054685
291622912,11.355649269632995
291723264,11.117688683085143
291823616,11.040469521097839
291923968,10.924095562510193
292024320,10.597097542099654
292124672,10.602590839676559
292225024,10.589579899124802
292325376,10.806064712814987
292425728,11.45085618238896
292526080,10.173796126618981
292626432,9.520495999399573
292726784,2.881301472876221
292827136,4.646005214247853
292927488,6.609906804934144
293027840,8.094886509850621
293128192,8.97265329785645
293228544,10.18014449544251
293328896,10.466782156899571
293429248,12.438342759087682
293529600,13.518377770856024
293629952,15.349724267199635
293730304,16.59706825027242
293830656,13.436069627273827
293931008,7.973936171736568
294031360,3.0642504348419606
294131712,3.973368027899414
294232064,4.891082085259259
294332416,5.7908399974182245
294432768,6.690284203626216
294533120,7.182426293231547
294633472,9.411130789257586
294733824,9.71994509909302
294834176,11.002322380281985
294934528,12.56735991690308
295034880,11.092943339236081
295135232,10.647170017249882
295235584,10.16818042198196
295335936,9.86212725976482
295436288,9.869205697569996
295536640,9.895197270903736
295636992,9.895197270903736
295737344,10.44489447871223
295837696,10.62233012476936
295938048,10.950715535078198
296038400,10.968846538458019
296138752,11.21268289366737
296239104,8.204687883332372
296339456,8.13812897849828
296439808,4.8598373788408935
296540160,3.935343601088971
296640512,4.611469012238086
296740864,5.3400088995322585
296841216,6.0673180786892775
296941568,6.357397304661572
297041920,9.225501846708358
297142272,12.674708223082126
297242624,14.464508473277093
297342976,15.663667377829551
297443328,16.256860151812432
297543680,13.891444443538784
297644032,6.82216174967587
297744384,3.816250884383917
297844736,5.2187533421814445
297945088,5.683588892072439
298045440,6.243823788613081
298145792,6.243823788613081
298246144,7.355936327129602
298346496,8.237314598709345
298446848,8.62621303215623
298547200,8.944487748295069
298647552,8.751174158211798
298747904,7.328242499968037
298848256,6.482418599268422
298948608,5.778559014936909
299048960,5.3802721573319285
299149312,4.607088760277256
299249664,3.7430818714108316
299350016,4.060109495064244
299450368,4.614614615580067
299550720,7.033582641864196
299651072,10.644498889744282
299751424,13.047720647156238
299851776,14.687929653823376
299952128,13.228106198804452
300052480,2.381411585630849
300152832,3.217953763641417
300253184,5.088210397325456
300353536,6.244509383440017
300453888,7.025524442195892
300554240,8.610910776853562
300654592,9.397576693296433
300754944,11.377621562480927
300855296,14.130084926486015
300955648,15.75185585319996
301056000,18.135660719275474
301156352,16.064624210968613
301256704,8.59437087275088
301357056,4.598354570269585
301457408,7.224712284505367
301557760,8.696705760657787
301658112,9.863365406692028
301758464,10.121573750674724
301858816,11.279800951182843
301959168,12.38769571274519
302059520,12.368073367774487
302159872,13.688430928885937
302260224,14.04899432629347
302360576,13.396871775416658
302460928,10.98747491660528
302561280,8.533576377211139
302661632,8.391115179834888
302761984,7.62561016398482
302862336,6.9720616467576475
302962688,6.156433656392619
303063040,6.016537783322856
303163392,5.877655012784526
303263744,6.217756761610508
303364096,7.107212148159743
303464448,8.325214491263033
303564800,8.30386930699693
303665152,7.783633091871161
303765504,7.449892188583035
303865856,7.31301263717236
303966208,7.346264797721524
304066560,7.1993923496943895
304166912,7.440870859597344
304267264,7.669669492815156
304367616,7.878690242369194
304467968,10.916318187043071
304568320,15.12118284098804
304668672,17.186283032894135
304769024,18.55354201197624
304869376,16.249863283280284
304969728,7.991538090426475
305070080,3.0423431910574434
305170432,3.1436828753352164
305270784,4.018560404255986
305371136,4.716321395710111
305471488,6.657108268216252
305571840,7.7913992456346755
305672192,9.71247090317309
305772544,11.493739809170366
305872896,12.696703132763504
305973248,15.489114892855287
306073600,14.170394581649452
306173952,12.558406963068991
306274304,4.587254144791514
306374656,8.19119641661644
306475008,10.292453563213348
306575360,12.03781487941742
306675712,13.86822437763214
306776064,16.093435010910035
306876416,18.990438524484635
306976768,21.326073318719864
307077120,22.850365787744522
307177472,24.470898967981338
307277824,21.379036143608392
307378176,15.898238687105477
307478528,2.9400358278863132
307578880,4.187920323833823
307679232,4.911189769878984
307779584,5.213477684631943
307879936,5.6797329250723125
307980288,7.792735962048173
308080640,9.017610792294144
308180992,9.344103511944413
308281344,11.237864274159074
308381696,14.5119262997061
308482048,14.948333099111915
308582400,13.767074861768632
308682752,12.828638447020204
308783104,11.681234057042747
308883456,11.161801924798638
308983808,11.090632777307183
309084160,11.027889857385308
309184512,11.038823485467583
309284864,11.038823485467583
309385216,10.880933404061944
309485568,10.99792368421331
309585920,10.99792368421331
309686272,10.99792368421331
309786624,4.589457223303616
309886976,5.420336087904871
309987328,5.643864062987268
310087680,5.978936693035066
310188032,5.978936693035066
310288384,6.484166341982782
310388736,6.484166341982782
310489088,6.990151067934931
310589440,7.960320603214204
310689792,7.960320603214204
310790144,8.268531934581697
310890496,9.265876590572297
310990848,6.6372842380777
311091200,7.108438275568187
311191552,7.206569511108101
311291904,7.132594548873604
311392256,7.20532520454377
311492608,6.941163480691611
311592960,6.342519271783531
311693312,6.589031643662602
311793664,8.922996847517789
311894016,11.270044081918895
311994368,11.992838329486549
312094720,12.771327495388686
312195072,12.285564458817243
312295424,11.336207323744894
312395776,8.955931710628793
312496128,8.761958034066483
312596480,8.120293061761185
312696832,8.01894795182161
312797184,7.954254863290116
312897536,7.82538464310579
312997888,7.82538464310579
313098240,7.83230229142122
313198592,7.866672980813309
313298944,7.866672980813309
313399296,5.27876424876973
313499648,5.344620566051454
313600000,5.832296207305044
313700352,5.911402544183656
313800704,4.972753221942112
313901056,4.495384648060426
314001408,5.849773138128221
314101760,6.807943597696721
314202112,7.984992338269949
314302464,10.645959806591272
314402816,17.19932510688901
314503168,25.793718603402375
314603520,30.287246387004853
314703872,22.372208929434418
314804224,13.64181879259646
314904576,5.257655427977443
315004928,5.526905717775225
315105280,7.148551773875952
315205632,8.34587587222457
315305984,9.619044291377067
315406336,10.509600068926812
315506688,11.113262912631034
315607040,11.909305421710014
315707392,12.216520209908486
315807744,13.404448461532592
315908096,11.976594602018595
316008448,10.955020995736122
316108800,9.871913408041001
316209152,9.418185485601425
316309504,8.953082528114319
316409856,8.823617272377014
316510208,8.781862874031066
316610560,9.101850040107966
316710912,9.272087719589472
316811264,9.415744145065545
316911616,9.58435231462121
317011968,9.925957421213388
317112320,8.617016370268539
317212672,8.596180454278365
317313024,8.214712995076551
317413376,6.556034127259627
317513728,4.568731008553877
317614080,5.003056093957275
317714432,6.792466198317706
317814784,7.773756784908474
317915136,8.809408538453281
318015488,10.43731896031648
318115840,12.773795544803143
318216192,12.773795544803143
318316544,13.546215323265642
318416896,12.228002110635861
318517248,11.78546364328824
318617600,11.067121201818809
318717952,10.655601097410544
318818304,10.54200166351162
318918656,10.454659611051902
319019008,10.634911475544795
319119360,10.063881898289546
319219712,11.759791419813409
319320064,12.860231067845598
319420416,14.361600471744314
319520768,14.612555450210348
319621120,14.1204847333394
319721472,12.649859715905041
319821824,4.468901845514774
319922176,5.214476839601994
320022528,6.168619658052921
320122880,6.527486926615238
320223232,8.506970151662827
320323584,10.58992042183876
320423936,12.094287381917239
320524288,12.71714402705431
320624640,15.110777509510518
320724992,16.453454401791095
320825344,13.512269151471555
320925696,6.599791396642104
321026048,4.282756430143491
321126400,2.929201782019809
321226752,3.645812152782455
321327104,4.265608883211389
321427456,5.148794335583225
321527808,5.686501057716087
321628160,7.007466534050182
321728512,7.343300499590113
321828864,8.929830257380381
321929216,10.279559795642271
322029568,11.015545966746286
322129920,8.40211117150262
322230272,6.317805365025997
322330624,8.87951174557209
322430976,13.520702140629291
322531328,15.076411391608417
322631680,16.40231443952769
322732032,16.527693008780478
322832384,16.325432507395746
322932736,16.490374111533164
323033088,19.26732259452343
323133440,20.6610614746809
323233792,19.88957380278036
323334144,17.07062186462805
323434496,8.149116042684764
323534848,4.789285738598555
323635200,7.356514776945114
323735552,10.963253781795501
323835904,14.855736932754517
323936256,16.386573240756988
324036608,20.152079648971558
324136960,23.34490002632141
324237312,26.327549743652344
324337664,27.0915606880188
324438016,27.216631832122804
324538368,16.61151954114437
324638720,9.329360872507095
324739072,3.816397396326065
324839424,3.657352924346924
324939776,4.635082693621516
325040128,5.611006353572011
325140480,6.7081415279209615
325240832,8.105879848003388
325341184,9.289666301757098
325441536,12.47486453950405
325541888,12.47486453950405
325642240,13.105925950407983
325742592,11.466243233624846
325842944,9.932260118369014
325943296,8.257816019896417
326043648,7.020785869006067
326144000,6.658042539004237
326244352,6.337046903017908
326344704,6.1665696653164925
326445056,5.971373875979334
326545408,5.570254233721644
326645760,5.875559935066849
326746112,6.585037531554699
326846464,6.585037531554699
326946816,6.606564383134246
327047168,7.076525906920433
327147520,7.701195181310177
327247872,7.679726935327053
327348224,7.991144545972348
327448576,8.549179571568965
327548928,8.937213266789913
327649280,9.714068573415279
327749632,9.969722641408444
327849984,9.969722641408444
327950336,10.407550037801265
328050688,11.105752829015255
328151040,10.988096564933658
328251392,10.962018797267229
328351744,10.912912395466119
328452096,10.748941197860987
328552448,9.705690945256501
328652800,8.969521101582796
328753152,8.576650198567659
328853504,8.428504732716828
328953856,8.404195962529629
329054208,11.280020220521838
329154560,12.175318823996932
329254912,12.175318823996932
329355264,12.171156284306198
329455616,11.131019776146859
329555968,10.835509970467537
329656320,10.524349329750985
329756672,10.797905711811035
329857024,10.660116772335023
329957376,10.809553579967469
330057728,10.650364699047058
330158080,10.62772548167035
330258432,10.66637216059491
330358784,10.734920687358827
330459136,11.027228750865907
330559488,11.294181475322693
330659840,10.333327647438272
330760192,10.23376993536018
330860544,9.894215201130137
330960896,9.514651119401679
331061248,9.228607835462316
331161600,9.02750019996427
331261952,9.02750019996427
331362304,9.057341909101233
331462656,9.098312005689367
331563008,9.072430314710363
331663360,9.072430314710363
331763712,9.203858079602941
331864064,8.079856936968863
331964416,8.715991175565868
332064768,8.510540714655072
332165120,8.551831225845962
332265472,7.843764602635056
332365824,7.008161346409469
332466176,5.902656776402146
332566528,6.62080211289227
332666880,7.557879086583853
332767232,8.475301548093558
332867584,9.951444438397884
332967936,10.220641711056233
333068288,9.911719004204496
333168640,9.102670204183086
333268992,6.158252608319745
333369344,3.859758101096377
333469696,4.376588771790266
333570048,5.45130789488554
333670400,6.656439517438412
333770752,8.456845961138606
333871104,10.050921240374446
333971456,10.321293931528926
334071808,10.321293931528926
334172160,10.93023212723434
334272512,10.871028468161821
334372864,9.212367994338274
334473216,8.688089486062527
334573568,7.605522058010101
334673920,7.075765743479133
334774272,5.769402867443859
334874624,7.34839204788208
334974976,9.812941758334636
335075328,12.75651983231306
335175680,16.08732501000166
335276032,17.00269986361265
335376384,17.223959900289774
335476736,17.650748154073952
335577088,16.075837379693986
335677440,9.23316043138504
335777792,3.739441042542458
335878144,5.474568327069282
335978496,7.398362698256969
336078848,9.48949757784605
336179200,10.636787247359752
336279552,11.91579445809126
336379904,13.516208412349224
336480256,16.647061814963816
336580608,18.228050970733165
336680960,18.900596949756146
336781312,16.257316282596438
336881664,11.77190420543775
336982016,7.861562315579504
337082368,5.037237679120153
337182720,3.704764703270048
337283072,5.965254521165043
337383424,12.511556380987168
337483776,18.287347441092134
337584128,21.86015420474112
337684480,23.039116087332367
337784832,24.233728933706878
337885184,27.29885483302176
337985536,25.097511420119552
338085888,18.882671869490295
338186240,4.708429900612682
338286592,7.639266862869262
338386944,9.308888533115386
338487296,11.422209222540259
338587648,11.632529302462935
338688000,13.71981594644487
338788352,17.49395526908338
338888704,19.462626128420233
338989056,20.38322977744043
339089408,20.820938284024596
339189760,21.2008922088705
339290112,17.443361949082465
339390464,14.373181883823127
339490816,13.361343371402473
339591168,12.483591830264777
339691520,11.62866324139759
339791872,11.61078060640022
339892224,11.460275616776197
339992576,11.449489503037185
340092928,11.44810650361702
340193280,11.985624375473709
340293632,12.745996545087547
340393984,13.079930165540427
340494336,11.886695958841592
340594688,11.332754994202405
340695040,10.7562584884651
340795392,9.826936164665968
340895744,8.946213267613203
340996096,8.18922634439543
341096448,7.14314576940611
341196800,6.682448843289166
341297152,9.216531052179635
341397504,10.59204394388944
341497856,10.584251578487455
341598208,12.048859988674522
341698560,12.042961122244597
341798912,12.042022062186152
341899264,11.326014341879636
341999616,8.88790251450613
342099968,7.203036934901029
342200320,6.927953258771449
342300672,9.356017009932549
342401024,10.1138892528601
342501376,11.746623911578208
342601728,14.111261703893542
342702080,15.65396775715053
342802432,16.711085233613847
342902784,16.51607997851912
343003136,12.036479781591334
343103488,4.030307805091143
343203840,4.947555882036686
343304192,5.733038762509823
343404544,7.278781534433365
343504896,9.088463190793991
343605248,10.83361820101738
343705600,13.106688417196274
343805952,13.76055759549141
343906304,15.342640281915665
344006656,17.069333201646806
344107008,17.831542316637933
344207360,15.992265421058983
344307712,9.190644625332206
344408064,4.215804352406412
344508416,6.020494883060455
344608768,7.3572288250923155
344709120,8.38404290676117
344809472,9.604040031433106
344909824,11.128358313143254
345010176,12.191710368692874
345110528,12.482017499506474
345210880,14.466944324076175
345311232,20.05318244367838
345411584,16.844214241877197
345511936,3.709486883953214
345612288,5.616404050588608
345712640,7.406834568977356
345812992,8.936208746731282
345913344,10.643773811161518
346013696,12.043398680984973
346114048,14.276404202282428
346214400,16.568644533455373
346314752,17.81115368157625
346415104,19.594169800579547
346515456,20.567866475880145
346615808,16.910408911816777
346716160,10.921904597096145
346816512,7.630406567566097
346916864,4.038989660255611
347017216,3.4744468135759234
347117568,4.563389501124621
347217920,5.92171614676714
347318272,6.686853966079652
347418624,9.133171237632633
347518976,11.105804709494114
347619328,11.736845383644104
347719680,12.125807911753654
347820032,12.225081416293978
347920384,9.857577044852079
348020736,5.396958490498364
348121088,3.4179092459380627
348221440,4.304368533939123
348321792,4.670406136848032
348422144,5.932197038754821
348522496,6.8219602971524
348622848,9.576262450143695
348723200,11.68730106316507
348823552,16.3440230358392
348923904,25.031798248365522
349024256,29.246719311773777
349124608,23.349230030588807
349224960,4.408965308666229
349325312,5.919985045492649
349425664,7.643759447336197
349526016,10.111232633590697
349626368,13.767496235519648
349726720,15.144914345890284
349827072,16.75967393890023
349927424,18.02771167293191
350027776,20.576789798885585
350128128,26.240087303072215
350228480,31.129102824032305
350328832,23.3520972191263
350429184,3.7460937011241913
350529536,5.045452820956707
350629888,6.62125927656889
350730240,10.206911857426167
350830592,16.446912201941014
350930944,18.922650452554226
351031296,18.64785619199276
351131648,18.415217467546462
351232000,18.74136981263757
351332352,19.55342141404748
351432704,20.90306948915124
351533056,18.19654352752492
351633408,12.97407154230401
351733760,10.628373971264809
351834112,9.584914527218789
351934464,8.138077400308102
352034816,7.5290414792113
352135168,7.09890144167468
352235520,6.405235632043332
352335872,7.574797708969563
352436224,9.378288395553827
352536576,9.777579012662173
352636928,11.867404831498861
352737280,11.980149841262028
352837632,11.37279567505233
352937984,8.745363238258287
353038336,4.9056860951613634
353138688,5.582046549450606
353239040,6.002912012916059
353339392,7.037854212373495
353439744,8.997627262324094
353540096,9.289490909427405
353640448,11.815710308402776
353740800,12.658747746795417
353841152,16.055001854747534
353941504,18.204209192804992
354041856,16.25244912180118
354142208,6.817128831176087
354242560,4.351968322759494
354342912,6.776409947425127
354443264,8.613461905531585
354543616,10.160551000796259
354643968,11.71128128927201
354744320,12.328871821574866
354844672,12.755763100795448
354945024,13.35095858257264
355045376,14.910055092982947
355145728,15.925899991206824
355246080,11.66062291694805
355346432,7.524794963318855
355446784,4.349614996984601
355547136,6.311859809234738
355647488,8.093835728242993
355747840,10.04836059100926
355848192,13.241644852235913
355948544,16.367500196769832
356048896,18.09632865524851
356149248,18.902417949205265
356249600,20.393615623479707
356349952,22.049070321088656
356450304,20.155217153737322
356550656,3.3952573257125915
356651008,5.267769387960434
356751360,5.781937379837036
356851712,8.020746307969093
356952064,10.007554537057876
357052416,11.970027548074722
357152768,15.273546830415725
357253120,18.84682280987501
357353472,19.0721788546443
357453824,20.594286770522594
357554176,21.983028473556043
357654528,21.57261815957725
357754880,17.106333234496415
357855232,12.224073413796724
357955584,6.303904270082712
358055936,4.380339395105839
358156288,4.997024388536811
358256640,6.730832439120859
358356992,8.935826270021499
358457344,13.406880193836987
358557696,16.449480937607586
358658048,24.09544778190553
358758400,30.839891486987472
358858752,31.871708038970826
358959104,10.658869700692595
359059456,3.9326408389769494
359159808,5.995034743100405
359260160,8.74236819729209
359360512,12.277424116283655
359460864,15.602933157682418
359561216,17.898510900735854
359661568,18.54973612189293
359761920,19.451870864629747
359862272,19.98275915503502
359962624,20.417394508123397
360062976,21.060194405317308
360163328,13.77517821252346
360263680,2.9412676222622394
360364032,4.85242908000946
360464384,6.080861414372921
360564736,7.076421879976988
360665088,8.271406726092101
360765440,8.91206524297595
360865792,10.149175802320242
360966144,11.304986140578984
361066496,11.658852202743292
361166848,13.71619329199195
361267200,15.756768263429404
361367552,14.301523768231272
361467904,7.78051271520555
361568256,4.7553964211046695
361668608,4.609062875881791
361768960,5.033132607117295
361869312,5.301236649528146
361969664,5.632919926419854
362070016,6.6357641980797055
362170368,6.7312625024467705
362270720,6.993317165002227
362371072,7.323367852792144
362471424,7.587955741509795
362571776,6.684398174397647
362672128,5.429374183863401
362772480,5.303770891875029
362872832,4.962953609675169
362973184,5.0580489294230935
363073536,5.017982143610716
363173888,5.074913877695799
363274240,5.766332101076841
363374592,7.148025871738792
363474944,9.457499704249203
363575296,11.952117517329752
363675648,13.109479792751372
363776000,17.79375252027996
363876352,15.724248178824782
363976704,3.149036338692531
364077056,4.414822154948488
364177408,7.537661348879337
364277760,10.362502424418926
364378112,12.028497152030468
364478464,14.369531663358211
364578816,15.71284384816885
364679168,16.763537708222866
364779520,17.870334559381007
364879872,18.925721236169338
364980224,19.489456315934657
365080576,17.309828432500364
365180928,11.242438017204403
365281280,8.284050058349967
365381632,6.532417337670922
365481984,8.15667889803648
365582336,9.342713033854961
365682688,10.572825648486614
365783040,10.959869486987591
365883392,11.45297031134367
365983744,11.45297031134367
366084096,12.268578116595744
366184448,13.671630584895611
366284800,11.222166258320213
366385152,8.387579513266683
366485504,3.575705246180296
366585856,4.319485817700625
366686208,4.549221670776606
366786560,4.774086973816156
366886912,5.528936503976584
366987264,6.331776122897863
367087616,7.853770277351141
367187968,8.170982887595892
367288320,11.049787990897894
367388672,15.377743175299837
367489024,17.0719109148439
367589376,13.721811177199706
367689728,6.841304940953851
367790080,4.078235237728804
367890432,5.642298571895808
367990784,6.385273049306124
368091136,7.831938322614878
368191488,9.23523191286251
368291840,11.648296107780189
368392192,13.344975231122225
368492544,15.632867663335055
368592896,16.699140221476554
368693248,16.766308685885743
368793600,6.438744890736416
368893952,3.96304381839931
368994304,5.068230056464672
369094656,7.118816808536649
369195008,9.205540885701776
369295360,10.758411901965736
369395712,14.298267147913576
369496064,16.538617609515786
369596416,18.073118171468376
369696768,20.808439982533454
369797120,21.32437279999256
369897472,21.93088293850422
369997824,14.170282504651695
370098176,8.331837000045926
370198528,4.576360501442105
370298880,4.401953748520464
370399232,5.30164995988831
370499584,5.459912199806422
370599936,5.512692112158984
370700288,6.555751644819975
370800640,6.836239617317915
370900992,7.175336024016142
371001344,7.450586930960417
371101696,7.837652180045843
371202048,7.425536732757464
371302400,6.819973715627566
371402752,4.339780593067408
371503104,3.4101487262547017
371603456,3.0379003366827964
371703808,3.5526060858368873
371804160,4.195853728652001
371904512,5.855619733929634
372004864,8.18539829030633
372105216,10.390161599367858
372205568,11.96967962667346
372305920,14.220485384315252
372406272,14.79996254093945
372506624,14.796586550399661
372606976,5.070113334059715
372707328,8.302454171180726
372807680,11.421824843883515
372908032,14.89864381313324
373008384,16.581177962124347
373108736,16.220470160245895
373209088,17.511640870869158
373309440,17.074111895561217
373409792,17.815866475105285
373510144,18.09684325695038
373610496,17.343040146203712
373710848,13.55692321059294
373811200,8.870518183978275
373911552,6.780600541206077
374011904,6.080702017396688
374112256,9.112794395461679
374212608,11.113296038284897
374312960,12.581756325885653
374413312,15.999023861810565
374513664,19.636214189752938
374614016,21.916705677956344
374714368,22.98458764836192
374814720,22.98458764836192
374915072,13.027246890552341
375015424,7.632583425827324
375115776,4.099490703828633
375216128,5.19561996974051
375316480,7.3960353001952175
375416832,8.61730503410101
375517184,11.19698682576418
375617536,13.520853942632675
375717888,15.27710906624794
375818240,19.392155796587467
375918592,27.848986317813395
376018944,30.178984393253923
376119296,22.030221967082472
376219648,3.505930569078773
376320000,2.3061371419392525
376420352,2.3374556728079914
376520704,2.6736057950928807
376621056,3.12598429273814
376721408,3.7679646364971995
376821760,4.50474539026618
376922112,4.716850215643644
377022464,5.7254520545899865
377122816,6.372516822069883
377223168,7.19480354860425
377323520,6.977500767214224
377423872,6.420031197024509
377524224,4.425254867374897
377624576,4.81539061114192
377724928,6.4672698648273945
377825280,7.667229370623827
377925632,9.213384098261594
378025984,11.670331826657057
378126336,12.139620070904494
378226688,12.87564299494028
378327040,15.472609697878362
378427392,16.451611113250255
378527744,16.411651428434997
378628096,13.837248210459947
378728448,11.627438125163316
378828800,9.43196042969823
378929152,8.357040357142687
379029504,7.007638759166002
379129856,5.821221331506967
379230208,7.196330594923348
379330560,8.274253070261329
379430912,9.174778632279486
379531264,9.47748211896047
379631616,10.022089496906847
379731968,10.024666617326439
379832320,9.735816520415247
379932672,9.636037313900887
380033024,9.119922475777566
380133376,8.821029462777078
380233728,8.787158126793802
380334080,8.787158126793802
380434432,9.234058885537088
380534784,9.066868168078363
380635136,15.885138959288597
380735488,19.69304305970669
380835840,21.515326001048088
380936192,25.67814866065979
381036544,19.680378708858044
381136896,5.004510245341808
381237248,4.646034898161888
381337600,6.043945795595646
381437952,8.605060068666935
381538304,10.96926147133112
381638656,14.827226178646088
381739008,18.610583237409593
381839360,20.618528798818588
381939712,24.20789011836052
382040064,28.874818621575834
382140416,34.198010057508945
382240768,29.368221109248697
382341120,12.107886113263667
382441472,5.036276940703392
382541824,7.901377854347229
382642176,8.964787393808365
382742528,10.454896861314774
382842880,11.293103963136673
382943232,11.912467070817947
383043584,12.721147676706314
383143936,14.26519431233406
383244288,15.386095732450485
383344640,17.69877586722374
383444992,16.24938873998821
383545344,7.043048930056393
383645696,4.248021035790443
383746048,5.006102131009102
383846400,5.613868280053139
383946752,5.968398433327675
384047104,6.865794895291328
384147456,7.238656752705574
384247808,8.621086552739143
384348160,8.887680094838142
384448512,10.204306300282479
384548864,15.207605643868446
384649216,16.247912338413297
384749568,13.829960316717624
384849920,3.1338837617635726
384950272,4.317469595521689
385050624,5.021013231128454
385150976,5.647753343582154
385251328,7.043775120526552
385351680,8.79580156043172
385452032,10.86669764354825
385552384,12.821376003026963
385652736,13.317017730474472
385753088,14.026694430112839
385853440,17.27165770471096
385953792,14.18602270230651
386054144,3.0172774162888527
386154496,4.194632771909237
386254848,5.05909413009882
386355200,6.241567176878452
386455552,7.299408675730229
386555904,8.061117872297764
386656256,8.302441059648991
386756608,8.302441059648991
386856960,8.60594345241785
386957312,9.190787781774997
387057664,11.11488104313612
387158016,9.291415039142594
387258368,5.8880015054251995
387358720,3.1801969546079634
387459072,4.396985785663128
387559424,6.684951746463776
387659776,8.358164904117585
387760128,10.035961027145385
387860480,10.035961027145385
387960832,10.476775348186493
388061184,11.395729928016662
388161536,13.004369361400604
388261888,14.018729631900788
388362240,13.87718818999827
388462592,12.361126125380396
388562944,9.89303359799087
388663296,9.184412818476558
388763648,8.307220931574703
388864000,7.459960084483027
388964352,6.974781957194209
389064704,6.8625592666119335
389165056,6.713182607218624
389265408,6.664421792551875
389365760,6.585054536387324
389466112,6.538205781504512
389566464,6.5808551817107945
389666816,6.624020861806348
389767168,6.858333265008405
389867520,7.161969963731244
389967872,7.4844129387754945
390068224,8.372032274426893
390168576,8.579826726736501
390268928,8.768310704054311
390369280,9.641528172316029
390469632,11.333641278566793
390569984,13.284681403459981
390670336,17.40588500007987
390770688,19.705006862133743
390871040,19.476106190700083
390971392,16.57160825373605
391071744,9.381004544515163
391172096,4.952951217908412
391272448,5.904799636602402
391372800,7.350731112360954
391473152,9.65673997938633
391573504,12.590379135608673
391673856,13.92181506037712
391774208,17.811842002999036
391874560,20.19498597158119
391974912,21.48485009206459
392075264,18.17101667102426
392175616,7.040941078271717
392275968,3.6969832976907493
392376320,5.580096490457654
392476672,6.537956634312868
392577024,7.396743644624949
392677376,8.391856902986765
392777728,11.117950582504273
392878080,15.557802414484321
392978432,21.720739495940506
393078784,27.236011812873183
393179136,31.89620890635997
393279488,29.06614150026813
393379840,17.036428149249403
393480192,6.486202425900847
393580544,4.929752827174962
393680896,6.11398931670934
393781248,7.9400687374547125
393881600,8.383332187123596
393981952,9.421308399625122
394082304,9.385548604018986
394182656,9.943841190822422
394283008,10.506068282611668
394383360,10.751447926051915
394483712,11.09019860792905
394584064,9.31891908074729
394684416,8.257535388274118
394784768,6.47205927441828
394885120,5.606109472913667
394985472,5.11440021649003
395085824,6.2632278600335125
395186176,10.336961858272552
395286528,14.960702291429042
395386880,17.234509402811526
395487232,17.99500377327204
395587584,20.099895431101324
395687936,21.25732555925846
395788288,17.956442200681195
395888640,11.311757335206494
395988992,7.2002287892904135
396089344,4.945181647604332
396189696,7.209868015646935
396290048,7.999636979401112
396390400,9.142606822550297
396490752,9.908225134909152
396591104,11.61960240751505
396691456,14.4228510800004
396791808,16.750998033583166
396892160,25.810528602600098
396992512,22.65463063357398
397092864,11.975230221431703
397193216,3.0571200961992147
397293568,5.173592613814399
397393920,9.00267043623142
397494272,12.813386028809473
397594624,14.283596034422517
397694976,15.035833390131593
397795328,16.169911668077113
397895680,16.35804796911776
397996032,18.295901986435055
398096384,19.09725576467812
398196736,18.655410549789668
398297088,11.753815555498004
398397440,4.137389584928751
398497792,6.224673363789916
398598144,7.935252721831202
398698496,9.46104458115995
398798848,12.067917840704322
398899200,13.698796715661883
398999552,16.88416181653738
399099904,18.10837758153677
399200256,19.01048424810171
399300608,21.307965960502624
399400960,24.108127636909487
399501312,18.498183015687392
399601664,9.881004748893902
399702016,5.352316237045452
399802368,5.479358436530456
399902720,6.670737617462874
400003072,9.468111104220151
400103424,9.912859033793211
400203776,10.4421720020473
400304128,12.484605547636747
400404480,14.553438708037138
400504832,15.843214720487595
400605184,16.16488834142685
400705536,15.207667547948658
400805888,13.286543991826475
400906240,10.78116026636213
401006592,10.771663410626353
401106944,10.143604237996042
401207296,9.865588138066233
401307648,9.224739830754697
401408000,9.053716352246703
401508352,9.109709354154766
401608704,9.108981357328593
401709056,9.069371677152812
401809408,10.26101356446743
401909760,10.748379194810987
402010112,11.184841164797545
402110464,11.478058382719755
402210816,11.780455527454615
402311168,12.322734022587538
402411520,12.284335794895888
402511872,12.429745149761438
402612224,12.229436915069819
402712576,11.531272916048765
402812928,11.06975913926959
402913280,10.63524294540286
403013632,12.703284636586904
403113984,12.705521817468107
403214336,11.96944139804691
403314688,11.662889850102365
403415040,11.165197861753404
403515392,11.25947560723871
403615744,11.159793595634401
403716096,11.23927371200174
403816448,11.121349117122591
403916800,11.617902455590665
404017152,11.935451836846768
404117504,12.448571136258543
404217856,13.602116895280778
404318208,15.759848825782537
404418560,15.190633614510297
404518912,10.698796070665122
404619264,6.941141815632582
404719616,5.407554690912366
404819968,6.128114781975746
404920320,6.63710476219654
405020672,7.922516048550606
405121024,8.312236371412872
405221376,8.618029613867401
405321728,9.563408867493273
405422080,9.951734153404832
405522432,10.331179532185196
405622784,9.71904021749273
405723136,9.447083266470582
405823488,8.913340239617973
405923840,8.56441500911489
406024192,8.72566483506933
406124544,9.013127513248474
406224896,14.487971116900445
406325248,19.374625645633788
406425600,23.314775225874037
406525952,25.131744750831277
406626304,26.748412669990213
406726656,29.36127503523603
406827008,23.637529053622856
406927360,2.6748408834822475
407027712,4.2267121440172195
407128064,5.57968909919262
407228416,6.281602726578712
407328768,7.329544015526771
407429120,8.674178455471992
407529472,12.721475895047188
407629824,18.55994840323925
407730176,22.12333545088768
407830528,26.039166437387465
407930880,28.680233588218687
408031232,26.978220704728738
408131584,21.86727575340308
408231936,12.857598610306159
408332288,5.6806390717439355
408432640,7.30049869209528
408532992,8.539084252417087
408633344,9.939781170487404
408733696,11.22149149954319
408834048,12.183644180893898
408934400,14.685160251259804
409034752,16.209457970261575
409135104,18.60874304831028
409235456,20.2334768448025
409335808,18.931790661141278
409436160,15.262022359594702
409536512,13.753610191866755
409636864,12.266388576552272
409737216,10.750166461989284
409837568,10.050604160353542
409937920,9.681238067671657
410038272,9.45548567585647
410138624,8.978003166243434
410238976,17.385733561813833
410339328,24.365694461464884
410439680,30.048142481446266
410540032,24.125778723238035
410640384,12.463237563846633
410740736,5.109197937725112
410841088,5.0529684477299455
410941440,6.657912148535251
411041792,8.074986173212528
411142144,8.305909442007541
411242496,9.374000390470028
411342848,11.908250558376313
411443200,13.606436188220977
411543552,14.324727897644044
411643904,16.484420785903932
411744256,15.004855701830238
411844608,13.670475158002228
411944960,10.380847654845565
412045312,8.065140765216201
412145664,6.56879732420668
412246016,5.9865119676850735
412346368,5.143008978869766
412446720,6.735906394999474
412547072,8.006593583207577
412647424,8.997400288041682
412747776,9.700277529414743
412848128,9.700277529414743
412948480,10.01689314351417
413048832,8.622794916490093
413149184,5.000208794483915
413249536,3.542720786938444
413349888,5.921113801151514
413450240,7.856672837585211
413550592,9.579089537411928
413650944,12.577197540551424
413751296,14.959411240369082
413851648,19.84688230678439
413952000,22.7352381336689
414052352,24.536375359296798
414152704,24.790306939105502
414253056,19.456422310541384
414353408,12.136499751280063
414453760,7.0510639179451395
414554112,5.99600908383727
414654464,9.974607257843017
414754816,14.15695948828943
414855168,16.69420498837717
414955520,18.786736864941194
415055872,20.015475625889376
415156224,22.80941719390452
415256576,25.525204819217326
415356928,27.581446598162874
415457280,18.642669636560605
415557632,4.04915181696415
415657984,4.391381660103798
415758336,7.258909040093422
415858688,10.64604180753231
415959040,14.14221604809165
416059392,15.762907414287328
416159744,17.110474260896446
416260096,17.70199680313468
416360448,19.552177600711584
416460800,19.889080341905355
416561152,21.585146615952254
416661504,18.45803962977603
416761856,13.03748590650037
416862208,7.138393686432392
416962560,5.5670588196069
417062912,8.344576252698898
417163264,9.602965873479842
417263616,10.46298830628395
417363968,11.275090287923813
417464320,12.205399111509323
417564672,12.61439393401146
417665024,14.985182765722275
417765376,16.198260897397994
417865728,13.987391764018685
417966080,9.510602805707604
418066432,7.104506112430244
418166784,4.603096092436463
418267136,3.952190554831177
418367488,4.766325839459896
418467840,7.272379297614098
418568192,15.06327813088894
418668544,22.22911914408207
418768896,27.821347556114198
418869248,29.436464233621955
418969600,29.991825032457708
419069952,29.218403762206435
419170304,14.366466040462255
419270656,2.9716370280832054
419371008,2.978793204650283
419471360,3.9083009696006776
419571712,5.661648710072041
419672064,6.430924143791199
419772416,7.509050287008286
419872768,9.45193286061287
419973120,11.076347551047801
420073472,12.082441281974315
420173824,15.54171491354704
420274176,18.088588697612284
420374528,16.87158691380173
420474880,11.44614047858864
420575232,9.397740166224539
420675584,5.199206038080156
420775936,4.764711234048009
420876288,5.757247104048729
420976640,6.514500405862927
421076992,8.00141196422279
421177344,9.021141580864787
421277696,10.439572003260254
421378048,11.131235742494464
421478400,12.053122917935251
421578752,11.468072122260928
421679104,10.804666721597314
421779456,9.562643418759107
421879808,9.217331167906522
421980160,6.207107407301664
422080512,6.851429861038923
422180864,7.5912830026447775
422281216,8.938772322684526
422381568,9.309032872766256
422481920,10.165150164812804
422582272,10.988170733302832
422682624,12.938562310636044
422782976,12.559365161657333
422883328,7.6572560133039955
422983680,3.3978836593031883
423084032,4.517644686400891
423184384,6.4279535819776354
423284736,8.297431274522095
423385088,9.618382696975022
423485440,10.393243188727647
423585792,11.443817487228662
423686144,11.443817487228662
423786496,13.561847801674157
423886848,20.125613574255258
423987200,22.31316214699298
424087552,18.514410858172923
424187904,9.033793929237872
424288256,4.162705805003643
424388608,6.673594630658626
424488960,7.603011348545551
424589312,9.459226437956096
424689664,10.259961449056863
424790016,10.259961449056863
424890368,10.585121952444315
424990720,10.846389604955911
425091072,11.604979969412089
425191424,12.256001221090555
425291776,10.182615280617028
425392128,2.541806622762233
425492480,3.441846482567489
425592832,5.35356263577938
425693184,8.609870534539223
425793536,9.902983637452126
425893888,12.16796087404713
425994240,13.158551131095738
426094592,13.86782748779282
426194944,14.70374854048714
426295296,15.447930187787861
426395648,16.168156380262225
426496000,14.278453985694796
426596352,9.065328396204858
426696704,4.328407874144614
426797056,3.5847522696852683
426897408,4.18787070967257
426997760,4.5039947474002835
427098112,4.881560978889465
427198464,5.202684434354305
427298816,6.936927529573441
427399168,8.309366620779038
427499520,9.387018990516662
427599872,9.747654361724853
427700224,9.28087104478851
427800576,7.953196440208703
427900928,5.54622380213812
428001280,3.549494814593345
428101632,5.34861998796463
428201984,9.009933336228132
428302336,13.5616789406538
428402688,16.86685679063201
428503040,18.54685613438487
428603392,20.397476616054774
428703744,21.2557923938334
428804096,21.526237511783837
428904448,20.243837294913828
429004800,15.963714279569686
429105152,12.103014646805823
429205504,9.62589146975428
429305856,9.698450982011854
429406208,9.3391597205773
429506560,8.683173015750945
429606912,8.256666898168623
429707264,8.350858654417097
429807616,7.96798422280699
429907968,7.776123814024031
430008320,8.779018899090588
430108672,9.202982942946255
430209024,9.178393736220896
430309376,9.458682135082782
430409728,9.565927189327777
430510080,10.270078672505916
430610432,10.672534193731844
430710784,11.623849384523929
430811136,12.310835859514773
430911488,12.577296839691698
431011840,13.78881404493004
431112192,15.342878317572177
431212544,15.387875056006015
431312896,16.95126037299633
431413248,16.13103318111971
431513600,11.643860099483282
431613952,8.081410629916936
431714304,5.419168613124639
431814656,4.195755574870855
431915008,4.829779910948128
432015360,6.274040489997715
432115712,7.390119705274701
432216064,10.478889285624028
432316416,12.606933949142695
432416768,15.701916234195233
432517120,17.91710128515959
432617472,17.824926152266563
432717824,15.69924626994878
432818176,13.59740240264684
432918528,11.802235655374824
433018880,9.01546202261001
433119232,8.162251370735467
433219584,7.032736523933709
433319936,6.67806114513427
433420288,7.008324855901301
433520640,8.842333357986062
433620992,10.075189954023807
433721344,10.902949386909604
433821696,11.81797245182097
433922048,11.667415371276439
434022400,11.152377250529826
434122752,10.990811844207347
434223104,10.862826122380794
434323456,9.609341553784907
434423808,9.368574755750597
434524160,9.601041896753014
434624512,10.671888017058372
434724864,11.627120740413666
434825216,12.30077288866043
434925568,14.539151306152343
435025920,16.05245324373245
435126272,14.832218782529235
435226624,12.762412728890776
435326976,11.834065103158355
435427328,11.336570233926176
435527680,11.139815485104918
435628032,10.404028526470064
435728384,9.421784216091037
435828736,8.983939920589329
435929088,12.3947696749866
436029440,18.29728666931391
436129792,23.910292524397374
436230144,31.80097713857889
436330496,26.676468420112506
436430848,8.197317645782604
436531200,3.977695259526372
436631552,5.294891409873962
436731904,6.365120253562927
436832256,8.254878613948822
436932608,9.851511278152465
437032960,10.795106387138366
437133312,12.29119536459446
437233664,13.419734737724065
437334016,15.820525653213263
437434368,18.300759551376103
437534720,18.25730733126402
437635072,15.296874841749668
437735424,12.923487967550754
437835776,9.309448628723622
437936128,7.643855357468128
438036480,6.306873852610588
438136832,8.256938524544239
438237184,8.80299556851387
438337536,9.596237474679947
438437888,9.976832309961319
438538240,10.37822210073471
438638592,10.37822210073471
438738944,10.364717080369592
438839296,9.700826636627317
438939648,9.63567657120526
439040000,9.792869172170759
439140352,9.936274805143476
439240704,10.172339735105634
439341056,10.87374874599278
439441408,11.251933293417096
439541760,11.841783576086163
439642112,12.611254677847027
439742464,13.308309283331036
439842816,15.399262263625861
439943168,16.296083696633577
440043520,16.253648258447647
440143872,15.843204699158669
440244224,15.081958842873574
440344576,14.63870231449604
440444928,14.560451906323433
440545280,14.394355047345162
440645632,14.113261373639107
440745984,14.085706728100776
440846336,14.054339082837105
440946688,14.14130548298359
441047040,15.041497352719308
441147392,15.741884015202523
441247744,13.169359817504883
441348096,12.676198383495212
441448448,9.033961471244693
441548800,6.256278536245227
441649152,5.077879491448402
441749504,6.045101560428739
441849856,6.320422224923968
441950208,7.481546989008784
442050560,7.8161038824170825
442150912,9.783123327717185
442251264,11.937043090090155
442351616,14.635339567884802
442451968,13.97690287945792
442552320,13.239415082614869
442652672,13.205056228321046
442753024,13.221589884441347
442853376,13.218201746623963
442953728,13.6341126784496
443054080,13.886047407072038
443154432,13.955652433317155
443254784,13.862473822813481
443355136,13.862473822813481
443455488,13.862473822813481
443555840,14.555223453026265
443656192,13.737886229858269
443756544,5.060835289687384
443856896,5.7354627738264385
443957248,6.164038572770078
444057600,6.74217174218269
444157952,6.907801417571027
444258304,7.25398893044563
444358656,7.809249984484632
444459008,8.57268289731117
444559360,9.333492748003918
444659712,10.52597933934303
444760064,11.872052368533332
444860416,14.215483852773906
444960768,13.846142185707576
445061120,12.743286564131267
445161472,4.528538552490063
445261824,7.091884875893593
445362176,8.871537738917395
445462528,10.452907857773825
445562880,13.147275125263258
445663232,16.980113269565628
445763584,20.17171508002095
445863936,22.496963849542663
445964288,24.745510857105256
446064640,26.818995344638825
446164992,24.342423954829574
446265344,17.014944980219006
446365696,7.281049838140607
446466048,5.637329888343811
446566400,6.7793984512984755
446666752,8.7998862144351
446767104,10.581898381710053
446867456,12.24612398147583
446967808,14.007065191864967
447068160,15.078374133706093
447168512,15.626602197289467
447268864,16.263642159104347
447369216,14.951521527571604
447469568,12.773913791282103
447569920,10.805780480010435
447670272,10.064684269530698
447770624,9.018856861693784
447870976,8.4485442836117
447971328,8.254816485149785
448071680,7.993660135967657
448172032,8.340148540241644
448272384,8.24947394917719
448372736,9.182773499889299
448473088,10.056139090908692
448573440,10.501791988413315
448673792,9.85291099781869
448774144,9.482881823729258
448874496,9.428343354414682
448974848,9.159542716692668
449075200,9.01244727487443
449175552,9.05964942331193
449275904,9.39317219133256
449376256,9.882191691349727
449476608,10.265732989262323
449576960,11.433648046851157
449677312,17.43110536545515
449777664,26.197098594903945
449878016,25.368344957493246
449978368,19.824644632451236
450078720,10.720796137265861
450179072,5.807673394121229
450279424,8.272559343129396
450379776,9.059989071786404
450480128,9.69252896875143
450580480,10.427787111699582
450680832,10.427787111699582
450781184,10.71553332656622
450881536,11.50111682265997
450981888,12.574194017350674
451082240,11.851858651787042
451182592,9.872143630832433
451282944,8.239866560548544
451383296,6.013431256860494
451483648,7.476450928747654
451584000,9.582388181388378
451684352,12.989907467067242
451784704,15.966821133494378
451885056,17.1943435049057
451985408,17.4257764005661
452085760,18.95805577278137
452186112,19.376819376945495
452286464,17.458849453651347
452386816,14.697880189144053
452487168,11.66402697416488
452587520,10.193756717168727
452687872,9.249569695913232
452788224,9.040316725694574
452888576,9.00519928070251
452988928,9.000152125083842
453089280,8.905682425224223
453189632,8.78472680541221
453289984,9.872063379846514
453390336,10.736825516037642
453490688,10.724280746718868
453591040,10.332128056799993
453691392,10.047350110327825
453791744,9.353601249968634
453892096,8.896437462111935
453992448,8.330584386130795
454092800,8.109195168754086
454193152,6.929702591886744
454293504,6.275709028756246
454393856,8.280179211646319
454494208,8.640529662445187
454594560,11.568113697171212
454694912,12.406806035209447
454795264,11.947137275170535
454895616,11.833420310448854
454995968,11.903240547385067
455096320,11.726290242876857
455196672,11.759292078968137
455297024,11.428251214977355
455397376,11.494900523182004
455497728,11.494627309273929
455598080,11.494627309273929
455698432,11.622088361214846
455798784,11.622088361214846
455899136,11.947840123604983
455999488,7.775357424081303
456099840,8.02185604954604
456200192,6.628528128811158
456300544,4.673626656234265
456400896,6.185681248009205
456501248,8.289001358971
456601600,11.053174471929669
456701952,13.957276169136167
456802304,17.14927580036223
456902656,21.237812317982318
457003008,23.289315209761263
457103360,24.36226340033114
457203712,21.73756015939638
457304064,14.532293966393917
457404416,10.323552861791104
457504768,7.562493095975369
457605120,6.599140214305371
457705472,6.072132899146527
457805824,7.206890362538397
457906176,10.203935334682464
458006528,12.577049439549446
458106880,15.847772480249406
458207232,19.51488030910492
458307584,21.026136302947997
458407936,20.840543201491236
458508288,18.501203280314805
458608640,8.493893786296248
458708992,4.523410108909011
458809344,4.671275313645602
458909696,5.299993403702974
459010048,5.299253782331943
459110400,5.807529029548168
459210752,6.944902143180371
459311104,8.634976913630963
459411456,10.366466001570224
459511808,11.030219477713109
459612160,11.786125946193934
459712512,11.081800376214087
459812864,10.947466460503637
459913216,10.98302005726844
460013568,11.099783997274935
460113920,9.903451561667024
460214272,8.685908810831606
460314624,9.376646707206964
460414976,12.164029972553253
460515328,14.076505508422851
460615680,15.893634479045868
460716032,19.01735936164856
460816384,22.574896225929262
460916736,20.153665744606407
461017088,18.712716590706258
461117440,17.497175676170738
461217792,15.51628910811618
461318144,14.906311586219818
461418496,14.73180217059329
461518848,14.946319711524993
461619200,14.749178665000946
461719552,14.718773906547575
461819904,14.73068550856784
461920256,14.20577943475917
462020608,14.079160796720535
462120960,12.075810748366639
462221312,9.109994505317882
462321664,3.1208292591292413
462422016,4.538263854980468
462522368,6.5614728057384495
462622720,7.466498504877091
462723072,8.386831370592118
462823424,8.75563452064991
462923776,9.013313775658608
463024128,10.095974035859108
463124480,12.166286259293557
463224832,12.89962147295475
463325184,12.457974043646827
463425536,10.392659818241373
463525888,8.402698864052072
463626240,7.733762215683237
463726592,4.628853140221909
463826944,5.397670100815594
463927296,5.823720712549984
464027648,6.613307382203638
464128000,8.958063956536353
464228352,9.879728711880743
464328704,11.054038606919349
464429056,12.57730620983988
464529408,12.368401399888098
464629760,11.875390263674781
464730112,11.59749454128556
464830464,11.411195174297317
464930816,11.447446304401383
465031168,11.690635816892609
465131520,11.97890401585959
465231872,11.997454354604706
465332224,11.997454354604706
465432576,12.135984837850556
465532928,12.793101842245086
465633280,13.970684120496735
465733632,14.431633777460084
465833984,11.051411582790315
465934336,10.609670276008547
466034688,10.38720199521631
466135040,10.062406405769288
466235392,10.121270083747804
466335744,10.120223616920411
466436096,9.923668112121522
466536448,9.940731500945985
466636800,8.748681070171296
466737152,11.929330331496894
466837504,13.92279757142067
466937856,15.27615066692233
467038208,15.152938039749861
467138560,15.233813799470663
467238912,14.423441361039878
467339264,10.941928837150336
467439616,7.976680762618781
467539968,6.632442598193884
467640320,7.067377072311938
467740672,7.996994644403458
467841024,8.628422763943671
467941376,8.938073944449425
468041728,9.709220008254052
468142080,12.133086169362068
468242432,12.14044485952705
468342784,11.244050006978213
468443136,10.783247913233936
468543488,10.41604155164212
468643840,10.359119535498321
468744192,10.113585024885833
468844544,9.965221949629486
468944896,10.03488646607846
469045248,10.110761385969818
469145600,10.574338813833892
469245952,10.858814159445465
469346304,10.709287381544708
469446656,12.05324018444866
469547008,11.456358385272324
469647360,10.523830428607761
469747712,9.016046185977757
469848064,8.249185610301792
469948416,7.987713928706944
470048768,7.36619014788419
470149120,7.136777236834169
470249472,7.026547191515565
470349824,6.851014154031873
470450176,10.885803062021733
470550528,12.829663845300674
470650880,14.60923318207264
470751232,14.391646324191242
470851584,14.680548176560551
470951936,14.057391180787235
471052288,11.790313071999698
471152640,8.583003371749074
471252992,8.529708015844227
471353344,10.386174393892288
471453696,11.739085346460342
471554048,13.143250368833542
471654400,14.04724528670311
471754752,15.388110455274582
471855104,17.050507763624193
471955456,16.6164270914346
472055808,15.685425980761647
472156160,13.874918064549565
472256512,12.923684491589665
472356864,12.550616154149175
472457216,12.56940278954804
472557568,12.786513189747929
472657920,12.676059598401189
472758272,12.663737968876958
472858624,13.026139397099614
472958976,13.718748588040471
473059328,18.128575533032418
473159680,19.32033657917753
473260032,14.332900982592255
473360384,5.899175354409963
473460736,3.1615573866851627
473561088,4.104680247418583
473661440,4.29334121119231
473761792,5.627995564453304
473862144,7.569082293026149
473962496,10.218184470646083
474062848,12.593726497404278
474163200,13.928963700048625
474263552,14.643138933889567
474363904,14.560621174275875
474464256,14.389983469620347
474564608,14.341111325100064
474664960,13.904156163968146
474765312,12.347791503705084
474865664,11.573910259045661
474966016,11.124666932858526
475066368,10.576418794430792
475166720,10.603084985464811
475267072,11.935616040825844
475367424,12.886110728383064
475467776,13.80927119910717
475568128,14.578894285261631
475668480,13.58128357664682
475768832,8.076645010793582
475869184,4.910649533122778
475969536,6.370510965511203
476069888,7.423796745464205
476170240,9.007310564443468
476270592,11.66283133149147
476370944,13.304344629049302
476471296,14.57459345817566
476571648,16.99527024269104
476672000,22.825649161338806
476772352,26.228943306207658
476872704,23.68992930381559
476973056,18.797706054141745
477073408,15.757693957975134
477173760,12.44359811275266
477274112,10.247031197836623
477374464,8.586968665411696
477474816,8.07494710831903
477575168,7.834589089443907
477675520,8.447946288129314
477775872,9.525263266572729
477876224,10.259685681024566
477976576,10.259685681024566
478076928,10.199051988050341
478177280,9.869445253834128
478277632,9.459602428078652
478377984,9.130981341004372
478478336,9.079926033616067
478578688,9.125251570343972
478679040,9.522471075057984
478779392,9.522471075057984
478879744,9.688614845275879
478980096,10.27306760787964
479080448,11.227405424118041
479180800,12.432339944839477
479281152,11.538792602978647
479381504,11.127203028872609
479481856,10.852532795965672
479582208,9.066692655980587
479682560,7.645143536031246
479782912,5.2044751368835565
479883264,6.63987867642194
479983616,8.36382500026375
480083968,10.084361737370491
480184320,11.388057517409324
480284672,13.677581874728203
480385024,17.74011029303074
480485376,21.39449094116688
480585728,20.26874797140248
480686080,18.117305907951668
480786432,6.7006953904498365
480886784,6.75010795712471
480987136,8.168777724504471
481087488,9.299193356931209
481187840,9.52731743901968
481288192,10.509525551497937
481388544,10.854660615622997
481488896,10.854660615622997
481589248,12.003479366004466
481689600,13.001735834777355
481789952,12.066954591423274
481890304,10.485862419754266
481990656,6.494149780273437
482091008,11.584408337473869
482191360,14.78455719769001
482291712,15.039734613448381
482392064,14.510300402194261
482492416,14.03194879487157
482592768,13.947462567836046
482693120,14.809776505976915
482793472,16.098557841330766
482893824,17.179895773679018
482994176,16.625234644990414
483094528,10.586458364259451
483194880,7.428186436425895
483295232,4.8500645501725375
483395584,6.584166428446769
483495936,7.878651709556579
483596288,10.035036966204643
483696640,12.310098575949668
483796992,12.310098575949668
483897344,12.859996570944785
483997696,13.52539084136486
484098048,15.165613896250726
484198400,14.874598673060536
484298752,12.75882188104093
484399104,11.109656279310585
484499456,8.296698191985488
484599808,7.359782202988863
484700160,9.842236344814301
484800512,11.280418982505799
484900864,12.497188110351562
485001216,12.85887393474579
485101568,13.683880228996276
485201920,13.92393132209778
485302272,14.246882753372192
485402624,14.246882753372192
485502976,11.957591864485293
485603328,10.931822927612812
485703680,10.011202381271868
485804032,9.564843776840716
485904384,9.688589392323047
486004736,9.758287840504199
486105088,9.857437143940478
486205440,9.857437143940478
486305792,10.000101729054004
486406144,10.16749468864873
486506496,11.282327154297382
486606848,13.38660202825442
486707200,9.515632684286684
486807552,9.984328886307775
486907904,4.541859134249389
487008256,5.575205378979445
487108608,7.440503016710282
487208960,8.70216770172119
487309312,12.00600182056427
487409664,15.129057351350784
487510016,17.87432356953621
487610368,19.939360101670026
487710720,20.970264050215484
487811072,22.462241217345
487911424,20.49914998171851
488011776,8.91968661962077
488112128,5.045356797855347
488212480,3.310581828188151
488312832,4.800330279916525
488413184,6.313505658954382
488513536,7.395007452815771
488613888,9.277292680591344
488714240,10.791403159350157
488814592,12.804165302962065
488914944,14.1490271268785
489015296,18.379875022023917
489115648,19.52297372262925
489216000,18.550972730703652
489316352,14.421919888742268
489416704,8.678178287632763
489517056,5.790939311496913
489617408,7.881706518530845
489717760,8.360584587454795
489818112,9.358530196547509
489918464,9.548654546141625
490018816,9.934920138716699
490119168,10.49771867930889
490219520,12.838859526515007
490319872,13.788722185492515
490420224,11.278716142624617
490520576,10.665667497366666
490620928,10.517443832606077
490721280,10.114974836558103
490821632,10.089171270579099
490921984,10.089171270579099
491022336,10.089171270579099
491122688,10.513403763025998
491223040,11.720453938692808
491323392,12.06489006921649
491423744,12.170562552660703
491524096,12.333806170672178
491624448,9.849196043536066
491724800,6.550130688846111
491825152,6.894183031395078
491925504,7.3320432028919456
492025856,7.486657822802663
492126208,9.159563791826367
492226560,11.99029238410294
492326912,13.148867307528853
492427264,15.341221179366112
492527616,16.324161085486413
492627968,16.579943777639418
492728320,16.61249046953395
492828672,16.53446576487273
492929024,13.642121182195842
493029376,6.011721056215465
493129728,4.334633884094655
493230080,5.5966154730319975
493330432,6.599345968961716
493430784,7.709261810779571
493531136,10.54242660164833
493631488,13.136652991771697
493731840,16.25318910598755
493832192,20.747686475515366
493932544,23.5553273665905
494032896,24.4512731891498
494133248,20.433175813751294
494233600,16.566575728254392
494333952,13.12107008417137
494434304,12.454387110071258
494534656,9.897621072130278
494635008,7.931108383471146
494735360,9.181788487592712
494835712,10.709620316475629
494936064,12.446639811247588
495036416,13.706413404792547
495136768,14.861845708936453
495237120,20.635971134752037
495337472,19.42043471019715
495437824,18.44519221227616
495538176,13.476333289705217
495638528,7.132056539952755
495738880,10.541364864110946
495839232,13.0748524081707
495939584,15.613764746189117
496039936,18.749658198356627
496140288,19.86178248241544
496240640,20.190729597359894
496340992,20.079912241250277
496441344,20.608919008523227
496541696,16.363380070365967
496642048,7.835412280000746
496742400,4.8530658495426175
496842752,6.362339571118355
496943104,8.74443588681519
497043456,12.497865390479564
497143808,16.5980025049299
497244160,20.060686735510828
497344512,20.94883779928088
497444864,21.926596936434507
497545216,21.901396469324826
497645568,22.296372427195312
497745920,18.194632715955375
497846272,10.16438691534102
497946624,3.683933255672455
498046976,4.74573441028595
498147328,5.861013211011887
498247680,7.189822067022323
498348032,9.63732782483101
498448384,11.072061554193496
498548736,12.306890865564347
498649088,12.868020503520965
498749440,14.193708951473235
498849792,14.87400027513504
498950144,15.086368896178902
499050496,12.36114066246897
499150848,8.253937604464591
499251200,5.104301650561393
499351552,4.381189990863204
499451904,5.33839141972363
499552256,7.489598618745804
499652608,9.590869077444076
499752960,14.241561464071275
499853312,18.14459898352623
499953664,23.30553033351898
500054016,26.03402168035507
500154368,27.569126698970795
500254720,21.26066782400012
500355072,9.625079774111509
500455424,6.287243191450834
500555776,5.298204958736896
500656128,6.069579916596413
500756480,6.646536987330765
500856832,7.1146072929166255
500957184,7.6247186939977105
501057536,7.58910830816254
501157888,7.931298077907413
501258240,8.626164933051914
501358592,11.176620440687984
501458944,10.536499716956168
501559296,10.341794159132988
501659648,10.387544684130699
501760000,10.90149459572509
501860352,11.358684937674552
501960704,12.149410428721458
502061056,13.51677926512435
502161408,14.407065652422608
502261760,14.43814646527171
502362112,15.931395330727101
502462464,18.450032799839974
502562816,22.696641069054603
502663168,23.556802360937
502763520,17.524144877120854
502863872,5.96550479106605
502964224,5.892276745438576
503064576,8.563658871054649
503164928,10.725348591208459
503265280,13.949248684719205
503365632,16.126691740229727
503465984,18.30769429512322
503566336,19.05533951587975
503666688,20.404901159480215
503767040,22.123212471678855
503867392,21.869577038064598
503967744,21.30782586313784
504068096,17.235830880701542
504168448,12.404259214103222
504268800,10.379684555232524
504369152,9.02225603789091
504469504,7.912307498157024
504569856,9.30011074565351
504670208,11.734015327095985
504770560,12.607014103531837
504870912,12.57469340622425
504971264,12.57469340622425
505071616,12.506147339493037
505171968,10.913237342983484
505272320,10.467453577667476
505372672,10.315800888687372
505473024,10.267003052979708
505573376,10.189097049981356
505673728,10.403985574394465
505774080,10.403985574394465
505874432,10.540659625679254
505974784,10.540659625679254
506075136,10.800414559990168
506175488,11.75986041560769
506275840,12.991030783802271
506376192,7.257579227499664
506476544,6.044977760948241
506576896,7.074088811837137
506677248,8.092115192376077
506777600,8.198128638230264
506877952,8.842357177697123
506978304,8.056132871173322
507078656,13.369104795008898
507179008,17.727512361705305
507279360,20.979647806286813
507379712,24.641785202026366
507480064,25.631972107887268
507580416,23.078796187490227
507680768,14.723704924732447
507781120,10.104935434013605
507881472,7.8980827356874945
507981824,6.1199913002550606
508082176,6.1294543960690495
508182528,7.817711005210876
508282880,9.380588634312153
508383232,10.946995765268802
508483584,11.454358564913273
508583936,11.81054517775774
508684288,13.374510057270527
508784640,13.755479885786771
508884992,12.619996991045774
508985344,11.662487753219903
509085696,10.572262836582958
509186048,9.196124435551464
509286400,7.955022333748639
509386752,7.00080452170223
509487104,7.6567111852392555
509587456,8.134535242579878
509687808,8.49590028759092
509788160,9.575297110714018
509888512,10.247458190955221
509988864,10.247458190955221
510089216,9.34751443421468
510189568,7.87028294717893
510289920,6.779581595417112
510390272,6.580342250820249
510490624,6.510657006260008
510590976,6.086647384054959
510691328,10.430386935025453
510791680,11.946016316562892
510892032,12.590377770811319
510992384,13.647366215735675
511092736,15.955377244353294
511193088,19.528774834275247
511293440,18.777463594209404
511393792,12.538047290313989
511494144,11.486080589760094
511594496,9.98659868048504
511694848,9.08653782652691
511795200,8.8674195365794
511895552,8.701619747150689
511995904,8.021587684620172
512096256,7.966232536304742
512196608,7.901839912403375
512296960,9.575429190266878
512397312,13.083992376197129
512497664,13.268170134350658
512598016,13.4080557166785
512698368,13.077095270082355
512798720,11.588523807451129
512899072,9.943160718008876
512999424,9.520681050345301
513099776,8.578432457968592
513200128,7.782709935232997
513300480,9.492611644864082
513400832,12.319097420573234
513501184,14.22703363597393
513601536,16.212810568213463
513701888,17.29703323503025
513802240,16.873174922363834
513902592,16.891821359293534
514002944,16.899193056719376
514103296,16.760698331492023
514203648,17.110345142977312
514304000,17.76051395942457
514404352,17.888955655591563
514504704,17.96033386756666
514605056,18.269871638314797
514705408,18.510736372964455
514805760,19.363698637979105
514906112,19.934425395028665
515006464,15.893204798549414
515106816,15.077546394020318
515207168,13.019618104845286
515307520,11.502645930796861
515407872,10.49214067414403
515508224,10.10504507020116
515608576,10.10504507020116
515708928,9.033585910350084
515809280,8.45687040284276
515909632,9.651870356351138
516009984,12.453338343799114
516110336,15.663960873782635
516210688,14.535197586417198
516311040,13.966267654001713
516411392,13.105081118643284
516511744,10.443354152739047
516612096,9.024262692034245
516712448,8.225550829470158
516812800,7.289119116365909
516913152,6.905101057589054
517013504,6.675569731295109
517113856,7.561011127308011
517214208,7.561011127308011
517314560,9.690977456495165
517414912,9.563786415308714
517515264,9.344744799509645
517615616,9.360302708521486
517715968,9.379496930018068
517816320,9.505091741457582
517916672,9.685744631662965
518017024,10.206083557978273
518117376,10.820223913565279
518217728,10.877355680838228
518318080,11.00752594985068
518418432,11.098097467795014
518518784,11.087694498077035
518619136,8.524715614099987
518719488,6.851398234521039
518819840,7.098688491811044
518920192,7.303070049923845
519020544,7.632259102505632
519120896,7.632259102505632
519221248,7.824264250439592
519321600,8.00051358286757
519421952,8.249828606289812
519522304,10.038931105774827
519622656,11.234054282349534
519723008,11.85657627407927
519823360,11.692264181454666
519923712,7.985388386920095
520024064,8.468216618746519
520124416,8.71367165133357
520224768,8.90983414337039
520325120,8.984966780394316
520425472,9.13542201206088
520525824,10.663613516539336
520626176,11.413953296393156
520726528,12.817841403521598
520826880,13.21391542199999
520927232,15.131383109986782
521027584,18.305663377046585
521127936,18.076573166549206
521228288,18.066923958361148
521328640,18.089825222790243
521428992,17.5006758287549
521529344,16.789563877880575
521629696,16.5124309900403
521730048,16.17074924260378
521830400,16.17074924260378
521930752,16.102321927845477
522031104,16.103953626453876
522131456,16.118332631886005
522231808,16.545434301197528
522332160,10.403585751103238
522432512,6.915854572178796
522532864,7.450076939808205
522633216,8.24848891233094
522733568,9.11360897754319
522833920,11.71156292796135
522934272,16.91219727665186
523034624,19.59502286106348
523134976,20.085471450388432
523235328,19.832375647127627
523335680,19.67202672153711
523436032,19.69669709354639
523536384,17.624308001147583
523636736,9.038631349774077
523737088,4.118609842034057
523837440,3.041361523838714
523937792,2.71281732914038
524038144,2.7581969849485906
524138496,2.7929426784161477
524238848,3.7057569522503764
524339200,4.49522506528534
524439552,8.142014788128435
524539904,13.796287938319146
524640256,16.82139760017395
524740608,16.944123305231333
524840960,16.29248420059681
524941312,13.879680270552635
525041664,10.320948133487255
525142016,8.537210395354778
525242368,7.030529227275402
525342720,7.098305432870984
525443072,8.723561344016343
525543424,9.88229878069833
525643776,10.70549287142232
525744128,11.472416616100817
525844480,13.086737504620105
525944832,15.254698204416782
526045184,13.709802309414371
526145536,12.599663974167779
526245888,8.174421057822183
526346240,4.49178139491938
526446592,6.406746523827314
526546944,7.524201131314039
526647296,7.962600110024214
526747648,8.909743326157331
526848000,10.437710280865431
526948352,10.757717740982772
527048704,13.022551440373062
527149056,15.226561031118035
527249408,14.393332756040618
527349760,13.51288662421517
527450112,12.39727825644426
527550464,9.666226628785953
527650816,8.586315616136417
527751168,8.380469335084781
527851520,8.213619463285431
527951872,7.9730251118447635
528052224,9.838971538534388
528152576,13.40698932442814
528252928,17.311697882153094
528353280,19.28460459563881
528453632,19.082424180870877
528553984,18.61434512770735
528654336,17.903787064282223
528754688,14.273535713879392
528855040,6.899214306203649
528955392,8.28087283462286
529055744,9.44636518150568
529156096,11.426002245247364
529256448,18.869714725613594
529356800,25.290659708976747
529457152,27.884660432338716
529557504,27.402481502294542
529657856,26.825927066206933
529758208,23.009006218481808
529858560,15.419685365725309
529958912,9.30558626981452
530059264,7.577036609295756
530159616,6.544838727880269
530259968,8.259777886271477
530360320,10.562734144330024
530460672,13.77310936152935
530561024,15.440657359957696
530661376,17.8098578171432
530761728,19.406520371884106
530862080,20.20686928793788
530962432,17.562031408175827
531062784,12.810684805735946
531163136,9.928228978738188
531263488,5.930525445565581
531363840,7.940104968547821
531464192,11.612617802619933
531564544,14.3993204164505
531664896,18.410635902881623
531765248,19.981399698257448
531865600,21.0387724006176
531965952,21.0387724006176
532066304,21.266700199842454
532166656,18.40265578747727
532267008,14.362243010113016
532367360,7.77961697251536
532467712,6.025627913847566
532568064,8.58442453123629
532668416,10.076875758543611
532768768,11.529877291098238
532869120,11.91161805190146
532969472,13.473060419932008
533069824,15.145238535776734
533170176,16.390847404375673
533270528,19.032795060053466
533370880,18.025403692461552
533471232,12.249657447002829
533571584,3.7018233248218895
533671936,4.405383979901671
533772288,5.482628378495574
533872640,6.453800061866641
533972992,7.172943342849612
534073344,8.251969965621829
534173696,9.23454180829227
534274048,10.723739596530795
534374400,11.505300361439586
534474752,12.633713920116424
534575104,12.438651363234968
534675456,11.602287252172827
534775808,11.436382488831878
534876160,11.624233243092895
534976512,11.671028041187673
535076864,11.258788036797196
535177216,8.988112622201443
535277568,10.917619899772108
535377920,13.946850066054612
535478272,16.264829946476965
535578624,17.162874034363778
535678976,17.893621519524604
535779328,19.08321817489341
535879680,17.110520174354313
535980032,10.744013908952475
536080384,9.407502306997776
536180736,8.120927024893463
536281088,8.120927024893463
536381440,7.842886146120727
536481792,7.437877181582153
536582144,7.358440726809204
536682496,7.29927780482918
536782848,8.9598789517954
536883200,10.126876545362174
536983552,12.809129242561758
537083904,12.11791348349303
537184256,10.804452246576547
537284608,4.533533937335014
537384960,4.652119943909347
537485312,5.508410978913307
537585664,6.499609522372484
537686016,7.143052997887135
537786368,9.527825398892164
537886720,13.095756028145551
537987072,18.085841067284345
538087424,23.10744333550334
538187776,25.11610645338893
538288128,25.157268712446093
538388480,21.961814621016384
538488832,11.971103382632137
538589184,6.822282861992717
538689536,4.705988047942519
538789888,6.802372461855412
538890240,8.521932237446308
538990592,9.415077920258046
539090944,10.234193203747273
539191296,11.490758300125599
539291648,11.88052392989397
539392000,12.639711609184742
539492352,12.315604349286296
539592704,11.44767504405696
539693056,11.028885406670161
539793408,10.943213586029596
539893760,10.818858031448908
539994112,10.827834052261897
540094464,10.886915508327075
540194816,11.121336604175157
540295168,11.121336604175157
540395520,11.214383898791857
540495872,11.39959218126256
540596224,11.623529978808946
540696576,11.623529978808946
540796928,5.157956593059935
540897280,5.404269853439182
540997632,6.7987283959053455
541097984,10.433336279392243
541198336,14.174976708292961
541298688,15.701727396845818
541399040,16.42111119925976
541499392,16.82248116195202
541599744,17.578287035822868
541700096,18.556307503581046
541800448,19.75705249488354
541900800,21.969708439707755
542001152,19.448643130138517
542101504,14.617396504953504
542201856,12.958403964117169
542302208,11.404127748087049
542402560,10.270475595071911
542502912,8.709320390298963
542603264,7.8546134993992744
542703616,10.203986257836222
542803968,11.749342259168625
542904320,12.828656724691392
543004672,15.225788251161575
543105024,17.45131256699562
543205376,17.797921937434
543305728,17.093555313302204
543406080,16.527812445415183
543506432,15.803006944907828
543606784,15.712844085944816
543707136,15.41763690496795
543807488,15.647313882960006
543907840,15.68902694906108
544008192,15.63398507799022
544108544,16.14736922944896
544208896,16.653304822100328
544309248,16.986388566149397
544409600,16.258117050407453
544509952,8.328743964219466
544610304,7.756274139937013
544710656,8.177017619069666
544811008,8.188338568042964
544911360,8.505946183633059
545011712,8.761822275351733
545112064,8.761822275351733
545212416,9.316573402117937
545312768,9.643620188664645
545413120,10.234444092940539
545513472,10.642225238513202
545613824,11.068810464572161
545714176,9.829994727298617
545814528,7.361532646343112
545914880,5.931608426664025
546015232,6.902402644548565
546115584,7.333442334327847
546215936,7.464850369486958
546316288,8.08464816549793
546416640,8.634690112862735
546516992,8.8983355329372
546617344,9.517000217232853
546717696,9.84943100431934
546818048,10.20470031240955
546918400,7.077761690616608
547018752,7.208867710381746
547119104,8.053333164509386
547219456,8.635415056999772
547319808,11.077425099667161
547420160,12.388176727350801
547520512,16.94672837972641
547620864,18.78728511810303
547721216,18.972426896095275
547821568,19.793598833084108
547921920,20.083179676532744
548022272,20.72197209119797
548122624,18.97990870865062
548222976,15.843314113337547
548323328,13.791661965567618
548423680,11.412300755698233
548524032,9.545970818717032
548624384,8.989650732725858
548724736,14.382214398384095
548825088,19.208072904348374
548925440,20.141615790128707
549025792,20.482633551359175
549126144,20.544281395673753
549226496,21.460145987272263
549326848,21.387153991498053
549427200,17.47212685461156
549527552,13.487588745905086
549627904,10.007359457565471
549728256,9.231125231338664
549828608,8.742402210785077
549928960,8.135243015838787
550029312,8.752101773833855
550129664,10.835938975811004
550230016,12.501119861602783
550330368,13.966075014621019
550430720,16.312597085386514
550531072,17.575474745184184
550631424,16.706761306151748
550731776,15.958092490062118
550832128,14.056105862483383
550932480,10.266671981438995
551032832,7.729385101869703
551133184,7.193611499890685
551233536,8.464904456958175
551333888,8.729066845998169
551434240,9.960369156822562
551534592,11.079534552320839
551634944,12.07553268276155
551735296,13.04392757974565
551835648,12.162772722905501
551936000,11.92366968936287
552036352,11.61491489714943
552136704,11.538831500476226
552237056,11.817496461337432
552337408,11.923199443286284
552437760,12.084477801164612
552538112,19.83003926485777
552638464,24.995339102745056
552738816,27.567218168079854
552839168,27.115194146335124
552939520,25.75750743597746
553039872,22.488473141863942
553140224,16.26103892631829
553240576,9.170046423152089
553340928,6.926988563612103
553441280,4.901756514385343
553541632,4.396140755489468
553641984,4.354985215887427
553742336,4.354985215887427
553842688,4.9245944865792985
553943040,6.254368464946747
554043392,7.584529272168875
554143744,9.555425982028247
554244096,10.017671900950372
554344448,9.20030607368797
554444800,9.074981106184422
554545152,8.908906301520766
554645504,7.865160763375461
554745856,7.042116668969393
554846208,8.750015491247177
554946560,10.363665154576301
555046912,12.468561840057372
555147264,12.934723138809204
555247616,14.189126257896424
555347968,14.546492133140564
555448320,14.9377418923378
555548672,13.550756136719137
555649024,11.691897186581045
555749376,8.219704386536032
555849728,7.67940869897604
555950080,10.890684509277344
556050432,13.809743688106536
556150784,15.470046043395996
556251136,15.665109617114068
556351488,16.270475875735283
556451840,16.989849173426627
556552192,17.232298552393914
556652544,18.098643376231195
556752896,16.45848421499133
556853248,12.249981677681207
556953600,8.91444589868188
557053952,7.556286061555147
557154304,6.266870768815279
557254656,5.665713895745576
557355008,7.140356377363205
557455360,8.848349207490683
557555712,9.502827380746602
557656064,9.502827380746602
557756416,10.701907018870115
557856768,12.596860694140195
557957120,13.145303555727004
558057472,12.89457711160183
558157824,12.733811240196228
558258176,12.750819206237793
558358528,12.913158402442932
558458880,12.812075228691102
558559232,12.974988737106322
558659584,13.343200697898865
558759936,13.549670920372009
558860288,13.901042466163636
558960640,15.80846175864339
559060992,16.95341157630086
559161344,14.791367781888694
559261696,9.75505827099085
559362048,6.250030837953091
559462400,3.3639820807240906
559562752,3.956530599202961
559663104,4.598694777097553
559763456,4.970638290252537
559863808,5.6978368111513555
559964160,7.310292940940708
560064512,8.134055664148182
560164864,10.72316903790459
560265216,11.67142563946545
560365568,12.423589708805084
560465920,10.672764028757811
560566272,10.511401275843381
560666624,10.340781702250242
560766976,10.6524507252872
560867328,10.118140296190978
560967680,9.126612080782651
561068032,8.88769526824355
561168384,10.957724731024355
561268736,12.545775270257145
561369088,13.332699778620153
561469440,14.125082948412746
561569792,15.386466910392047
561670144,15.377792520225048
561770496,14.811508131623269
561870848,12.789359996914863
561971200,10.197622070908546
562071552,8.203648481965065
562171904,9.807445454597474
562272256,12.868091288655997
562372608,13.954941288083791
562472960,15.563281327337027
562573312,18.431596025303005
562673664,21.316098204925655
562774016,23.42925614722073
562874368,22.266325815841554
562974720,20.73692312590778
563075072,16.628277356252074
563175424,14.526582476720215
563275776,13.357433437034487
563376128,12.899429968297481
563476480,12.693846853673458
563576832,11.85336479038
563677184,10.292739382088184
563777536,10.625006271004677
563877888,11.690470978617668
563978240,12.538191767781973
564078592,12.507442254126072
564178944,12.009410359412431
564279296,11.452311081439257
564379648,11.077494557350875
564480000,9.64683309301734
564580352,8.692095756977796
564680704,8.393962426073848
564781056,11.08781465549022
564881408,13.512124796099961
564981760,14.807665767855942
565082112,17.68309572238475
565182464,19.08155070800334
565282816,19.404912085719406
565383168,15.4931883363612
565483520,12.655306732337921
565583872,9.839326748531311
565684224,7.524530571382493
565784576,6.535101919602603
565884928,5.52011511368677
565985280,6.3233572834730145
566085632,8.024423148185015
566185984,8.87547970727086
566286336,9.293465928584338
566386688,10.767926579266787
566487040,12.978250046521426
566587392,12.601664222260005
566687744,12.539283652086743
566788096,12.845546033163554
566888448,13.092317813416011
566988800,13.035828448762185
567089152,12.637470332612283
567189504,12.323609858979472
567289856,12.091115123261698
567390208,12.007317515839823
567490560,11.76510327481199
567590912,11.679444133271463
567691264,12.624009507750161
567791616,12.811451061535626
567891968,12.251713876295835
567992320,10.926319531966001
568092672,9.709078824091703
568193024,6.634940344858915
568293376,7.6926631970703605
568393728,9.291715325415135
568494080,10.385825182795525
568594432,10.66020301580429
568694784,10.985948339700698
568795136,10.985948339700698
568895488,10.985948339700698
568995840,10.77153011906892
569096192,7.597768393345177
569196544,5.912489521689713
569296896,3.5616861345246433
569397248,3.594316563010216
569497600,4.453781216442585
569597952,4.8882352611422535
569698304,5.557760865390301
569798656,5.847587941586971
569899008,5.847587941586971
569999360,5.847587941586971
570099712,6.677076648771763
570200064,7.589977583438158
570300416,7.127202131552622
570400768,7.280339813036844
570501120,7.476726310653612
570601472,7.785977933807299
570701824,8.150132925910874
570802176,8.522296822471544
570902528,8.679018614692614
571002880,8.877463505668565
571103232,8.877463505668565
571203584,10.959707494182512
571303936,13.309571112794801
571404288,17.81414586708881
571504640,17.76652051012963
571604992,17.83997995723039
571705344,17.80537545312196
571805696,17.325356184132396
571906048,16.848118816502392
572006400,16.10701387990266
572106752,15.691074272282421
572207104,15.482135711796582
572307456,15.383304706700146
572407808,15.210609912760555
572508160,15.065457134135068
572608512,17.0106702433154
572708864,16.778257723171265
572809216,13.495496600586922
572909568,7.300573008060455
573009920,8.21201587021351
573110272,8.34142684519291
573210624,10.135537560582161
573310976,13.79085655450821
573411328,16.859632380008698
573511680,20.98181125640869
573612032,21.622947806715967
573712384,21.716063742041587
573812736,21.618443829864262
573913088,19.936601906605066
574013440,12.861601224429906
574113792,9.449676542766392
574214144,8.035276525504887
574314496,7.194996706135571
574414848,7.160963848717511
574515200,6.3422914623096585
574615552,7.243670448698103
574715904,7.5636126526072625
574816256,8.571308529116214
574916608,10.038572962582112
575016960,12.794685267806052
575117312,13.582983981519938
575217664,12.463039347454906
575318016,4.742816894575953
575418368,4.168530266918242
575518720,4.905832255519926
575619072,6.464508131481707
575719424,8.018234974481166
575819776,9.024855169393122
575920128,9.927347773648798
576020480,11.426226250268519
576120832,13.929480010606348
576221184,16.258578549958767
576321536,18.239147526361048
576421888,16.893774639712646
576522240,13.993008797178044
576622592,10.797117444286123
576722944,7.417215577373281
576823296,6.114848216790706
576923648,6.469962499905377
577024000,7.0567221835441885
577124352,7.0567221835441885
577224704,7.0567221835441885
577325056,8.17075884282589
577425408,8.90512585863471
577525760,9.902597215771674
577626112,9.383305619440508
577726464,8.875599705658388
577826816,8.201602744541596
577927168,7.897652710161638
578027520,7.7601572496513835
578127872,7.75100404568715
578228224,7.75100404568715
578328576,7.984045274935197
578428928,8.121562784395646
578529280,8.095273769155611
578629632,8.223039233938325
578729984,8.223039233938325
578830336,5.082148294646759
578930688,5.19308366489131
579031040,5.5070712847681715
579131392,5.605195521828718
579231744,5.809185041901656
579332096,5.964183063027449
579432448,6.11348325681407
579532800,6.3293967575998975
579633152,6.3293967575998975
579733504,6.3293967575998975
579833856,6.3293967575998975
579934208,6.3293967575998975
580034560,6.155133196306415
580134912,3.4547748898155985
580235264,4.583696124330163
580335616,6.110397732257843
580435968,6.948260378912091
580536320,8.335824580267072
580636672,10.214678170755505
580737024,11.330323326662183
580837376,11.517020676210523
580937728,12.840684986189007
581038080,15.09636527068913
581138432,19.259015865400432
581238784,20.915205411985518
581339136,19.78615728057921
581439488,18.825547325909138
581539840,15.30791887447238
581640192,13.307074109762906
581740544,10.957037102431059
581840896,9.34122443959117
581941248,8.34292386814952
582041600,8.14589114949107
582141952,8.49072601661086
582242304,8.552331991046668
582342656,8.8425173631683
582443008,8.8425173631683
582543360,8.55460453884676
582643712,8.177856396455319
582744064,8.193236796800047
582844416,8.644264349732548
582944768,9.297263040337711
583045120,9.904310507569463
583145472,11.028653225693851
583245824,11.750958388838917
583346176,11.962657724712043
583446528,11.605635811630636
583546880,12.735124566126615
583647232,12.735124566126615
583747584,12.697974309809506
583847936,12.113516569249333
583948288,6.067186351381242
584048640,5.868485036715865
584148992,6.940957626700401
584249344,7.842839152216912
584349696,8.463935875296592
584450048,8.902151731848717
584550400,9.229759301543236
584650752,9.506245078444481
584751104,9.506245078444481
584851456,9.506245078444481
584951808,9.402772549241782
585052160,8.539732397347688
585152512,8.213375719934701
585252864,7.910289843827486
585353216,7.6719168527424335
585453568,7.966436711102724
585553920,8.160943713933229
585654272,8.30326136186719
585754624,8.427995496541262
585854976,8.536793394833802
585955328,8.536793394833802
586055680,8.56997191503644
586156032,8.695660012513398
586256384,5.739216413386166
586356736,5.994194213040173
586457088,6.132146164067089
586557440,6.314445253498852
586657792,6.646314493305981
586758144,6.90720059979707
586858496,7.51044266808778
586958848,8.735673717148602
587059200,9.28291468013078
587159552,9.582624591477215
587259904,9.849636033661664
587360256,10.278019636757671
587460608,9.072994268937036
587560960,8.32480105078779
587661312,8.764643582617865
587761664,9.287901229178534
587862016,9.407015904700383
587962368,9.724949416434391
588062720,9.724949416434391
588163072,9.724949416434391
588263424,9.93992246559821
588363776,10.900947951590643
588464128,12.367350882804022
588564480,14.897257699286564
588664832,12.937470705648884
588765184,12.437704074010252
588865536,12.671607181876897
588965888,12.980972366183996
589066240,13.234452544301748
589166592,13.164694533199071
589266944,13.164694533199071
589367296,13.412157945483923
589467648,13.634240560382604
589568000,14.131691922992468
589668352,14.408699481338262
589768704,14.784974067062139
589869056,14.513392235413194
589969408,10.098186310455203
590069760,5.883505213558674
590170112,6.055991274416447
590270464,6.778680636957287
590370816,7.344868619516492
590471168,8.352226542308927
590571520,8.501174736097456
590671872,10.309091353416443
590772224,12.794883830547333
590872576,14.717026520967483
590972928,18.130155099630358
591073280,19.86233580708504
591173632,19.232398430518806
591273984,18.373376298956572
591374336,16.793508978299798
591474688,15.598647408895195
591575040,15.109935906343162
591675392,15.069741375856102
591775744,15.069741375856102
591876096,15.069741375856102
591976448,15.165227444581687
592076800,15.291676571778954
592177152,15.291676571778954
592277504,15.721901657991111
592377856,5.578091188557446
592478208,5.770312708765268
592578560,5.886565356999636
592678912,5.86642952516675
592779264,6.235761052519083
592879616,7.153592044860124
592979968,7.725639383345842
593080320,8.379278499633074
593180672,9.312283222824336
593281024,11.752255033478141
593381376,15.1398149690032
593481728,18.563562602102756
593582080,19.97416083883494
593682432,19.654011797527783
593782784,19.023577112774365
593883136,18.135788776497357
593983488,17.302107579330915
594083840,17.238077303986064
594184192,17.373401057343
594284544,17.311081759552472
594384896,17.282292525391096
594485248,17.606524228076452
594585600,17.713970135669225
594685952,18.378748997668737
594786304,17.12779572270345
594886656,10.723925245287829
594987008,11.113333904072642
595087360,11.444594218060374
595187712,11.786663238331675
595288064,12.328562198802828
595388416,12.573191710636019
595488768,12.756890398189425
595589120,13.010081015750766
595689472,13.361205588504673
595789824,13.848092785999178
595890176,14.534510806724429
595990528,17.050466412231327
596090880,9.298126102313399
596191232,10.174264778792859
596291584,10.02576894491911
596391936,8.249739720523358
596492288,7.208206298351288
596592640,9.182462589740753
596692992,12.51498774766922
596793344,15.983831684589386
596893696,19.11170700788498
596994048,24.073649735450743
597094400,26.181997566223146
597194752,29.017613494098185
597295104,25.020708485315552
597395456,12.228916754196398
597495808,8.47581798500847
597596160,5.356914174328558
597696512,3.512510604481213
597796864,4.066435238160193
597897216,5.414201644398272
597997568,6.477388945817947
598097920,8.93520761013031
598198272,10.90375519990921
598298624,11.24373795747757
598398976,11.24373795747757
598499328,11.047780946865679
598599680,10.668362525328995
598700032,10.71308472238481
598800384,10.500560668334366
598900736,10.493741649016737
599001088,10.481283000335097
599101440,10.67407965026796
599201792,10.957458613738417
599302144,11.210274604186417
599402496,11.304478515014052
599502848,11.513736785277723
599603200,11.86381613098085
599703552,11.023351529650391
599803904,11.074395796731114
599904256,11.421089294329285
600004608,11.49878292836249
600104960,11.576404812708496
600205312,11.790956728830933
600305664,11.855940783396363
600406016,11.872711050882936
600506368,11.92826917923987
600606720,11.92826917923987
600707072,11.739653990641237
600807424,11.795720274820924
600907776,11.925011465921997
601008128,6.237104278132319
601108480,6.267360977455974
601208832,6.426045765206218
601309184,6.4131263571232555
601409536,6.4131263571232555
601509888,6.5690414171665905
601610240,6.5690414171665905
601710592,7.759257319495082
601810944,9.152053134962916
601911296,9.467566550299525
602011648,10.577360108420253
602112000,10.948956354185938
602212352,10.199362091636285
602312704,10.255081352507695
602413056,10.156036142623051
602513408,10.262310661589726
602613760,10.349305786406621
602714112,10.377652611052618
602814464,10.27124154499732
602914816,10.327037863051519
603015168,10.496855711257085
603115520,10.705221266066655
603215872,11.210915426528082
603316224,11.534170870101079
603416576,11.401593514597044
603516928,11.589908795161172
603617280,11.587489229245111
603717632,9.147583365244792
603817984,8.906423524990679
603918336,11.342336161844432
604018688,13.223666005842388
604119040,12.340644136182965
604219392,12.110424371473492
604319744,12.110424371473492
604420096,14.957997605353594
604520448,17.438778432607652
604620800,17.792700259238483
604721152,17.22344965443015
604821504,16.5886495397985
604921856,11.929929807037116
605022208,8.931110354363918
605122560,13.376973624825478
605222912,16.259968534111977
605323264,17.65458764076233
605423616,19.953312151432037
605523968,24.417750992774963
605624320,29.442922365665435
605724672,31.908305163383485
605825024,33.23498324677348
605925376,23.434625603496098
606025728,12.942451337217353
606126080,6.616688291444444
606226432,10.24772147707641
606326784,15.267416776455939
606427136,18.152343371510504
606527488,20.93707191899419
606627840,22.32709143638611
606728192,23.69210582971573
606828544,23.331008361577986
606928896,21.97317243427038
607029248,21.703356874883173
607129600,17.173018472716212
607229952,5.103195085451007
607330304,3.99362579934299
607430656,3.5009109141677617
607531008,4.265146987140179
607631360,6.250584825873375
607731712,7.29929827272892
607832064,8.240911586880683
607932416,9.735612756609918
608032768,12.135494175553323
608133120,13.122462342381477
608233472,15.734647369980813
608333824,15.3649149283953
608434176,14.761931300032884
608534528,13.43393923746422
608634880,12.434179766904563
608735232,11.750055516492575
608835584,11.400265601407737
608935936,10.903918059598654
609036288,10.478394320737571
609136640,9.936787837278098
609236992,9.775929729696363
609337344,10.152049056161195
609437696,11.71321957398206
609538048,12.131266258116812
609638400,12.042283724378795
609738752,10.501503468919545
609839104,8.496945493984967
609939456,8.448024880290031
610039808,11.221441509611905
610140160,12.134587360266597
610240512,13.250109399799257
610340864,13.250109399799257
610441216,13.250109399799257
610541568,13.250109399799257
610641920,13.250109399799257
610742272,13.760787046812474
610842624,11.455405103913508
610942976,6.332232200908475
611043328,5.5138820294290785
611143680,7.373384155333042
611244032,8.225729121267795
611344384,8.866246327459812
611444736,9.54812474399805
611545088,10.08941705852747
611645440,10.400835782587528
611745792,10.400835782587528
611846144,10.697537914812564
611946496,11.08646320015192
612046848,10.111853304179386
612147200,9.532231274778024
612247552,9.221951601011678
612347904,9.131589986784384
612448256,9.533134862883017
612548608,9.912363125784323
612648960,10.303313190443442
612749312,10.84814114282839
612849664,10.972987429602071
612950016,11.052277554972097
613050368,11.052277554972097
613150720,11.321472463114187
613251072,9.924092825343832
613351424,6.958538828482851
613451776,7.5772494605369864
613552128,7.9000357057340445
613652480,7.9000357057340445
613752832,9.025080589670688
613853184,9.415209512133151
613953536,10.106794950384646
614053888,10.39493940057233
614154240,11.251025745291264
614254592,11.251025745291264
614354944,11.9059265726991
614455296,11.447018274087458
614555648,9.131209402843378
614656000,7.397393984324299
614756352,8.460913684642874
614856704,9.821893074787221
614957056,10.210740850246511
615057408,9.534146209224128
615157760,10.00461649635341
615258112,10.940691121234558
615358464,11.82434711651411
615458816,13.952829248192721
615559168,16.196916453856975
615659520,16.165978316981345
615759872,15.815427509089933
615860224,15.75802311195992
615960576,15.458721439084037
616060928,15.389741269787773
616161280,14.961715308791026
616261632,15.001270670061931
616361984,13.869139706837013
616462336,14.368765683025122
616562688,16.648978786692023
616663040,16.984168639406562
616763392,17.28631840251386
616863744,18.048355410322547
616964096,17.4117466256395
617064448,15.739301411546768
617164800,14.40601865004748
617265152,13.22946685742587
617365504,12.387103170864284
617465856,11.765291780941189
617566208,11.44515645455569
617666560,11.334362039081752
617766912,11.573879804126918
617867264,11.32531192254275
617967616,11.32531192254275
618067968,12.050009912960231
618168320,10.404424637202174
618268672,9.786408371124416
618369024,9.101542919212953
618469376,8.409381788307801
618569728,6.00541814618744
618670080,8.505752954846248
618770432,16.750491367718205
618870784,24.21631628230214
618971136,26.943268855810164
619071488,29.9531874666363
619171840,30.123056999221443
619272192,29.8243632850796
619372544,26.92367515446618
619472896,22.72198851617053
619573248,14.657640254814178
619673600,7.505801599025727
619773952,9.985827000439167
619874304,12.06436057895422
619974656,12.540847204513847
620075008,12.46748467285186
620175360,12.403789389915765
620275712,12.403789389915765
620376064,12.403789389915765
620476416,12.403789389915765
620576768,12.403789389915765
620677120,10.71285073839128
620777472,8.422545364722609
620877824,7.308356650099158
620978176,7.276701843962074
621078528,7.345031197294593
621178880,8.104339008368552
621279232,9.118345770724117
621379584,10.689142293818295
621479936,11.440664741881191
621580288,13.068508570082486
621680640,13.951357242949307
621780992,17.497230090349913
621881344,17.231562861129643
621981696,16.528553005978466
622082048,8.327878115698695
622182400,3.7034632878005507
622282752,4.964834238737821
622383104,5.424434274882078
622483456,5.976393034905195
622583808,6.71033688351512
622684160,7.272665417641401
622784512,7.235854423493147
622884864,7.9167807130515575
622985216,8.868396125286818
623085568,8.389545891582966
623185920,8.7217689833045
623286272,8.365948964059353
623386624,8.265322318971156
623486976,8.430768667161464
623587328,8.411187966763974
623687680,8.72125718921423
623788032,8.824379099309445
623888384,9.97640328258276
623988736,10.894792133271695
624089088,11.56392102085054
624189440,15.091963505148888
624289792,15.053291805870831
624390144,15.014222474582493
624490496,15.359184318222106
624590848,15.708628817237914
624691200,15.916401069797576
624791552,16.21387306276709
624891904,16.56977368418127
624992256,17.118398082889616
625092608,17.713340562023223
625192960,18.71995731893927
625293312,20.0353587776795
625393664,20.845346472896637
625494016,20.476139152906836
625594368,13.32516217793338
625694720,10.120492072319612
625795072,10.310579597121105
625895424,9.854443164234981
625995776,8.151108405953273
626096128,6.892518197363242
626196480,7.3161979193985465
626296832,7.686040590405464
626397184,8.356768300533295
626497536,8.714349387437105
626597888,8.714349387437105
626698240,9.173730049878358
626798592,8.794261067761107
626898944,8.284033605782316
626999296,8.329411944774911
627099648,8.093517137495802
627200000,8.350270715681836
627300352,8.345831609694287
627400704,8.457147470442578
627501056,8.750514245955273
627601408,9.45441818091087
627701760,9.905473495749757
627802112,10.29953271987848
627902464,11.52168017655611
628002816,11.481252714022993
628103168,11.45004425853491
628203520,11.910760854184627
628303872,11.350356181561947
628404224,8.509553785547615
628504576,13.926521224081517
628604928,17.773203257620334
628705280,19.222513379156588
628805632,20.08937071710825
628905984,22.285563590526582
629006336,24.02519902706146
629106688,24.037183156013487
629207040,23.116296379799024
629307392,17.912251839572562
629407744,14.010669968063011
629508096,13.582179915839806
629608448,13.350917465621606
629708800,13.051235048705712
629809152,12.85978962414898
629909504,12.62742143147625
630009856,12.830198473865167
630110208,12.830198473865167
630210560,13.187443880969658
630310912,13.753032171661035
630411264,13.140722259161993
630511616,10.207526912195608
630611968,9.582141510946677
630712320,6.428981547756121
630812672,4.651151071591303
630913024,5.23945589363575
631013376,5.23945589363575
631113728,5.4855580687522885
631214080,6.821654632389546
631314432,8.205448181927204
631414784,10.662925092875957
631515136,13.34539238423109
631615488,14.118576328456403
631715840,13.409716777168214
631816192,12.929154388271272
631916544,12.789337320886553
632016896,13.050846941135823
632117248,13.366287486217916
632217600,14.368296138904988
632317952,15.004049093388021
632418304,15.396320454739033
632518656,15.052183851860464
632619008,15.109762587212026
632719360,15.214245466850699
632819712,14.976816591881216
632920064,11.520449289008974
633020416,11.919649793356657
633120768,12.19654772683978
633221120,12.66154621168971
633321472,13.258835440129042
633421824,12.278630850762129
633522176,11.664003368839621
633622528,14.197010219097137
633722880,19.016536911725996
633823232,22.77861542105675
633923584,23.757634660005568
634023936,24.40845949292183
634124288,23.99177737282589
634224640,18.898614490497856
634324992,15.778249406088143
634425344,13.613919437993317
634525696,12.668499094117433
634626048,12.396065879929811
634726400,12.027700229752808
634826752,11.709260192979126
634927104,11.376172391045838
635027456,11.207792454827576
635127808,11.025039082635194
635228160,11.502108639348299
635328512,11.38634763373062
635428864,10.543551729340106
635529216,10.522733922619373
635629568,10.667627806533128
635729920,11.119862686861307
635830272,11.435423249471933
635930624,11.5475759880431
636030976,11.74744939731434
636131328,11.891525363195688
636231680,12.46694110320881
636332032,12.867900556791573
636432384,15.492439495194704
636532736,17.906414525955917
636633088,17.445356355616823
636733440,17.150541286924852
636833792,16.210488057592883
636934144,14.020720921019093
637034496,10.404999163607135
637134848,8.12361839578487
637235200,8.362991763269529
637335552,8.94544239222072
637435904,10.035921020135284
637536256,10.812607555910946
637636608,10.812607555910946
637736960,12.620576616451144
637837312,12.54671842822805
637937664,12.593879400286824
638038016,12.407479837331922
638138368,12.476878111939877
638238720,12.639974091630428
638339072,12.639974091630428
638439424,13.09169203100726
638539776,13.09169203100726
638640128,13.09169203100726
638740480,13.3308547812514
638840832,13.3308547812514
638941184,13.663312495332212
639041536,12.983620838439093
639141888,9.572869459008798
639242240,5.94775599909015
639342592,5.959733796240762
639442944,6.5014453221578155
639543296,6.9424724603909995
639643648,7.101994357826189
639744000,8.017168837124482
639844352,9.942020652890205
639944704,12.830326642394066
640045056,14.265797932744027
640145408,16.236169071793555
640245760,16.655613525211812
640346112,16.041042333990337
640446464,15.811791921705007
640546816,15.534031424373389
640647168,15.674972433894872
640747520,15.666587729305029
640847872,16.01260527357459
640948224,15.682319648116827
641048576,15.642701222747565
641148928,15.244399432986974
641249280,15.365622539371252
641349632,16.36668836072087
641449984,16.187146745175124
641550336,14.118145247101785
641650688,13.126063876152038
641751040,12.333114914894104
641851392,11.60052535533905
641951744,10.796981363296508
642052096,10.729094607830048
642152448,10.378328750133514
642252800,9.97315273910761
642353152,9.939044119417668
642453504,9.899201780855655
642553856,9.808667112886905
642654208,9.787630507051945
642754560,6.498200063239783
642854912,7.40967176867649
642955264,6.49700344318524
643055616,4.588506064210087
643155968,5.26147138711065
643256320,8.344486425630748
643356672,10.044582305066287
643457024,11.133240649811924
643557376,11.640729827992619
643657728,13.84745888005942
643758080,15.80757398854941
643858432,18.142914683930577
643958784,18.06405324667692
644059136,17.071058752276002
644159488,10.894645815528929
644259840,6.435315747298301
644360192,3.867048673182726
644460544,4.070577924400568
644560896,4.715801497548819
644661248,5.084366701096297
644761600,5.357655508965254
644861952,5.357655508965254
644962304,5.357655508965254
645062656,5.357655508965254
645163008,6.23923485442996
645263360,6.122636357620358
645363712,6.059185355678201
645464064,6.044406257644296
645564416,6.037099429145456
645664768,6.798372216001153
645765120,7.9082296869903805
645865472,8.650842770710588
645965824,9.408487261906266
646066176,9.886561488285661
646166528,10.531571355238556
646266880,11.147564282789826
646367232,11.147564282789826
646467584,10.886353572718798
646567936,8.35375969801098
646668288,8.713639331795275
646768640,8.866713040806353
646868992,8.994694915749132
646969344,9.333926571346819
647069696,9.535772045589983
647170048,9.535772045589983
647270400,10.55838445249945
647370752,11.150492895878852
647471104,11.496284283436834
647571456,13.346043826378882
647671808,10.98183288315311
647772160,7.991467141564936
647872512,3.34135982234031
647972864,2.9247676039114596
648073216,3.2220023000612854
648173568,3.518631939329207
648273920,4.015379339493811
648374272,4.502481699325144
648474624,5.287887976504862
648574976,6.28921255145222
648675328,7.032765265442431
648775680,7.435665251947939
648876032,7.821856732182205
648976384,8.284052105620503
649076736,8.817345788255334
649177088,8.835207509770989
649277440,8.86966900743544
649377792,9.313517455235123
649478144,10.469230125322937
649578496,12.723526854887604
649678848,14.314925541058182
649779200,16.003305052891374
649879552,18.30371569789946
649979904,20.342770850732922
650080256,21.60543690455146
650180608,17.787203357918187
650280960,6.7740709985326975
650381312,5.188060308797285
650481664,4.285275757145136
650582016,5.457937684208154
650682368,5.831825600713492
650782720,6.405338458418846
650883072,8.108127620220184
650983424,9.47763207912445
651083776,13.586997748613358
651184128,21.394111145585775
651284480,29.965402060598134
651384832,25.020042864587158
651485184,12.840299295838923
651585536,9.293210372384637
651685888,6.594152900632471
651786240,5.485225536283106
651886592,5.485225536283106
651986944,5.301475898679346
652087296,5.301475898679346
652187648,4.950102712567896
652288000,5.329733401220292
652388352,7.873666317053139
652488704,12.392013074755669
652589056,12.909130182610825
652689408,12.638372217761352
652789760,10.23113718275912
652890112,5.62595067769289
652990464,6.626405601501465
653090816,7.368468973636627
653191168,7.936188368201256
653291520,8.192458832859993
653391872,8.68426452934742
653492224,9.093420153260231
653592576,9.361554566025735
653692928,9.43693296968937
653793280,8.832288004234433
653893632,8.635459513440729
653993984,8.593679899945855
654094336,8.823136992231012
654194688,9.463597197309136
654295040,10.015548674538731
654395392,10.315247647240758
654495744,10.706796388104557
654596096,12.3545297742635
654696448,23.625303430557253
654796800,33.72036381483078
654897152,35.914435870051385
654997504,34.86235964938998
655097856,27.21816090658307
655198208,9.047445245534181
655298560,7.053067092895508
655398912,8.46405656213872
655499264,10.64566855779849
655599616,12.706074848622084
655699968,14.060568140894175
655800320,14.37185590825975
655900672,14.63640321098268
656001024,14.981810496672988
656101376,15.5434847959131
656201728,15.666631692275406
656302080,11.814432658702135
656402432,10.076934799700975
656502784,9.213928141146898
656603136,8.585052110701799
656703488,8.266405560523271
656803840,8.305563833266497
656904192,9.344305263869465
657004544,9.468558050505816
657104896,10.89816355422139
657205248,12.635804969221354
657305600,14.228569496572018
657405952,14.68303175419569
657506304,14.551675483845175
657606656,14.310714409016073
657707008,6.097451360723935
657807360,5.378408387838863
657907712,6.041446770667099
658008064,6.684725018977187
658108416,6.820169590949081
658208768,7.071343730925582
658309120,7.29240663909819
658409472,7.759340259074233
658509824,8.40567171358969
658610176,8.601840989827178
658710528,7.89640601453837
658810880,7.3909851166978475
658911232,7.272414845563471
659011584,7.150354127027095
659111936,6.933517393060028
659212288,7.004375781007111
659312640,7.700012605711818
659412992,9.982424781769515
659513344,10.637437854260206
659613696,11.343717060536147
659714048,11.343717060536147
659814400,11.343717060536147
659914752,11.175095669999719
660015104,10.472090226635338
660115456,10.1066116669029
660215808,10.09596901036799
660316160,9.241900950446725
660416512,9.065233012214303
660516864,8.959142113700509
660617216,10.637797413021326
660717568,11.93593986570835
660817920,13.355289505124093
660918272,14.76783219397068
661018624,14.76783219397068
661118976,15.725519421100616
661219328,15.1368552390486
661319680,11.695453420057893
661420032,8.934306676760317
661520384,6.603314378634095
661620736,5.674257622137666
661721088,6.259270780012011
661821440,7.242806096673012
661921792,8.0728442633152
662022144,8.35823152422905
662122496,9.3118006169796
662222848,10.008763357400895
662323200,10.70755239367485
662423552,10.15097152195871
662523904,9.264475978240371
662624256,9.348812015876174
662724608,8.86817146383226
662824960,8.738915608748794
662925312,8.136900932863355
663025664,7.937620141580701
663126016,10.108294046968222
663226368,13.07234074756503
663326720,14.535814546793699
663427072,17.194938158243893
663527424,18.83847734376788
663627776,19.1886352468282
663728128,18.09546651788056
663828480,14.661378126963973
663928832,13.691583987101913
664029184,12.993796194419264
664129536,12.233723290786147
664229888,12.144084409102797
664330240,12.413576212748886
664430592,12.42895299039781
664530944,12.561211596354843
664631296,12.62420674405992
664731648,12.790431414470076
664832000,12.0950798817724
664932352,7.488892249837518
665032704,7.071260588131845
665133056,7.632772067636251
665233408,7.867378516048193
665333760,8.09654569491744
665434112,8.705768650323153
665534464,8.98208259895444
665634816,9.420276425629854
665735168,12.06622704103589
665835520,15.42542328670621
665935872,17.489595933109523
666036224,18.962787532955407
666136576,17.255701672281138
666236928,15.894285372789017
666337280,14.401200905139557
666437632,13.346029634769074
666537984,10.388759279544466
666638336,9.548692655856721
666738688,8.816270709331148
666839040,9.129398742425256
666939392,9.792607507514766
667039744,10.5150698300777
667140096,10.919198770108633
667240448,11.355082479673438
667340800,10.778483022898435
667441152,10.31226807653904
667541504,10.374980204701423
667641856,10.973442505002021
667742208,11.527967795729637
667842560,12.116272800564765
667942912,12.787513590455056
668043264,12.404465318322181
668143616,16.16664669409394
668243968,21.458755486011505
668344320,24.807555451393128
668444672,30.58547569513321
668545024,28.59320441775024
668645376,25.18666843853891
668745728,17.62909661255777
668846080,13.321855550035835
668946432,12.045965854153037
669046784,12.055235110744833
669147136,12.055235110744833
669247488,12.055235110744833
669347840,11.510676547512412
669448192,11.460888759121298
669548544,11.37357705257833
669648896,11.514516479000449
669749248,8.777980604320765
669849600,7.752081989571452
669949952,7.534147187843919
670050304,7.329144052639603
670150656,7.237077650204301
670251008,7.327186730876565
670351360,7.436723121181131
670451712,7.827007195726037
670552064,7.916888825669885
670652416,7.868731136396527
670752768,7.827192211225629
670853120,8.156506319567562
670953472,8.17514054633677
671053824,8.092638648077845
671154176,8.345867000296712
671254528,8.3972435528785
671354880,5.9715616361051795
671455232,8.597629375457764
671555584,9.580290389060973
671655936,10.769172248840333
671756288,11.226011929512024
671856640,11.515225586891175
671956992,11.870558071136475
672057344,11.870558071136475
672157696,11.870558071136475
672258048,10.882911976464094
672358400,10.655912275202573
672458752,10.362610053904355
672559104,10.425792322047055
672659456,10.405026178248226
672759808,10.550697402842342
672860160,10.550697402842342
672960512,10.71485996235162
673060864,10.958889574892819
673161216,11.264850354082883
673261568,11.264850354082883
673361920,11.78065332878381
673462272,11.218136724568904
673562624,10.418396592773497
673662976,9.606180906929076
673763328,9.327573114074767
673863680,9.201361194290222
673964032,9.15929639402777
674064384,9.292337794937193
674164736,9.292337794937193
674265088,9.28184332434088
674365440,9.28184332434088
674465792,9.28184332434088
674566144,9.28184332434088
674666496,7.683727594446391
674766848,6.544586021248251
674867200,6.724061393234879
674967552,6.712361056301742
675067904,6.775429579708725
675168256,6.775429579708725
675268608,6.775429579708725
675368960,6.775429579708725
675469312,6.775429579708725
675569664,6.775429579708725
675670016,6.775429579708725
675770368,6.775429579708725
675870720,7.167012631390244
675971072,4.965044419225305
676071424,4.794213615413756
676171776,4.8748636142537
676272128,6.461635676771403
676372480,6.902200383096933
676472832,6.800363487750292
676573184,6.904091437198222
676673536,7.194233353920281
676773888,8.810144773311913
676874240,12.202658198215067
676974592,14.65401420030743
677074944,18.941388269998132
677175296,18.07859761405736
677275648,16.742726362831892
677376000,16.60227490141988
677476352,16.69376151278615
677576704,16.855206367522477
677677056,16.965919572860003
677777408,16.965919572860003
677877760,17.397594823390246
677978112,17.397594823390246
678078464,18.37444055750966
678178816,19.366779233962298
678279168,20.803054861575365
678379520,17.376132372766733
678479872,9.4847820854187
678580224,9.801179881542922
678680576,10.487432568073272
678780928,11.57138794183731
678881280,12.411238129138946
678981632,13.724323990941048
679081984,16.012232623696327
679182336,16.31747949182987
679282688,16.285293632149695
679383040,15.89038280069828
679483392,16.582809063494206
679583744,17.00545010816306
679684096,17.014935500882565
679784448,15.868569302819669
679884800,14.605161683820189
679985152,11.748417089246214
680085504,10.876864316724241
680185856,10.292185809873045
680286208,10.089926784299314
680386560,10.096993242613971
680486912,14.297473781257867
680587264,17.750912859588862
680687616,18.823169078975916
680787968,19.8811275960505
680888320,19.162726625483483
680988672,18.87587737707421
681089024,18.091795826684685
681189376,17.544098234903068
681289728,15.833064757119864
681390080,12.455786340814084
681490432,17.274617609381675
681590784,20.320231972932817
681691136,21.228750442266463
681791488,21.839963167905807
681891840,22.258968542814255
681992192,22.374888247251512
682092544,19.673978150226176
682192896,14.841180711723863
682293248,12.979291583038867
682393600,11.926225877739489
682493952,11.838101640678943
682594304,11.67737099263817
682694656,11.63149323079735
682795008,11.552300935722888
682895360,11.621581865288316
682995712,11.621581865288316
683096064,12.034760631658138
683196416,12.348215011693537
683296768,8.333990916460753
683397120,7.370907734446227
683497472,7.587694047801197
683597824,7.76752676140517
683698176,7.761725512854755
683798528,7.761725512854755
683898880,7.761725512854755
683999232,7.761725512854755
684099584,8.039596799723803
684199936,9.037345191352069
684300288,9.344789646975697
684400640,10.114030269496142
684500992,9.884952423702925
684601344,9.514382078479976
684701696,9.39812473995611
684802048,9.44571901543066
684902400,9.52806795341894
685002752,9.52806795341894
685103104,9.780414116214962
685203456,10.00571332199499
685303808,10.545501000713557
685404160,10.45482012970373
685504512,11.38638097031042
685604864,11.639847805332392
685705216,11.356327904183418
685805568,9.664382750634104
685905920,5.688092187568546
686006272,4.034989975988865
686106624,3.733920120894909
686206976,3.619457403123379
686307328,3.69222373098135
686407680,3.589823416173458
686508032,3.772314141690731
686608384,4.529141248166561
686708736,5.737102516591549
686809088,7.794270001351833
686909440,8.453671681582927
687009792,8.101288477219642
687110144,8.897169446386396
687210496,9.144341552890838
687310848,9.812407630421221
687411200,10.053093554265796
687511552,11.037523375041783
687611904,13.009041872508824
687712256,14.691816555447877
687812608,16.119816371537745
687912960,17.938538222163917
688013312,19.698515040725468
688113664,22.178820631355048
688214016,22.005461613778024
688314368,20.015375996325165
688414720,15.605465200636536
688515072,14.550828720126301
688615424,14.119381156954914
688715776,13.609474440608174
688816128,13.228959733042865
688916480,12.947766457591205
689016832,11.788320741076022
689117184,16.379732427597045
689217536,17.647883319854735
689317888,17.647883319854735
689418240,16.96940942024812
689518592,16.02059473800473
689618944,15.5441646016296
689719296,15.377192303007469
689819648,15.252204297846184
689920000,15.218000348871573
690020352,15.218000348871573
690120704,15.541638697450981
690221056,15.651895884340629
690321408,16.089837883776053
690421760,16.48923809892498
690522112,16.853069161241873
690622464,16.55605670894496
690722816,7.505993637321517
690823168,7.834026662707329
690923520,3.4011016393825413
691023872,3.9740950182825325
691124224,3.9749223782122134
691224576,4.521901124864817
691324928,4.949380382150411
691425280,5.185970117896796
691525632,5.185970117896796
691625984,5.185970117896796
691726336,5.605650222152471
691826688,5.605650222152471
691927040,5.388924409560859
692027392,5.596805871538818
692127744,5.92821768950671
692228096,7.338951885215938
692328448,10.140580146722495
692428800,13.442219302505254
692529152,16.764705225378275
692629504,19.936482817828654
692729856,20.799866758584976
692830208,22.55707639336586
692930560,25.60666083455086
693030912,28.630835305452347
693131264,27.090521768331527
693231616,23.70636459439993
693331968,18.217427193671465
693432320,9.794639276564121
693532672,9.709397201240062
693633024,10.815595236122608
693733376,11.172829804718495
693833728,11.904532709419728
693934080,14.643202252686024
694034432,16.211868794262408
694134784,18.891523793190718
694235136,20.71842423722148
694335488,21.142086508125068
694435840,18.3725132358633
694536192,13.75194622432813
694636544,11.54410398637876
694736896,6.207497729416937
694837248,6.207497729416937
694937600,7.458292592903599
695037952,8.757541857445613
695138304,12.209061602735892
695238656,18.099714690977706
695339008,25.958197037512438
695439360,31.17527598157525
695539712,31.49823431506753
695640064,21.249962880536913
695740416,17.73189202837646
695840768,13.720236161500216
695941120,11.265172766000033
696041472,9.08745392754674
696141824,8.79301674798131
696242176,7.942985171824693
696342528,8.10495112851262
696442880,8.6323428889364
696543232,9.748849020227789
696643584,12.07238852225244
696743936,13.445505703315138
696844288,13.111626186873764
696944640,13.212794463541359
697044992,13.62411494364962
697145344,13.96199147341773
697245696,14.280105939488857
697346048,14.881783017795533
697446400,15.715170039813966
697546752,17.394857301395387
697647104,17.368991722743957
697747456,17.76264166323468
697847808,18.439654125850648
697948160,19.24769576517865
698048512,13.25682981188409
698148864,12.243874128432944
698249216,13.268207924040034
698349568,8.91003243696876
698449920,9.823835717886686
698550272,11.015901973694563
698650624,11.658662960976363
698750976,11.658662960976363
698851328,12.260583122223615
698951680,12.595753426998854
699052032,12.803706846684218
699152384,14.267608557194471
699252736,13.858600592203437
699353088,12.985175737924873
699453440,12.609123816080391
699553792,12.539712848253549
699654144,12.539712848253549
699754496,12.706847009249032
699854848,12.777562932558357
699955200,12.890211667604744
700055552,13.158764876909554
700155904,13.549608840532601
700256256,14.189183692522347
700356608,14.749611920900643
700456960,15.315862112157047
700557312,12.504197827093304
700657664,8.249928067438304
700758016,9.014974969401955
700858368,9.691846205368638
700958720,10.364224012233317
701059072,11.098011807613075
701159424,11.651581463031471
701259776,12.711948861293495
701360128,13.040684909038246
701460480,13.535247382335365
701560832,14.445834731273353
701661184,14.445834731273353
701761536,11.639091361910104
701861888,10.91766822256148
701962240,11.242140382900834
702062592,11.326631993427872
702162944,11.855895775929094
702263296,12.709278809204697
702363648,14.15903585113585
702464000,16.999226347580553
702564352,18.33452744163573
702664704,19.197687255516648
702765056,21.82588819656521
702865408,25.667917320877315
702965760,25.97424286515452
703066112,22.263801278183237
703166464,12.135717177549378
703266816,6.887747311750427
703367168,7.9142107318341735
703467520,8.406339992731809
703567872,8.794882225245237
703668224,9.42315329477191
703768576,9.698769258707761
703868928,10.000184485167265
703969280,11.180965141505004
704069632,11.897025346010924
704169984,11.758168650195003
704270336,10.978023367002606
704370688,10.66963652856648
704471040,10.573054981306194
704571392,10.720747003629803
704671744,11.241577739790081
704772096,11.241577739790081
704872448,11.420511064603925
704972800,11.418073792532086
705073152,11.852891078069806
705173504,12.00144065387547
705273856,12.00144065387547
705374208,11.440905784387141
705474560,5.476825938830152
705574912,5.87345713336952
705675264,6.088221497284248
705775616,6.221156744705513
705875968,6.374311127411201
705976320,6.526361541496589
706076672,8.81993942474015
706177024,10.996536299930886
706277376,13.896693233055993
706377728,23.850987116135656
706478080,35.104497883915904
706578432,37.4567581063509
706678784,31.85141182387248
706779136,24.37506872618571
706879488,19.190110673550517
706979840,15.312355891708284
707080192,11.191003839019686
707180544,15.374883239269257
707280896,21.40051394790411
707381248,22.73782829876989
707481600,23.55724610116333
707581952,24.586829089932145
707682304,24.80730077724904
707782656,24.596249542050064
707883008,21.93490813743323
707983360,19.285239594094456
708083712,19.11967030297965
708184064,18.910965287797154
708284416,18.760824382416903
708384768,18.78020090829581
708485120,18.78020090829581
708585472,18.77977782022208
708685824,19.03241791974753
708786176,19.235826676003636
708886528,19.49819497358054
708986880,19.49819497358054
709087232,17.597764720786362
709187584,11.236379336938262
709287936,7.255945842042565
709388288,3.3133929893374443
709488640,3.6551501157693567
709588992,3.919616777971387
709689344,4.186649693325162
709789696,4.434978401735425
709890048,4.788011951521039
709990400,5.322154288366437
710090752,5.567342162206769
710191104,6.823466217592358
710291456,6.796615767646581
710391808,6.172198716849088
710492160,6.589254072755575
710592512,7.16811894364655
710692864,7.897640603110194
710793216,8.140971018485725
710893568,7.917744940388948
710993920,9.430120513178409
711094272,10.824404010511934
711194624,11.327256784029306
711294976,12.301193475313484
711395328,13.048826834745705
711495680,14.557230300493538
711596032,13.596578708207234
711696384,12.478644216572865
711796736,10.851306033907457
711897088,9.469949431419373
711997440,13.374668464660644
712097792,18.41967473804951
712198144,20.31502823650837
712298496,21.124731348156928
712398848,21.82180585384369
712499200,22.749768867492676
712599552,23.283968348503112
712699904,24.11788957118988
712800256,21.774355272315443
712900608,17.097571055851876
713000960,5.092201517224312
713101312,7.140855279192328
713201664,9.164371106252075
713302016,9.990343185290694
713402368,10.894630924090743
713502720,12.049530182704329
713603072,12.59546412281692
713703424,12.566409633681179
713803776,12.566409633681179
713904128,12.833259485289455
714004480,12.56243876427412
714104832,11.472399244606494
714205184,10.817242178544403
714305536,10.15327546827495
714405888,10.240119328671135
714506240,10.330381462746299
714606592,10.489778082543053
714706944,11.092250259690918
714807296,11.408941276841796
714907648,11.585684240632691
715008000,11.84239234762732
715108352,12.282757185273804
715208704,12.47475366691593
715309056,8.374453580328263
715409408,7.527105391272344
715509760,7.882480273121036
715610112,8.085060274903663
715710464,8.744869520966894
715810816,9.229635861222633
715911168,9.617680478398688
716011520,10.56534131080378
716111872,11.107348819081672
716212224,14.493383605782874
716312576,18.41920507714618
716412928,22.017041333895175
716513280,21.468002447132022
716613632,18.98096770923585
716713984,5.563010541945696
716814336,9.44655250787735
716914688,12.384127583652734
717015040,15.466721978336572
717115392,16.801295824199915
717215744,17.377166128307582
717316096,17.756376238018273
717416448,17.756376238018273
717516800,18.37957560554147
717617152,19.210205812603235
717717504,17.028323575817048
717817856,16.20768075149506
717918208,15.420099119879305
718018560,14.851752805449069
718118912,14.499331407286228
718219264,14.509707898832858
718319616,14.755189180113375
718419968,14.819875592924655
718520320,14.979299707151949
718620672,15.449608869291842
718721024,15.692547216154635
718821376,15.692547216154635
718921728,15.26186627972871
719022080,13.154698033817112
719122432,10.004840223509818
719222784,10.413448436930775
719323136,11.186574375107885
719423488,11.32694958396256
719523840,11.53147161193192
719624192,11.53147161193192
719724544,12.46547350116074
719824896,13.56359369173646
719925248,14.132456454187631
720025600,15.681163972765207
720125952,15.452801083158702
720226304,13.203175763767213
720326656,11.01677118672058
720427008,11.021664945017546
720527360,11.214953256975859
720627712,11.353374291788787
720728064,11.629363414179533
720828416,11.88223430050537
720928768,12.09909875286743
721029120,12.95472131146118
721129472,13.546003908049315
721229824,13.881503151785582
721330176,14.688137010466308
721430528,13.132439998630435
721530880,7.585297183226794
721631232,8.721856261007488
721731584,9.81705117534846
721831936,9.809618907682598
721932288,14.330112345814705
722032640,19.810680146813393
722132992,21.71741485595703
722233344,23.57683808520436
722333696,24.360566994100807
722434048,24.53741628304124
722534400,28.112672354131938
722634752,26.742384706288576
722735104,23.974833144694568
722835456,21.956900615245104
722935808,20.44937793686986
723036160,20.195544886738062
723136512,20.11487611308694
723236864,19.93843122020364
723337216,19.94435073390603
723437568,20.313039894253016
723537920,20.429742126613856
723638272,20.59486146941781
723738624,20.59486146941781
723838976,19.01305958768353
723939328,12.005430311914534
724039680,8.859410294946283
724140032,9.345662462767214
724240384,9.541109683569521
724340736,9.539425313528627
724441088,10.245159497316926
724541440,10.42004029756412
724641792,10.42004029756412
724742144,10.887336560543627
724842496,12.909945126827806
724942848,15.66207268839702
725043200,17.81256172123365
725143552,17.379534123269842
725243904,17.42190973076038
725344256,17.587333899168296
725444608,17.97206562581472
725544960,18.135153923658653
725645312,18.320966858295723
725745664,18.48107234421186
725846016,18.891624597935007
725946368,20.518917521862313
726046720,21.54064508306794
726147072,21.969111670134588
726247424,27.641714837253094
726347776,27.407251839339732
726448128,26.018445552289485
726548480,22.7280353602767
726648832,20.820409168303012
726749184,19.47473774060607
726849536,17.410950046628713
726949888,15.639120269864797
727050240,14.238395286649466
727150592,13.589493676275016
727250944,13.386752892583608
727351296,13.334066811650992
727451648,13.334066811650992
727552000,10.503125361949206
727652352,10.739256106764078
727752704,11.206036033779382
727853056,12.144333658367396
727953408,14.263758542090654
728053760,13.968330590873956
728154112,19.8857702934742
728254464,21.198146409988404
728354816,21.714057760238646
728455168,22.5620033454895
728555520,22.5620033454895
728655872,22.850702114105225
728756224,21.30335270049516
728856576,18.748815846019426
728956928,16.02962049441878
729057280,14.725310228639282
729157632,14.210201633744873
729257984,13.689263315969146
729358336,13.605538497739472
729458688,13.646830325894989
729559040,13.738708263211883
729659392,13.978717494779266
729759744,13.978717494779266
729860096,14.127449127011932
729960448,12.51416171766352
730060800,6.152074731932953
730161152,6.444958341913297
730261504,6.138712277011946
730361856,5.710053812460973
730462208,5.554583251075819
730562560,5.591143633918836
730662912,5.591143633918836
730763264,5.841391412811354
730863616,5.854409715728834
730963968,5.878507577972487
731064320,6.244037025682628
731164672,8.065498753003776
731265024,7.824950058013201
731365376,8.091877131909133
731465728,8.251055617779492
731566080,8.470594640225173
731666432,8.470594640225173
731766784,8.470594640225173
731867136,8.819099245518446
731967488,9.352513151615858
732067840,10.65355464503169
732168192,11.375702841728925
732268544,16.06879959151149
732368896,17.295086127370595
732469248,12.207285557277501
732569600,12.314273024834693
732669952,12.390550358332694
732770304,11.16837484691292
732870656,9.580422223545611
732971008,9.110091069675981
733071360,8.852327550388873
733171712,8.852327550388873
733272064,8.852327550388873
733372416,8.852327550388873
733472768,8.852327550388873
733573120,8.852327550388873
733673472,5.741083793994039
733773824,6.090456974264234
733874176,6.7880293103121225
733974528,6.885124332364649
734074880,7.138210594113916
734175232,7.519563214238733
734275584,7.735554576572031
734375936,8.272752535995096
734476288,8.667483164723963
734576640,8.972169672902673
734676992,9.586238505300134
734777344,10.02292628949508
734877696,9.935198334585875
734978048,9.204317025076598
735078400,8.190209311377258
735178752,8.003091038595885
735279104,7.8964055432192986
735379456,8.585278723668306
735479808,9.735605845674872
735580160,11.94320724748075
735680512,15.024755568727851
735780864,16.76154814980924
735881216,21.638436906710268
735981568,27.055811789035797
736081920,30.473338816165924
736182272,29.695747967623173
736282624,23.403453945033252
736382976,20.262671108059585
736483328,15.849066183380783
736583680,8.201787941269577
736684032,9.70932242229581
736784384,10.205377996712922
736884736,11.30817208364606
736985088,15.03944983035326
737085440,20.029715675711632
737185792,31.273178455233573
737286144,40.64463735580444
737386496,32.50884568668902
737486848,29.12201070047915
737587200,26.06365617014468
737687552,22.723383047357203
737787904,19.321570672765375
737888256,17.979947519078852
737988608,16.84334025360644
738088960,15.052189235463738
738189312,13.904257605597376
738289664,17.8896561267972
738390016,24.923481100201606
738490368,28.38885970890522
738590720,26.71910252747126
738691072,22.33596235332079
738791424,15.508426171513275
738891776,12.88236327287741
738992128,10.04729686495848
739092480,8.441598451109604
739192832,7.405021913023665
739293184,7.170832536192611
739393536,7.3972182218451055
739493888,7.3972182218451055
739594240,7.771337844552472
739694592,8.254845876814798
739794944,8.249694238565862
739895296,8.61254352312535
739995648,8.851219389252364
740096000,8.922330238632858
740196352,9.169297058396042
740296704,9.52689371805638
740397056,9.810436241440476
740497408,10.013946521095932
740597760,10.967269804291426
740698112,12.525362055115401
740798464,14.029145338349045
740898816,17.83241426449269
740999168,20.003026076816024
741099520,17.59275100301951
741199872,17.093120355308056
741300224,17.61580075711012
741400576,17.019699153602122
741500928,15.817070271670818
741601280,15.355100419223309
741701632,14.604083606898785
741801984,12.700637815371156
741902336,12.575075097456574
742002688,12.82025463692844
742103040,13.030085833594203
742203392,13.591730261072517
742303744,13.575948265511542
742404096,13.5402939757891
742504448,13.417712720353157
742604800,13.41769714685157
742705152,13.61104311319068
742805504,13.914589885193855
742905856,14.682162908036261
743006208,14.618774734456093
743106560,15.57628174873069
743206912,16.923784068543466
743307264,17.752406490761786
743407616,18.350851075891406
743507968,14.88080165622756
743608320,14.057311940118671
743708672,12.02692826859653
743809024,11.017566934749484
743909376,9.67276826493442
744009728,8.04109766177833
744110080,7.563014528080821
744210432,7.313922693058848
744310784,7.603828951641917
744411136,7.399929835125804
744511488,7.424369570538402
744611840,8.307077723667026
744712192,8.306459151757881
744812544,8.580006781285629
744912896,8.662129694288597
745013248,9.54575711018406
745113600,11.279359781509266
745213952,10.282222765982151
745314304,11.443419277369976
745414656,12.208512375056744
745515008,12.265746612250805
745615360,12.867691468894481
745715712,14.016307696998119
745816064,14.196895971000195
745916416,14.145638760775327
746016768,13.980299606733023
746117120,13.449360518865287
746217472,13.269898891858757
746317824,13.233154386430979
746418176,13.383398822695018
746518528,13.65263425245881
746618880,14.021197093874216
746719232,14.767900661379098
746819584,16.220911868959664
746919936,17.057609482854605
747020288,18.080159913152457
747120640,18.080159913152457
747220992,16.705349437631668
747321344,14.504257093705236
747421696,13.887410789765418
747522048,13.569583514966071
747622400,12.666173032559454
747722752,12.669362406022847
747823104,13.44442530862987
747923456,14.065085071250797
748023808,14.349472011253237
748124160,15.034187861606478
748224512,15.034187861606478
748324864,15.390891090556979
748425216,14.424891003668309
748525568,6.671560390554369
748625920,6.6490675465017555
748726272,6.176764792576432
748826624,5.924360083714127
748926976,5.924360083714127
749027328,5.851366881504655
749127680,5.839567603245378
749228032,6.055293239727616
749328384,6.062653392925858
749428736,6.062653392925858
749529088,6.062653392925858
749629440,4.613879070952534
749729792,4.797896413579583
749830144,5.178308369591832
749930496,5.172435265257954
750030848,5.4789827806502585
750131200,5.905347448065877
750231552,6.388472927287221
750331904,7.064912247136236
750432256,9.920893815234303
750532608,12.526807397082449
750632960,15.497155039981008
750733312,17.376061154082418
750833664,19.19580812063068
750934016,18.64089025925845
751034368,17.61675781916827
751134720,18.29854007843882
751235072,19.504215385951102
751335424,19.18449368480593
751435776,18.74462603572756
751536128,17.855133618600668
751636480,17.412046157605946
751736832,17.200971271283926
751837184,17.19054310966283
751937536,17.19054310966283
752037888,17.034755145795643
752138240,12.647774840220809
752238592,13.011419988460839
752338944,12.961982680149376
752439296,12.833664051182568
752539648,13.027144423611462
752640000,13.225680352337658
752740352,13.428917981274425
752840704,13.605114585049451
752941056,14.590491953976452
753041408,14.590491953976452
753141760,14.590491953976452
753242112,15.144974471218884
753342464,13.816667304039001
753442816,11.004690240174533
753543168,10.303952389508487
753643520,10.06687764003873
753743872,9.359827707558871
753844224,9.359827707558871
753944576,9.165510133057833
754044928,9.165510133057833
754145280,9.165510133057833
754245632,10.331001469157636
754345984,10.758009409122169
754446336,11.674479985646904
754546688,11.53219836257398
754647040,10.292134095383808
754747392,9.800338455094025
754847744,8.946385272396729
754948096,8.709113849056884
755048448,8.613426192654297
755148800,8.367763675106689
755249152,8.404089132016525
755349504,10.04580342776142
755449856,11.015318660279735
755550208,11.015318660279735
755650560,11.854581477185711
755750912,12.158052878705785
755851264,10.261495224600658
755951616,9.527480206368491
756051968,10.437005939111113
756152320,10.96305573426187
756252672,11.400012812241911
756353024,11.994285220727324
756453376,12.4162535854429
756553728,12.4162535854429
756654080,12.654621471986175
756754432,12.654621471986175
756854784,13.02867458306253
756955136,13.02867458306253
757055488,10.996633653519675
757155840,7.029895252240822
757256192,6.95827580592595
757356544,6.850393034433946
757456896,6.841109405970201
757557248,6.841109405970201
757657600,7.225874272799119
757757952,7.735777093386278
757858304,7.735777093386278
757958656,7.905782453035936
758059008,8.043823544001206
758159360,8.818936478113756
758259712,8.848118412047624
758360064,8.966691988855601
758460416,9.028438204675913
758560768,9.228035611063241
758661120,10.112997075468302
758761472,11.265207263417542
758861824,12.083749517388641
758962176,13.257531237788498
759062528,14.720344369597733
759162880,15.28564522523433
759263232,17.86356850642711
759363584,27.51719672679901
759463936,32.43419291228056
759564288,30.10576882570982
759664640,26.15189872473478
759764992,16.182759620845317
759865344,8.420823313891887
759965696,10.923318239450454
760066048,11.48488013625145
760166400,12.678763803243637
760266752,14.25873593568802
760367104,15.885540220737457
760467456,17.639909269809724
760567808,18.22879161119461
760668160,18.263990156650543
760768512,16.368064373731613
760868864,15.333692561388016
760969216,14.4169342815876
761069568,14.236377693414688
761169920,14.073510814905166
761270272,14.113918834924698
761370624,14.170971027612687
761470976,14.449049354791642
761571328,14.7493916451931
761671680,14.7493916451931
761772032,15.31920793890953
761872384,15.31920793890953
761972736,11.941205049417913
762073088,5.783343888185918
762173440,5.4349034437164665
762273792,5.482153515480459
762374144,3.9842158177122475
762474496,3.9842158177122475
762574848,4.995360856428743
762675200,5.500164403989911
762775552,6.775996515154839
762875904,7.8368918401002885
762976256,7.8368918401002885
763076608,7.8368918401002885
763176960,7.553391887964681
763277312,7.510951833548024
763377664,7.59997102481313
763478016,8.161771263899281
763578368,8.819777188124135
763678720,9.52982298356481
763779072,10.379108078302815
763879424,11.992411656202748
763979776,13.607117426218466
764080128,14.819353219093754
764180480,16.3471264312882
764280832,18.940679387869313
764381184,18.686873601120897
764481536,16.565515012484976
764581888,14.95369901616592
764682240,15.073413190399297
764782592,15.525835064505227
764882944,15.9463963951217
764983296,16.38642127938103
765083648,16.618506428669207
765184000,16.618506428669207
765284352,16.942024089763873
765384704,17.63275297350716
765485056,18.274097487400287
765585408,17.438058008546943
765685760,5.184597600009292
765786112,5.114711113031953
765886464,3.508163941372186
765986816,4.095047421976924
766087168,4.946255179271102
766187520,5.638959278687834
766287872,5.821752909645438
766388224,5.833760459050536
766488576,6.108111635074019
766588928,6.4719239585101604
766689280,8.38409045740962
766789632,9.172139698714018
766889984,8.733419283814728
766990336,8.317318166680634
767090688,8.498754140324891
767191040,8.627032729573548
767291392,8.681151726432144
767391744,8.698927840180694
767492096,8.944036505408585
767592448,8.944036505408585
767692800,9.174758715219795
767793152,9.174758715219795
767893504,10.574985836334527
767993856,10.574985836334527
768094208,9.232155433800072
768194560,6.164785822536796
768294912,5.298330517616123
768395264,4.80225496372208
768495616,5.206721526812762
768595968,6.045259644780308
768696320,6.2710655532218516
768796672,7.593608262706548
768897024,8.817673647869379
768997376,9.452354712355882
769097728,10.202341778147966
769198080,10.676836054194718
769298432,10.550069788210093
769398784,7.160175847876817
769499136,6.3049745814688505
769599488,2.796940522827208
769699840,6.091325038857758
769800192,7.426688596196473
769900544,8.33019865769893
770000896,9.636959569640458
770101248,10.067681025154888
770201600,10.795014348514378
770301952,11.492485156543554
770402304,12.32428002871573
770502656,12.97111031094566
770603008,12.352503613326698
770703360,11.047043484989553
770803712,10.52539008790627
770904064,10.625445236507803
771004416,10.69832029754296
771104768,11.04011054450646
771205120,11.300147168580443
771305472,11.490516631547361
771405824,11.691570103112609
771506176,12.394588458482175
771606528,14.943189276400954
771706880,15.338208006564528
771807232,11.5621955406107
771907584,9.937076415792108
772007936,9.872852932587266
772108288,9.241383599415421
772208640,9.368160364404321
772308992,9.31044069506228
772409344,9.359891898408533
772509696,9.179606082215905
772610048,9.388776503577828
772710400,9.196592265218497
772810752,11.747000935152172
772911104,12.599038460031151
773011456,12.152883825916797
773111808,11.669894431848078
773212160,11.73114301206544
773312512,11.918848558086902
773412864,11.918848558086902
773513216,11.918848558086902
773613568,11.918848558086902
773713920,11.918848558086902
773814272,12.518224774021656
773914624,14.341500569600612
774014976,15.564860577601939
774115328,15.383106954116375
774215680,17.462799563314764
774316032,5.866308705378324
774416384,1.8253129130229353
774516736,2.165809799693525
774617088,2.8134003644809127
774717440,4.201371258758009
774817792,6.667875028066337
774918144,8.288036370836199
775018496,11.296685776114463
775118848,12.87492489695549
775219200,13.667929003834724
775319552,13.667929003834724
775419904,14.006741366833449
775520256,13.939471911862492
775620608,14.217730437722057
775720960,14.244770261254162
775821312,14.21756607433781
775921664,14.52023864408955
776022016,14.546892878022044
776122368,15.489986227955669
776222720,16.406318776067348
776323072,15.308485797625035
776423424,19.164789624344557
776523776,19.50072115195915
776624128,19.488897185456008
776724480,18.690381093341855
776824832,17.06301957549527
776925184,15.186685048956424
777025536,15.186685048956424
777125888,15.186685048956424
777226240,15.186685048956424
777326592,15.163032171148807
777426944,15.163032171148807
777527296,15.298150255102664
777627648,16.529998075384647
777728000,18.50474231900647
777828352,20.184042210597546
777928704,18.117924788035452
778029056,18.358981525339185
778129408,18.43051004353911
778229760,18.475634691156447
778330112,18.475634691156447
778430464,18.475634691156447
778530816,18.475634691156447
778631168,18.475634691156447
778731520,18.770678595937788
778831872,19.146671692766247
778932224,19.146671692766247
779032576,19.563311677314342
779132928,19.71081434853375
779233280,19.560052013471722
779333632,19.656349419429898
779433984,19.656349419429898
779534336,19.656349419429898
779634688,19.795166071727873
779735040,19.985289461687206
779835392,19.985289461687206
779935744,19.985289461687206
780036096,20.304080607965588
780136448,20.304080607965588
780236800,20.304080607965588
780337152,20.185988325476647
780437504,13.82177719168365
780537856,8.050855958983302
780638208,5.901547865197062
780738560,7.065619372315705
780838912,7.2415536125376825
780939264,8.182328836508095
781039616,8.182328836508095
781139968,8.839077718444168
781240320,9.87785762090236
781340672,9.87785762090236
781441024,10.04480155248195
781541376,10.04480155248195
781641728,8.095908003943041
781742080,8.376299826679752
781842432,8.328308562813326
781942784,7.645420410884544
782043136,7.782853980613872
782143488,7.994081237940118
782243840,8.342830854980274
782344192,8.635143549768253
782444544,8.966508863298223
782544896,9.376444946853445
782645248,9.376444946853445
782745600,9.888937775222585
782845952,9.854010165249928
782946304,9.392561010634527
783046656,8.805156177794562
783147008,8.10865193775855
783247360,7.461837677275762
783347712,8.035837164651603
783448064,9.673544864989816
783548416,10.693114805407822
783648768,10.983136797137558
783749120,10.983136797137558
783849472,11.086435370631516
783949824,11.086435370631516
784050176,10.78313783697784
784150528,10.596438638493419
784250880,10.53301316909492
784351232,10.559696728512645
784451584,10.646121966168284
784551936,10.672382847592235
784652288,11.088521088883281
784752640,11.088521088883281
784852992,11.088521088883281
784953344,11.419163910672069
785053696,11.98186124496162
785154048,12.653477026745676
785254400,14.960203336263076
785354752,14.758580975243822
785455104,14.132483324715867
785555456,12.994897876353935
785655808,12.429075726838782
785756160,10.239450381398202
785856512,12.317374373078346
785956864,12.765542321801185
786057216,13.525480986237525
786157568,13.792904024720192
786257920,15.489230074882506
786358272,16.51501350402832
786458624,17.350920515060423
786558976,16.110588130569084
786659328,15.676539917802438
786759680,14.599613426541909
786860032,14.30178111991845
786960384,14.140746674155816
787060736,14.248786949729547
787161088,14.523376345252618
787261440,14.523376345252618
787361792,14.90429830036126
787462144,15.538068762635811
787562496,15.812115622377023
787662848,16.094794665193184
787763200,14.565802440112456
787863552,11.28853284305893
787963904,7.384013131447136
788064256,8.768158517107368
788164608,10.50253118775785
788264960,11.802356970775872
788365312,13.429283904302865
788465664,13.30073200153187
788566016,14.830353569407016
788666368,15.831304749865085
788766720,15.831304749865085
788867072,16.559342325348407
788967424,16.190365443974734
789067776,16.004089803248643
789168128,16.025946329012513
789268480,15.689231136217714
789368832,15.261305464878678
789469184,15.099103187154979
789569536,15.125856922697276
789669888,15.232606989275665
789770240,15.232606989275665
789870592,15.232606989275665
789970944,15.370918661486357
790071296,15.695008226763457
790171648,14.377285003215075
790272000,11.167701879125088
790372352,10.570527830701321
790472704,9.243824015241117
790573056,10.025862559080124
790673408,11.248299850672483
790773760,13.372285231798887
790874112,14.444355062693358
790974464,16.265028778761625
791074816,16.795754677504302
791175168,18.186446620672942
791275520,19.244850918501616
791375872,19.941802765578032
791476224,19.20286734145135
791576576,18.433480096273126
791676928,17.788491940908134
791777280,17.075546745471655
791877632,16.115937484912575
791977984,16.43645808922127
792078336,16.43645808922127
792178688,16.993466765675695
792279040,16.993466765675695
792379392,16.993466765675695
792479744,17.38063394645229
792580096,18.482931657731534
792680448,17.466121093928813
792780800,6.063580068983137
792881152,2.8975325421243907
792981504,3.3343525156378746
793081856,3.6804054006934166
793182208,3.703865148127079
793282560,3.7162034538388253
793382912,3.9845001390576362
793483264,4.275500063002109
793583616,4.755627495348453
793683968,5.196725849211216
793784320,6.968028430342674
793884672,7.3502821664512155
793985024,7.324499318450689
794085376,7.829483631700278
794185728,8.00035508736968
794286080,8.208711069077253
794386432,8.426879184693098
794486784,8.426879184693098
794587136,8.426879184693098
794687488,8.998095128983259
794787840,8.998095128983259
794888192,9.380743639916181
794988544,10.410548108071088
795088896,11.285200096983463
795189248,7.273559571038931
795289600,7.446404460202903
795389952,7.788472192119807
795490304,7.810740219429135
795590656,8.012090231254696
795691008,7.9751842559129
795791360,8.568636261299252
795891712,8.747714902237057
795992064,8.747714902237057
796092416,8.97805459626019
796192768,8.97805459626019
796293120,8.97805459626019
796393472,5.535829443708062
796493824,4.772866718191653
796594176,5.329126383308322
796694528,5.6562244638241825
796794880,6.546562454942614
796895232,7.319233553651721
796995584,7.923228967431933
797095936,8.523525824788958
797196288,8.523525824788958
797296640,8.927611685041338
797396992,10.172406173888595
797497344,13.501335297767072
797597696,12.07324334455654
797698048,12.36045950813219
797798400,12.881115663480013
797898752,13.110451724957676
797999104,13.994011271428317
798099456,14.482904377412051
798199808,14.482904377412051
798300160,14.952799067925662
798400512,15.63048891408369
798500864,16.128665269445627
798601216,16.80587058885023
798701568,17.548923877310006
798801920,16.830981344673784
798902272,10.093396667633206
799002624,8.635645648799837
799102976,8.802684273086488
799203328,9.277160658203066
799303680,10.041975416503847
799404032,10.766372858844697
799504384,11.905091101489962
799604736,12.419643227420748
799705088,13.116341015659273
799805440,13.087307775579394
799905792,13.31875247772783
800006144,11.76725120678544
800106496,11.911643761247397
800206848,12.138732473403216
800307200,12.378830468207598
800407552,13.14973083332181
800507904,13.913351832181215
800608256,15.96232318237424
800708608,16.57391836717725
800808960,16.474934173375367
800909312,16.426522060185672
801009664,16.426522060185672
801110016,16.554790187627077
801210368,16.211719275712966
801310720,12.608873037546873
801411072,12.296338724792003
801511424,12.296338724792003
801611776,12.296338724792003
801712128,12.78771517008543
801812480,14.648793012797832
801912832,19.915481520444153
802013184,27.96343531370163
802113536,30.53788714826107
802213888,28.797583095133305
802314240,27.36178835660219
802414592,27.320766647160053
802514944,24.203455375656485
802615296,23.02767206810415
802715648,22.539363438114524
802816000,21.117843976542353
802916352,20.95468617014587
803016704,20.95468617014587
803117056,20.95468617014587
803217408,20.838629212900997
803317760,20.838629212900997
803418112,20.838629212900997
803518464,20.939939485117794
803618816,20.939939485117794
803719168,17.24082724377513
803819520,11.495333788841963
803919872,10.014788035601377
804020224,9.518371364325285
804120576,8.839974166601896
804220928,8.579109279364348
804321280,8.306726905554534
804421632,8.13966242954135
804521984,8.34521563693881
804622336,8.644568540304899
804722688,8.917972218245268
804823040,10.725472484081983
804923392,11.69673939190805
805023744,10.470719623342156
805124096,11.150427130758763
805224448,11.386087450832129
805324800,11.387215065807105
805425152,10.775705427974463
805525504,10.775705427974463
805625856,10.775705427974463
805726208,10.610136446803809
805826560,10.420525622218847
805926912,10.210034804195166
806027264,10.13952203258872
806127616,10.118223852962256
806227968,7.692892249189317
806328320,7.596539888344705
806428672,7.574594407044351
806529024,7.761547155342996
806629376,7.981584010086953
806729728,8.311397705040871
806830080,8.552444353066385
806930432,9.717118809185923
807030784,10.527771537266672
807131136,13.045899547748268
807231488,14.678794979266822
807331840,15.340497516803444
807432192,13.916748655252158
807532544,12.389431422650814
807632896,12.930318285226821
807733248,13.052499326467514
807833600,13.15490567803383
807933952,13.709381557106973
808034304,13.920062397122383
808134656,13.920062397122383
808235008,13.920062397122383
808335360,14.200763719677925
808435712,14.200763719677925
808536064,14.649147549271584
808636416,14.261324009280651
808736768,14.324292190056294
808837120,13.1710341787152
808937472,12.74286942956969
809037824,12.15404295919463
809138176,11.823588590603322
809238528,11.555871534328908
809338880,11.468158998470754
809439232,11.399366121273488
809539584,11.253324499111622
809639936,11.253324499111622
809740288,11.259314947109669
809840640,7.97700522923842
809940992,7.528328380826861
810041344,7.432447798494249
810141696,7.383856944087893
810242048,7.22550649786368
810342400,7.201915532592684
810442752,7.164065610412508
810543104,7.392434569839388
810643456,7.293086291793734
810743808,7.636549096945673
810844160,8.447418831530959
810944512,10.941680729649962
811044864,11.776815317682923
811145216,11.121459023840725
811245568,10.697841634638607
811345920,10.027571284659206
811446272,9.694883614182473
811546624,11.96208780132234
811646976,14.518714123591781
811747328,18.56904033988714
811847680,23.761205903366207
811948032,28.061632150486112
812048384,30.59866076357663
812148736,32.62226374149323
812249088,32.74446388736367
812349440,28.84015938686207
812449792,26.421965375412256
812550144,25.93728210972622
812650496,25.068602686394005
812750848,25.143984699714927
812851200,24.63960470246151
812951552,24.409646530617028
813051904,24.146260815132408
813152256,24.146260815132408
813252608,24.369096575248985
813352960,24.35859612511471
813453312,24.401573381889612
813553664,21.75732473494485
813654016,13.637073702234774
813754368,7.872372932769358
813854720,8.473518179804087
813955072,8.77930022969842
814055424,8.99193936958909
814155776,8.99193936958909
814256128,9.260119110494852
814356480,9.515577570348977
814456832,9.515577570348977
814557184,9.906690327078104
814657536,9.906690327078104
814757888,9.406414910666644
814858240,5.62557816144079
814958592,5.425830588489771
815058944,9.514067613482474
815159296,12.16120974227786
815259648,13.898701618667692
815360000,14.763734120186419
815460352,14.198308304604144
815560704,13.934861961659044
815661056,15.06523794412613
815761408,17.22075555562973
815861760,17.70449441820383
815962112,17.83104957662523
816062464,14.484888693243265
816162816,11.816459508091212
816263168,11.515419129282236
816363520,11.266180848032237
816463872,10.85375181093812
816564224,10.872776926904917
816664576,10.872776926904917
816764928,11.247411440759898
816865280,11.563332594782114
816965632,11.691608103662729
817065984,11.691608103662729
817166336,12.367505043894052
817266688,7.382004312612116
817367040,7.399902569539845
817467392,7.455044368989766
817567744,7.687061044462025
817668096,7.687061044462025
817768448,8.431513822562993
817868800,8.639378688819706
817969152,9.207154965884984
818069504,9.901923723705114
818169856,9.901923723705114
818270208,10.311576982028782
818370560,11.194370551593602
818470912,10.923001972548663
818571264,10.86655284177512
818671616,10.88184761058539
818771968,11.213945367448032
818872320,11.213945367448032
818972672,11.376162617318332
819073024,11.87227387201041
819173376,12.078881085030735
819273728,12.319358446709812
819374080,13.668419318310917
819474432,15.292811745516955
819574784,17.353745831362904
819675136,15.923628107542172
819775488,16.104766659708694
819875840,13.185274533974006
819976192,12.247880580173806
820076544,8.954342019306496
820176896,8.126973507422953
820277248,10.136457211375237
820377600,11.958725585341453
820477952,14.65865600168705
820578304,17.720778401494027
820678656,18.757397320866584
820779008,19.85126260101795
820879360,19.618718236004934
820979712,19.393226254126056
821080064,19.05981914117001
821180416,18.934158367058263
821280768,18.894444679161534
821381120,19.364974912544714
821481472,19.364974912544714
821581824,19.468490613838657
821682176,19.468490613838657
821782528,19.468490613838657
821882880,19.72313652410172
821983232,19.72313652410172
822083584,19.72313652410172
822183936,15.374637296805158
822284288,11.566832769522444
822384640,10.788288734564558
822484992,9.679882543692365
822585344,9.473373735556379
822685696,9.619503629812971
822786048,9.495151460776105
822886400,9.35924405873753
822986752,9.360509660849347
823087104,9.312724702963605
823187456,9.416198480734602
823287808,9.518416917929425
823388160,7.420067218821496
823488512,7.57612960761413
823588864,7.859390417393297
823689216,8.1574086410366
823789568,8.430353128369898
823889920,8.591621410306542
823990272,8.591621410306542
824090624,8.839749366696925
824190976,8.839749366696925
824291328,8.839749366696925
824391680,9.16205297416076
824492032,9.16205297416076
824592384,8.621162510681897
824692736,7.605581961050629
824793088,7.752345751896501
824893440,7.816460804119706
824993792,8.161143896952272
825094144,8.263876619711517
825194496,8.263876619711517
825294848,8.263876619711517
825395200,8.263876619711517
825495552,8.263876619711517
825595904,8.263876619711517
825696256,10.5383930901438
825796608,11.663456196002663
825896960,10.965869483537972
825997312,9.170281283445656
826097664,8.165769235193729
826198016,8.31927234441042
826298368,8.631282488107681
826398720,9.025510908961296
826499072,9.267342056632042
826599424,9.742911643385888
826699776,9.742911643385888
826800128,9.742911643385888
826900480,9.742911643385888
827000832,9.742911643385888
827101184,8.69281054571271
827201536,7.894445756077767
827301888,7.982411446757615
827402240,7.982411446757615
827502592,8.969173411093653
827602944,10.750240336619317
827703296,12.125257339440287
827803648,12.825581934414805
827904000,12.825581934414805
828004352,13.108359253369272
828104704,13.997829668484629
828205056,13.997829668484629
828305408,11.920581662915646
828405760,10.861874900609255
828506112,11.236168235242367
828606464,11.623172892034054
828706816,12.116401752978563
828807168,12.569917919188738
828907520,13.228892251998186
829007872,13.56197717860341
829108224,13.56197717860341
829208576,14.252263156920671
829308928,16.116089709298684
829409280,16.116089709298684
829509632,16.117725050933657
829609984,9.002375039868056
829710336,6.077162673734128
829810688,3.3575934080034493
829911040,4.231105528771877
830011392,4.635626299977303
830111744,5.475761781334877
830212096,5.947045196890831
830312448,5.965849594473839
830412800,6.4996302032470705
830513152,6.7431326258182525
830613504,7.480876487493515
830713856,8.22356627009809
830814208,7.802159072551876
830914560,8.325220058206469
831014912,8.588268591407687
831115264,7.926845461521298
831215616,6.824608023557812
831315968,7.174789053220302
831416320,7.481332731414586
831516672,7.73968187527731
831617024,8.632574266195297
831717376,9.049897253513336
831817728,9.049897253513336
831918080,10.009875996112823
832018432,9.070892269564792
832118784,7.4654512774478645
832219136,6.945533808423206
832319488,6.876926866723225
832419840,7.001649981690571
832520192,7.180596576882526
832620544,7.635504332734272
832720896,7.6436871635448185
832821248,9.074741825386882
832921600,16.53437832951546
833021952,21.30221328020096
833122304,22.148563070297243
833222656,21.36849532466382
833323008,17.74309846263379
833423360,16.02365023057908
833523712,14.675638088397681
833624064,13.979795960597693
833724416,13.817569398097694
833824768,13.817569398097694
833925120,13.970438455753028
834025472,13.864635595493018
834125824,13.61734043519944
834226176,13.73289780061692
834326528,12.934796798042953
834426880,12.69375727361068
834527232,11.945073492191732
834627584,2.900642969571054
834727936,4.183491314295679
834828288,5.659753346443177
834928640,6.473319747447968
835028992,7.238301622867584
835129344,8.413456342816353
835229696,8.759913123846054
835330048,9.091098209619522
835430400,9.091098209619522
835530752,9.79606420636177
835631104,9.687468260340392
835731456,9.238801168091594
835831808,9.42907099192962
835932160,9.343413665350527
836032512,9.460703374203295
836132864,9.835494738873095
836233216,10.424349587615579
836333568,10.54887785261497
836433920,10.806825226005166
836534272,11.111446521934122
836634624,11.053170831855386
836734976,11.053170831855386
836835328,11.053170831855386
836935680,10.111567410621792
837036032,6.385329727325589
837136384,6.1675063592009245
837236736,6.261438700538129
837337088,6.3967948505654935
837437440,6.814802642501891
837537792,6.814802642501891
837638144,7.631808839347213
837738496,7.631808839347213
837838848,7.631808839347213
837939200,8.023394645955413
838039552,8.460324502494187
838139904,8.31062695603352
838240256,8.0865501990309
838340608,7.909049865244888
838440960,8.138557139872573
838541312,8.326822754382157
838641664,8.753482629298233
838742016,9.547611800669692
838842368,12.019145031473599
838942720,14.730811625025234
839043072,16.346446452639064
839143424,16.920059261820278
839243776,16.960141392252407
839344128,17.28514616113156
839444480,17.364962813667955
839544832,16.269096593670547
839645184,14.706468679718673
839745536,13.593766108565033
839845888,12.785657166056335
839946240,12.091627977900208
840046592,12.055352285914124
840146944,11.931952026896179
840247296,11.880340980105101
840347648,12.412262665592134
840448000,13.375832325667142
840548352,15.149488717466593
840648704,14.621054577864706
840749056,14.392509045638144
840849408,13.310158889330923
840949760,12.610739686526358
841050112,11.707926080264151
841150464,9.55669173721224
841250816,12.0943393099308
841351168,14.386685540676117
841451520,16.209661371707917
841551872,17.48340192079544
841652224,18.386169099807738
841752576,19.317789757251738
841852928,18.193312954138964
841953280,15.608556138705461
842053632,14.564145052861422
842153984,14.476495821904392
842254336,14.390778153371066
842354688,14.394750111531467
842455040,14.394750111531467
842555392,14.789237428139895
842655744,14.982882752846926
842756096,15.59804049057886
842856448,15.77525427384302
842956800,15.77525427384302
843057152,14.491086397301405
843157504,6.739232271537185
843257856,6.899837001636624
843358208,6.756335038021207
843458560,6.88150051958859
843558912,7.0968751025944945
843659264,7.1400401473790405
843759616,7.1400401473790405
843859968,7.247853648737073
843960320,7.721579730585217
844060672,8.200057027414442
844161024,8.84848018296063
844261376,9.11313597118482
844361728,8.76445409519598
844462080,8.621050138305872
844562432,8.79525183422491
844662784,8.943779878448694
844763136,9.28740111289546
844863488,10.00590206084773
844963840,10.596916050296278
845064192,11.29071061193943
845164544,24.39884502530098
845264896,30.16117592841387
845365248,29.92513953536749
845465600,29.026697978153823
845565952,9.849930473417043
845666304,2.886370623856783
845766656,1.6991990212351085
845867008,2.00264484860003
845967360,2.1835535065084697
846067712,2.6579026211053134
846168064,3.5774533186107873
846268416,5.412015673741698
846368768,5.777606431767344
846469120,6.6091528158634905
846569472,8.02018455915153
846669824,8.02018455915153
846770176,8.037661104761064
846870528,8.434337223730981
846970880,8.740591584406793
847071232,9.09787823792547
847171584,9.381107908152044
847271936,9.381107908152044
847372288,9.381107908152044
847472640,9.611942821405828
847572992,10.316867276094854
847673344,11.10020308341831
847773696,11.810251658819617
847874048,14.49395850982517
847974400,14.169152207374573
848074752,11.941823486834764
848175104,9.232111954428255
848275456,10.343025526739657
848375808,11.288715673424303
848476160,11.814705253578722
848576512,11.947677827812731
848676864,11.533629365898669
848777216,11.067702527977525
848877568,12.938263114392758
848977920,15.12142405077815
849078272,20.441204684823752
849178624,21.37436843380332
849278976,19.7999594438076
849379328,10.487263206243515
849479680,7.8418937063217165
849580032,9.823119236994534
849680384,12.587302906084807
849780736,13.762829672712833
849881088,14.601828853506595
849981440,15.455893346685917
850081792,15.765460922140628
850182144,15.765460922140628
850282496,15.980375491995364
850382848,15.85074795352295
850483200,14.52061854319647
850583552,12.15824149608612
850683904,10.561632168292999
850784256,9.794063756614923
850884608,8.875144822634757
850984960,11.340444457530975
851085312,12.29700250864029
851185664,12.78921336889267
851286016,12.78921336889267
851386368,12.78921336889267
851486720,12.78921336889267
851587072,12.752632741015404
851687424,12.01672225041315
851787776,11.922096977662296
851888128,12.02755188031122
851988480,12.066692843865603
852088832,12.066692843865603
852189184,12.15884347481653
852289536,12.15884347481653
852389888,12.15884347481653
852490240,12.69012234253809
852590592,12.976039615105838
852690944,13.9470478133671
852791296,15.59798917574808
852891648,13.670320763564668
852992000,12.510415549254976
853092352,11.996833081222139
853192704,11.586117497510276
853293056,11.563425065106712
853393408,11.563425065106712
853493760,11.563425065106712
853594112,11.563425065106712
853694464,11.976238616532646
853794816,12.575869449204765
853895168,12.90383806569036
853995520,13.119151652879081
854095872,12.052486161864362
854196224,11.23906357571017
854296576,3.6841685593128206
854396928,4.6573166626691815
854497280,5.585220535993576
854597632,6.227540570497513
854697984,6.825467239618302
854798336,6.825467239618302
854898688,7.027043105363846
854999040,7.027043105363846
855099392,7.027043105363846
855199744,7.027043105363846
855300096,7.12353895187378
855400448,6.783190968520939
855500800,6.835702798850835
855601152,6.983722439296543
855701504,7.373280313499272
855801856,7.672540348060429
855902208,7.968471954353154
856002560,8.202426293380558
856102912,8.874557602889835
856203264,9.842278485782444
856303616,11.045846176631748
856403968,14.322521542198956
856504320,19.856091811545195
856604672,19.132880507297813
856705024,18.26350727457553
856805376,18.905965919420122
856905728,19.024924986287953
857006080,19.683343452513217
857106432,19.9227578535676
857206784,19.9227578535676
857307136,19.9227578535676
857407488,20.250823277533055
857507840,20.250823277533055
857608192,20.652052344381808
857708544,20.652052344381808
857808896,20.457808807464318
857909248,20.30764831838198
858009600,20.27625862416811
858109952,20.2975805598218
858210304,20.38244800862856
858310656,20.38244800862856
858411008,20.520974486442285
858511360,20.697782157035544
858611712,20.909029210181906
858712064,21.051333325477316
858812416,21.051333325477316
858912768,21.051333325477316
859013120,18.798706507179887
859113472,15.312335501406341
859213824,15.107951135132462
859314176,13.492394251320512
859414528,12.447243437264115
859514880,12.268885206673295
859615232,12.038465532753616
859715584,12.038465532753616
859815936,12.038465532753616
859916288,12.038465532753616
860016640,12.084766878578812
860116992,12.084766878578812
860217344,10.726772403363139
860317696,9.512723967079074
860418048,7.938385871136561
860518400,7.042325708717108
860618752,6.129114561080932
860719104,7.042688508033752
860819456,7.313290239870549
860919808,7.5993420198559765
861020160,7.6917658212780955
861120512,8.261737101376056
861220864,8.573684127628804
861321216,8.573684127628804
861421568,8.573684127628804
861521920,8.041264216005802
861622272,7.935580519735813
861722624,7.949458251297474
861822976,7.892018313705921
861923328,7.997333512604237
862023680,7.997333512604237
862124032,8.407898111641407
862224384,8.621529345810414
862324736,8.621529345810414
862425088,8.913892593681812
862525440,9.329267034828662
862625792,9.329267034828662
862726144,8.242799179218709
862826496,7.89182512011379
862926848,7.8987075063213705
863027200,8.196353441141547
863127552,8.327564035318792
863227904,8.527373386286198
863328256,8.635526824854315
863428608,9.624619825743139
863528960,10.360265849493445
863629312,10.643921130560338
863729664,13.319563335739076
863830016,16.23321908853948
863930368,16.270052028633653
864030720,16.467080026604236
864131072,16.625093627907336
864231424,16.688442525602877
864331776,17.169737508036196
864432128,17.58662627670914
864532480,17.58662627670914
864632832,17.58662627670914
864733184,17.58662627670914
864833536,17.58662627670914
864933888,17.58662627670914
865034240,17.58662627670914
865134592,17.33151414236054
865234944,15.683931634072215
865335296,15.575470099095256
865435648,15.004610039833933
865536000,14.834301612023264
865636352,14.834301612023264
865736704,14.834301612023264
865837056,14.790771796349436
865937408,14.790771796349436
866037760,14.806584174279124
866138112,14.903408057335763
866238464,14.903408057335763
866338816,14.144698973763735
866439168,5.506433932911604
866539520,4.04256758665666
866639872,3.836778030451387
866740224,4.025805849917233
866840576,5.690773828215897
866940928,11.184034787900746
867041280,20.368065307363867
867141632,27.450370337963104
867241984,27.408220683336257
867342336,27.751850835084916
867442688,28.792821482419967
867543040,29.38672361254692
867643392,27.125865227086468
867743744,25.072652766807003
867844096,24.656803615195678
867944448,24.304727084739135
868044800,23.79906927834265
868145152,23.378398864371704
868245504,23.220808570487424
868345856,23.11632010231726
868446208,23.160903842551633
868546560,23.26435820351355
868646912,24.184165661437437
868747264,24.940596401793883
868847616,24.289233775837346
868947968,18.58877007971518
869048320,14.02454423318617
869148672,12.930025489330292
869249024,12.73714962720871
869349376,12.585060184001923
869449728,12.030283501148224
869550080,11.016069452762604
869650432,11.016069452762604
869750784,10.666258928775788
869851136,10.677250521183014
869951488,10.655152208805085
870051840,8.224945877809077
870152192,8.258342742938549
870252544,8.338396077174693
870352896,8.411264615077526
870453248,8.528283007163555
870553600,8.643638780135662
870653952,8.836174910087138
870754304,9.08085336925462
870854656,9.323508589286357
870955008,11.882954347152262
871055360,12.244238560218363
871155712,15.763043246287852
871256064,18.046929566878827
871356416,16.729672382008285
871456768,14.79637940896675
871557120,14.866436927728355
871657472,15.267601676993072
871757824,15.545649975351989
871858176,15.764034994654358
871958528,15.982885898165405
872058880,16.274915455393494
872159232,16.855594879202545
872259584,17.821038931421935
872359936,19.239709814600648
872460288,22.352228838019073
872560640,18.880781381987035
872660992,13.335641504079103
872761344,12.192170917838812
872861696,5.733949906527996
872962048,6.792726092040539
873062400,7.857272579371929
873162752,9.136845559775828
873263104,10.561824488341808
873363456,11.3911544033885
873463808,11.3911544033885
873564160,12.011955592334271
873664512,12.45143057078123
873764864,11.84076985385269
873865216,11.582617044709623
873965568,11.488800490163266
874065920,11.66369959142059
874166272,11.83542225625366
874266624,11.977905638478695
874366976,11.977905638478695
874467328,12.42501632478088
874567680,13.329997980855405
874668032,13.329997980855405
874768384,13.329997980855405
874868736,14.869204923138023
874969088,15.536355157522484
875069440,14.635042073158548
875169792,9.134647445110604
875270144,10.275637444322928
875370496,10.275637444322928
875470848,10.45522185451351
875571200,10.45522185451351
875671552,10.45522185451351
875771904,10.45522185451351
875872256,10.75022435314022
875972608,11.079958673780784
876072960,13.106552420919762
876173312,17.442146563148125
876273664,15.344256619950757
876374016,12.45762322731316
876474368,12.518517113402487
876574720,13.07445277877152
876675072,13.15622440047562
876775424,13.15622440047562
876875776,13.583639904931188
876976128,13.794893290475011
877076480,14.045624935105444
877176832,15.35232808060944
877277184,15.706960553601384
877377536,15.706960553601384
877477888,14.828748817965389
877578240,14.766945003792644
877678592,14.74654855184257
877778944,14.74654855184257
877879296,14.74654855184257
877979648,14.74654855184257
878080000,14.81807412557304
878180352,15.250946964547039
878280704,15.344954094216227
878381056,14.9206576769799
878481408,15.01855478696525
878581760,15.061850914284587
878682112,14.633479790873826
878782464,14.681261851377785
878882816,14.909404658861458
878983168,15.07982444960624
879083520,15.26874302584678
879183872,15.410051376409829
879284224,15.410051376409829
879384576,15.601229450292886
879484928,16.024066202230753
879585280,16.33064297873527
879685632,16.696499096937476
879785984,17.18704538900405
879886336,16.883259286619722
879986688,16.69173088286072
880087040,16.437073909975588
880187392,15.421232378222049
880287744,15.014845773912967
880388096,14.79658086989075
880488448,15.285963262468577
880588800,16.180639011412858
880689152,16.526205300986767
880789504,18.104769830591977
880889856,18.541309438832105
880990208,20.764332020170986
881090560,21.395397198088467
881190912,18.91906599778682
881291264,15.623297223299742
881391616,15.966317335814237
881491968,16.313805653303863
881592320,16.689925572127105
881692672,16.85612621948123
881793024,16.85612621948123
881893376,17.11953731223941
881993728,18.28662364885211
882094080,18.56057387277484
882194432,18.56057387277484
882294784,18.89674532815814
882395136,16.42380056016147
882495488,7.6280840357393025
882595840,3.5566561230272056
882696192,4.53982061624527
882796544,5.614860500246286
882896896,7.936562166363001
882997248,8.769849579483271
883097600,11.930112759023904
883197952,13.144506331831217
883298304,13.620618571192026
883398656,13.620618571192026
883499008,13.620618571192026
883599360,13.29898784391582
883699712,12.907959264442324
883800064,12.956630172654986
883900416,13.08041074745357
884000768,13.08041074745357
884101120,13.213519678041338
884201472,13.213519678041338
884301824,13.213519678041338
884402176,13.213519678041338
884502528,13.394207954332233
884602880,13.74149961464107
884703232,14.707666760608554
884803584,14.140578503038268
884903936,13.23524562882958
885004288,12.144174743171316
885104640,11.83705019044457
885204992,11.520484673033934
885305344,11.642277184973937
885405696,11.511354352484922
885506048,11.5022138991463
885606400,11.5022138991463
885706752,11.5022138991463
885807104,11.86474564219592
885907456,11.86474564219592
886007808,11.896701298493426
886108160,10.23091878338484
886208512,9.303396810728591
886308864,8.851459316450637
886409216,9.049683435622137
886509568,9.426918102118652
886609920,10.663281350794714
886710272,12.327809705201071
886810624,13.694360687199515
886910976,13.983156959477347
887011328,15.530634306482971
887111680,18.66838210936636
887212032,20.28159400101751
887312384,19.82222957778722
887412736,19.713186854608356
887513088,19.63368261743337
887613440,19.723652757890523
887713792,19.79193381715566
887814144,20.063113349191845
887914496,20.063113349191845
888014848,20.3656342632696
888115200,20.540267365686596
888215552,21.057236283533275
888315904,21.636715329401195
888416256,21.636715329401195
888516608,21.07788095869124
888616960,19.94029862780124
888717312,19.64411361593753
888817664,19.397591203637422
888918016,18.52999310631305
889018368,18.08557810921222
889118720,17.888002959676086
889219072,17.843906699605284
889319424,17.785200683064758
889419776,17.679328891225158
889520128,17.484172984547914
889620480,17.519188128896058
889720832,11.730754036717117
889821184,11.569473392926156
889921536,11.345725676976144
890021888,9.14776366468519
890122240,9.633990420401096
890222592,10.753317741453648
890322944,12.040164605677127
890423296,11.747085905484855
890523648,16.629086586236955
890624000,19.627921237945557
890724352,24.481969318389893
890824704,26.41734904408455
890925056,26.134449031576516
891025408,24.30397248826921
891125760,20.934275298938154
891226112,20.72321252427995
891326464,19.994690210148693
891426816,19.994690210148693
891527168,19.955482045933604
891627520,19.78307430438697
891727872,19.826712762638927
891828224,19.826712762638927
891928576,19.987033387944102
892028928,20.176415006443857
892129280,22.807013232037423
892229632,20.53140023380518
892329984,11.508978977501393
892430336,8.80959263779223
892530688,10.321566938906908
892631040,13.01736682370305
892731392,14.776109053045511
892831744,15.276236688047648
892932096,16.19503742352128
893032448,16.458678933531047
893132800,16.658107272535563
893233152,17.010048943907023
893333504,17.010048943907023
893433856,16.57937716718763
893534208,16.127820535860955
893634560,15.090174542628228
893734912,14.876095019541681
893835264,15.053785771541298
893935616,15.104763211421668
894035968,15.19734462659806
894136320,15.287871159724892
894236672,15.287871159724892
894337024,15.287871159724892
894437376,15.49900387685746
894537728,16.070317720584573
894638080,15.067343198433518
894738432,13.376795253232121
894838784,11.674919954016804
894939136,10.65210067100823
895039488,10.593710099533201
895139840,10.593710099533201
895240192,10.593710099533201
895340544,10.880926157310604
895440896,11.062598186805845
895541248,11.152744423225522
895641600,11.081790987327695
895741952,11.540998873673379
895842304,11.525239231120795
895942656,11.461385332401841
896043008,11.432225400265306
896143360,11.498093580063433
896243712,11.686263765152544
896344064,11.702939003761857
896444416,11.702939003761857
896544768,11.898913863953203
896645120,12.167432349976153
896745472,12.167432349976153
896845824,12.167432349976153
896946176,12.167432349976153
897046528,12.167432349976153
897146880,11.915195851158352
897247232,11.358428747486323
897347584,11.358428747486323
897447936,11.358428747486323
897548288,11.326397344898432
897648640,11.453716175388545
897748992,11.453716175388545
897849344,11.495583050083368
897949696,11.495583050083368
898050048,11.495583050083368
898150400,11.495583050083368
898250752,11.495583050083368
898351104,10.070375877004118
898451456,9.83421218039468
898551808,9.862255990225822
898652160,9.881554445941001
898752512,10.190954354722052
898852864,10.190954354722052
898953216,11.117294794041664
899053568,11.70335929485038
899153920,12.616816442925483
899254272,13.321210850197822
899354624,13.321210850197822
899454976,14.207193048913032
899555328,14.08423962423578
899655680,14.10046579727903
899756032,13.534767843578011
899856384,13.030065733287483
899956736,12.340711582992226
900057088,12.340711582992226
900157440,12.340711582992226
900257792,12.340711582992226
900358144,12.477161072585732
900458496,12.477161072585732
900558848,12.477161072585732
900659200,12.477161072585732
900759552,11.150412047673017
900859904,10.307014827132225
900960256,10.340425108745695
901060608,10.234406787231565
901160960,10.335630787685513
901261312,10.335630787685513
901361664,10.378121551573276
901462016,11.352578580677509
901562368,11.930633848011494
901662720,12.353107986748219
901763072,12.560121527016163
901863424,12.560121527016163
901963776,12.560121527016163
902064128,11.549738065623679
902164480,11.605987955951132
902264832,11.266697937869466
902365184,8.341121480711736
902465536,9.48808596635703
902565888,10.285948918112554
902666240,10.566741717108526
902766592,10.566741717108526
902866944,10.761865959414282
902967296,11.041486135446467
903067648,11.495757515602746
903168000,11.765988969677128
903268352,11.715904107340611
903368704,10.404076012023724
903469056,9.640483053573407
903569408,9.711429973579943
903669760,10.677552714720369
903770112,11.694430368319154
903870464,12.32736609019339
903970816,13.307289214506746
904071168,14.75039081133902
904171520,14.75039081133902
904271872,15.398477368727326
904372224,16.84145894564688
904472576,16.820336216744035
904572928,13.650426479559393
904673280,12.424828896503895
904773632,12.071741986256093
904873984,11.428185994606466
904974336,11.264019486885518
905074688,10.972613656502217
905175040,11.028882520180195
905275392,11.028882520180195
905375744,10.990735757332295
905476096,10.990735757332295
905576448,11.023929841499776
905676800,9.691540692728013
905777152,7.941778398454189
905877504,7.883145106136799
905977856,7.918107307255268
906078208,8.011158709824086
906178560,8.407760947048665
906278912,8.436908023655414
906379264,8.436908023655414
906479616,8.436908023655414
906579968,8.436908023655414
906680320,8.436908023655414
906780672,8.436908023655414
906881024,8.436908023655414
906981376,7.587246835157275
907081728,7.587246835157275
907182080,7.587246835157275
907282432,7.587246835157275
907382784,7.587246835157275
907483136,7.587246835157275
907583488,8.939518086835742
907683840,10.239582745060325
907784192,20.240644585713746
907884544,32.34302124023438
907984896,34.76270201444626
908085248,35.59838390648365
908185600,26.752501907646657
908285952,20.080167087614537
908386304,16.0338512198627
908486656,13.977923512905836
908587008,11.999699655026198
908687360,11.230287199467421
908787712,10.655324354618788
908888064,10.655324354618788
908988416,10.528674593418836
909088768,10.516386652439833
909189120,10.516386652439833
909289472,10.516386652439833
909389824,8.056534382589161
909490176,6.7446684609726075
909590528,5.421530861593783
909690880,5.456895188130439
909791232,5.456895188130439
909891584,5.456895188130439
909991936,5.456895188130439
910092288,5.456895188130439
910192640,5.456895188130439
910292992,5.456895188130439
910393344,5.456895188130439
910493696,5.456895188130439
910594048,5.433527422556653
910694400,5.74242883333005
910794752,5.856932548368349
910895104,5.856932548368349
910995456,5.856932548368349
911095808,6.0344095934275535
911196160,6.22747677215375
911296512,6.997219462478533
911396864,7.28905322083272
911497216,7.28905322083272
911597568,7.28905322083272
911697920,7.73463287123479
911798272,8.20608849295415
911898624,7.9609860707167535
911998976,7.897381645524875
912099328,7.806783856237307
912199680,7.97921248444356
912300032,8.136598444068804
912400384,8.241683464134113
912500736,8.38000856407918
912601088,8.75484333046712
912701440,9.022711734855548
912801792,9.225096035087482
912902144,9.225096035087482
913002496,9.484738674247637
913102848,8.145956662716344
913203200,8.54734756976366
913303552,9.026708484143018
913403904,9.209443113654851
913504256,9.429398948997259
913604608,9.277089075744152
913704960,10.308616971671581
913805312,9.972440042197704
913905664,9.52860703676939
914006016,9.52860703676939
914106368,9.52860703676939
914206720,9.52860703676939
914307072,9.45600715931505
914407424,9.476459117494523
914507776,9.49901166971773
914608128,9.49901166971773
914708480,9.49901166971773
914808832,9.49901166971773
914909184,9.49901166971773
915009536,9.49901166971773
915109888,9.49901166971773
915210240,9.49901166971773
915310592,9.49901166971773
915410944,9.971581018529832
915511296,9.805691047869622
915611648,9.439987468905747
915712000,9.39088701982051
915812352,9.594419434256851
915912704,9.773974721617996
916013056,9.88256219882518
916113408,10.025861997790635
916213760,10.025861997790635
916314112,10.516679800339043
916414464,10.979078696556389
916514816,11.272794831581415
916615168,11.502490599937737
916715520,12.153936866112053
916815872,11.072967054583133
916916224,9.329532767571509
917016576,8.023603173531592
917116928,7.7531408036127685
917217280,7.623045598305762
917317632,7.623045598305762
917417984,7.864259921349585
917518336,7.915097628869116
917618688,7.915097628869116
917719040,9.213016068153083
917819392,10.6174889434129
917919744,11.02438677199185
918020096,10.387304472774268
918120448,10.49141336068511
918220800,10.49141336068511
918321152,10.49141336068511
918421504,10.49141336068511
918521856,10.49141336068511
918622208,11.095477439388633
918722560,14.30728189073503
918822912,15.661996575556696
918923264,17.619188394024967
919023616,18.28628000445664
919123968,18.28628000445664
919224320,17.970193063411863
919324672,17.77421326050535
919425024,17.717663883063942
919525376,17.717663883063942
919625728,17.79686936268583
919726080,18.21499536404386
919826432,18.56529676327482
919926784,19.22099769005552
920027136,19.83841522583738
920127488,20.032392619941383
920227840,20.032392619941383
920328192,20.364624503944068
920428544,20.029338846206667
920528896,18.355452028885484
920629248,16.57259343393147
920729600,16.387143521383404
920829952,16.076146164014936
920930304,16.076146164014936
921030656,16.076146164014936
921131008,16.076146164014936
921231360,16.30556756980717
921331712,16.30556756980717
921432064,16.30556756980717
921532416,16.536600685194134
921632768,16.00244605898857
921733120,14.254495464898646
921833472,13.341016501523555
921933824,13.151072148419917
922034176,13.151072148419917
922134528,13.151072148419917
922234880,13.151072148419917
922335232,13.151072148419917
922435584,13.197959603406488
922535936,13.432631596662103
922636288,13.432631596662103
922736640,13.705147790051997
922836992,13.705147790051997
922937344,10.754377781217919
923037696,10.860868473397568
923138048,11.101107914792374
923238400,10.917059700833633
923338752,9.236018205722793
923439104,10.21151563568972
923539456,12.719017383297905
923639808,13.861320499172434
923740160,14.71343955635093
923840512,16.33115541490726
923940864,17.71199507805519
924041216,18.227963838307186
924141568,17.452643638579175
924241920,16.83711154855788
924342272,17.142984417676924
924442624,17.26737345814705
924542976,17.593901921510696
924643328,17.593901921510696
924743680,18.121393891572954
924844032,18.549534264802933
924944384,18.86367299199104
925044736,18.86367299199104
925145088,19.20211093068123
925245440,19.20211093068123
925345792,18.38721279516816
925446144,17.45270133957267
925546496,16.757534322589635
925646848,16.727257051318883
925747200,16.727257051318883
925847552,16.727257051318883
925947904,16.76686457619071
926048256,16.81118094429374
926148608,16.886682176440953
926248960,16.993378000110386
926349312,16.993378000110386
926449664,17.270739030689
926550016,17.02159250833094
926650368,9.03088086662814
926750720,7.767325528245419
926851072,7.564995447378606
926951424,7.5252680074982345
927051776,7.5252680074982345
927152128,7.5252680074982345
927252480,7.5252680074982345
927352832,7.792155395727605
927453184,7.792155395727605
927553536,8.253747845869512
927653888,8.853040972929447
927754240,9.55747367022559
927854592,9.378659145217389
927954944,7.593150492440909
928055296,6.30888853861019
928155648,5.621602936387062
928256000,6.158865300416946
928356352,6.517889690101146
928456704,6.896770076155662
928557056,6.896770076155662
928657408,6.927135719060898
928757760,6.927135719060898
928858112,7.349394001364708
928958464,7.786581975221634
929058816,7.680472021522
929159168,7.724905896605923
929259520,8.041565967025235
929359872,8.22128572982736
929460224,8.987427409114316
929560576,10.217954500736669
929660928,10.655799652161077
929761280,10.655799652161077
929861632,10.549894615234807
929961984,10.35692864996381
930062336,10.067455421509221
930162688,10.792583251418545
930263040,10.720966103198007
930363392,10.689593712808565
930463744,10.754898682357743
930564096,10.792563310386614
930664448,11.075348668815568
930764800,11.441642776252701
930865152,11.8261806209106
930965504,12.162457724334672
931065856,12.437748223068192
931166208,12.437748223068192
931266560,12.437748223068192
931366912,12.579890828849749
931467264,12.579890828849749
931567616,11.97279124272056
931667968,11.23509522688575
931768320,11.138798426827416
931868672,11.138798426827416
931969024,11.138798426827416
932069376,11.544845919236542
932169728,11.86310206733644
932270080,12.523736637160182
932370432,12.523736637160182
932470784,12.523736637160182
932571136,12.523736637160182
932671488,13.011679336726665
932771840,12.905080358171835
932872192,11.143469812059775
932972544,9.450208024168386
933072896,8.385807360792533
933173248,8.621749100172892
933273600,8.844150756681337
933373952,9.57415399321355
933474304,10.2171167612914
933574656,10.555433073127642
933675008,10.555433073127642
933775360,10.555433073127642
933875712,10.555433073127642
933976064,10.018288800772279
934076416,9.305176307614893
934176768,9.132426709588618
934277120,8.389128662403673
934377472,8.997547431048005
934477824,10.007574513014406
934578176,9.8433674728591
934678528,10.062809699149803
934778880,10.321359384628012
934879232,11.782162929149344
934979584,13.095643091769888
935079936,13.095643091769888
935180288,12.931413162136451
935280640,12.808289406681434
935380992,12.63150804319419
935481344,12.63150804319419
935581696,12.63150804319419
935682048,12.63150804319419
935782400,12.63150804319419
935882752,12.63150804319419
935983104,12.63150804319419
936083456,12.63150804319419
936183808,12.63150804319419
936284160,12.928301294231787
936384512,12.928301294231787
936484864,11.55496667964384
936585216,11.104436584906653
936685568,11.961423783758654
936785920,12.196376569727436
936886272,14.039266262510791
936986624,14.365884294966236
937086976,14.74164964721538
937187328,15.721901464918629
937287680,16.1209542374406
937388032,16.1209542374406
937488384,16.32855237052776
937588736,17.78642504260875
937689088,15.956742811026052
937789440,15.850298872003332
937889792,6.315331511497497
937990144,9.606856521517038
938090496,12.981582123488188
938190848,15.011273412704467
938291200,15.52544578552246
938391552,15.076318638324738
938491904,14.90974420785904
938592256,15.073355433940888
938692608,16.19887673616409
938792960,16.506561939716338
938893312,16.837807980701328
938993664,16.57611831538379
939094016,16.19886573188007
939194368,16.19886573188007
939294720,16.160853017494084
939395072,16.111673101112245
939495424,16.474503205940128
939595776,17.581517428085206
939696128,19.211378620788455
939796480,21.672087417766452
939896832,22.601650406047703
939997184,24.051450139209628
940097536,23.596681890524923
940197888,20.177113264910876
940298240,4.893954259157181
940398592,8.582170726954937
940498944,10.490706806182862
940599296,11.28456894159317
940699648,12.166051280498504
940800000,13.525913667678832
940900352,14.802534728050231
941000704,14.974497904777527
941101056,15.410649206638336
941201408,15.410649206638336
941301760,14.882002488272265
941402112,14.159257042603567
941502464,13.76287004490383
941602816,13.736036024289206
941703168,13.75325775166042
941803520,13.889537143902853
941903872,13.995002441601828
942004224,13.995002441601828
942104576,13.995002441601828
942204928,14.203843841748313
942305280,14.583359470563009
942405632,14.94437226315029
942505984,14.94437226315029
942606336,14.515631101774051
942706688,13.244866321729496
942807040,13.147942064451053
942907392,13.214246068643407
943007744,13.406997777568176
943108096,13.459238931285217
943208448,13.631602651225403
943308800,13.631602651225403
943409152,13.631602651225403
943509504,14.175210839854554
943609856,14.175210839854554
943710208,14.175210839854554
943810560,12.728166341902687
943910912,11.892471234919503
944011264,11.693158085467294
944111616,11.545657274844125
944211968,11.566126501681284
944312320,11.571826803805306
944412672,11.571826803805306
944513024,11.852089233519509
944613376,11.944736061217263
944713728,12.256367626311258
944814080,12.256367626311258
944914432,13.210648403288797
945014784,11.595197702320293
945115136,11.275223445966839
945215488,11.298904260471463
945315840,11.298904260471463
945416192,11.438042424991727
945516544,12.326224051788449
945616896,12.991977077797054
945717248,13.31980004914105
945817600,14.77258483402431
945917952,14.756415948793292
946018304,14.851076626703144
946118656,14.851076626703144
946219008,15.15978538098978
946319360,14.916160498440732
946419712,13.094032310873736
946520064,13.457277659282553
946620416,13.5726213110541
946720768,14.002278648719658
946821120,14.246806212768425
946921472,14.414165088043083
947021824,15.10917747739004
947122176,18.338457403138747
947222528,21.42682872767793
947322880,23.38680692042457
947423232,30.994431824684142
947523584,29.27040386751294
947623936,24.877615235596895
947724288,19.91794097736478
947824640,16.96650872066617
947924992,15.434367626458407
948025344,15.434367626458407
948125696,15.221269939690828
948226048,15.221269939690828
948326400,15.221269939690828
948426752,15.221269939690828
948527104,15.221269939690828
948627456,15.221269939690828
948727808,12.881286564599723
948828160,10.925856977235526
948928512,9.843350911866873
949028864,9.266196952592582
949129216,8.953384738694876
949229568,8.953384738694876
949329920,8.7743047673814
949430272,8.7743047673814
949530624,8.7743047673814
949630976,8.64572581840679
949731328,8.64380385948345
949831680,8.64380385948345
949932032,8.180721891652793
950032384,8.290299921762198
950132736,8.446149373780935
950233088,8.523044961225242
950333440,8.629124167691916
950433792,8.82885396791622
950534144,8.82885396791622
950634496,8.82885396791622
950734848,8.82885396791622
950835200,8.82885396791622
950935552,9.224907701741904
951035904,9.224907701741904
951136256,10.014517193567007
951236608,9.87970363130793
951336960,9.509023284818976
951437312,9.419016861822456
951537664,9.461138281729072
951638016,9.569889044668525
951738368,9.569889044668525
951838720,9.569889044668525
951939072,9.569889044668525
952039424,9.569889044668525
952139776,9.569889044668525
952240128,9.569889044668525
952340480,9.569889044668525
952440832,8.775730656366795
952541184,8.036691318731755
952641536,7.917147766333073
952741888,7.917147766333073
952842240,7.917147766333073
952942592,7.917147766333073
953042944,7.917147766333073
953143296,7.917147766333073
953243648,7.917147766333073
953344000,7.917147766333073
953444352,7.917147766333073
953544704,7.917147766333073
953645056,7.571776444613934
953745408,7.48065535992384
953845760,7.48065535992384
953946112,7.621563572585583
954046464,7.671761755645275
954146816,7.712889437377453
954247168,7.16779511898756
954347520,7.16779511898756
954447872,7.16779511898756
954548224,7.16779511898756
954648576,7.16779511898756
954748928,7.16779511898756
954849280,7.255830588787794
954949632,7.597689605504274
955049984,7.715223451405763
955150336,8.029297066479922
955250688,8.273653779774904
955351040,8.563530350476503
955451392,8.563530350476503
955551744,8.667688284665346
955652096,8.667688284665346
955752448,9.018944321423769
955852800,9.734554532319308
955953152,9.734554532319308
956053504,9.221706753149629
956153856,7.820042083337903
956254208,7.85669118411839
956354560,7.85669118411839
956454912,7.85669118411839
956555264,7.85669118411839
956655616,8.012011132314802
956755968,8.212035703733564
956856320,8.212035703733564
956956672,8.212035703733564
957057024,8.212035703733564
957157376,8.212035703733564
957257728,8.212035703733564
957358080,7.9218350703269245
957458432,7.730605378821492
957558784,7.730605378821492
957659136,7.730605378821492
957759488,7.730605378821492
957859840,7.730605378821492
957960192,7.730605378821492
958060544,7.730605378821492
958160896,7.730605378821492
958261248,7.730605378821492
958361600,7.730605378821492
958461952,7.730605378821492
958562304,7.556464536711574
958662656,7.801396425068378
958763008,7.876434403285384
958863360,7.912325672730804
958963712,8.058989654406906
959064064,8.259367743358016
959164416,8.447596553191543
959264768,8.447596553191543
959365120,8.447596553191543
959465472,8.447596553191543
959565824,8.447596553191543
959666176,8.447596553191543
959766528,7.670432756021619
959866880,6.103127340450883
959967232,6.238245750442148
960067584,6.345077162757516
960167936,6.372233553901315
960268288,6.372233553901315
960368640,6.372233553901315
960468992,6.372233553901315
960569344,6.372233553901315
960669696,6.642264047637582
960770048,6.642264047637582
960870400,6.642264047637582
960970752,5.932195040378719
961071104,5.757021261546761
961171456,5.4268858827091755
961271808,5.4268858827091755
961372160,5.4268858827091755
961472512,5.4268858827091755
961572864,5.4268858827091755
961673216,5.4268858827091755
961773568,5.4268858827091755
961873920,5.4268858827091755
961974272,5.67037364134565
962074624,6.338421129379421
962174976,7.964444258902222
962275328,7.844072133544833
962375680,7.927683155257255
962476032,8.03180321427062
962576384,8.493341617304832
962676736,11.45021212177351
962777088,12.76237590925768
962877440,14.262887848783285
962977792,15.978422908857464
963078144,16.79009952172637
963178496,16.79009952172637
963278848,16.694950214475394
963379200,17.02391045510769
963479552,16.98962600581348
963579904,16.96100791029632
963680256,13.33024348050356
963780608,10.88672752648592
963880960,8.932730415165425
963981312,8.094402637779712
964081664,8.400333592668176
964182016,8.400333592668176
964282368,8.416621861234308
964382720,8.416621861234308
964483072,8.416621861234308
964583424,8.416621861234308
964683776,8.295730959596112
964784128,8.083072346867993
964884480,8.055123647870495
964984832,8.084129079999402
965085184,8.090250453175976
965185536,9.617405988620595
965285888,11.20369311039336
965386240,13.286393896983936
965486592,13.634141652034595
965586944,13.899732701228931
965687296,13.899732701228931
965787648,13.899732701228931
965888000,14.116728451298549
965988352,13.861985783623531
966088704,13.73307744984515
966189056,13.73307744984515
966289408,13.73307744984515
966389760,13.73307744984515
966490112,13.876447668122127
966590464,13.876447668122127
966690816,13.876447668122127
966791168,13.876447668122127
966891520,13.876447668122127
966991872,13.876447668122127
967092224,14.24218748097308
967192576,13.153910067090765
967292928,11.567351055108011
967393280,12.55439412649721
967493632,12.054880414567888
967593984,11.453038902841508
967694336,11.29121011313051
967794688,11.075985990427434
967895040,11.075985990427434
967995392,11.075985990427434
968095744,11.075985990427434
968196096,11.305886274240912
968296448,11.305886274240912
968396800,9.930969527624548
968497152,8.296876501142979
968597504,8.620107691586018
968697856,8.87393567405641
968798208,9.079086488112807
968898560,9.344454282149673
968998912,9.344454282149673
969099264,9.552223585471511
969199616,9.54391029201448
969299968,9.54391029201448
969400320,9.54391029201448
969500672,9.54391029201448
969601024,8.992997474744916
969701376,8.626714787557722
969801728,8.519289064481855
969902080,8.345636158064007
970002432,8.345636158064007
970102784,8.341995639875531
970203136,8.341995639875531
970303488,8.341995639875531
970403840,8.341995639875531
970504192,8.341995639875531
970604544,8.341995639875531
970704896,8.341995639875531
970805248,8.030204295236617
970905600,7.868608976919204
971005952,7.616529661733657
971106304,7.345573479253798
971206656,7.444773160535842
971307008,7.444773160535842
971407360,7.444773160535842
971507712,7.444773160535842
971608064,7.444773160535842
971708416,7.444773160535842
971808768,7.444773160535842
971909120,7.971653100568801
972009472,8.237324563581497
972109824,6.81086613016203
972210176,6.622949425149709
972310528,6.832303933743387
972410880,7.338640754614025
972511232,11.181679626107217
972611584,18.915594531297685
972711936,24.265737146362664
972812288,27.29554373048246
972912640,28.53536931298673
973012992,29.484546864256263
973113344,29.900167496427894
973213696,29.900167496427894
973314048,28.387442540572955
973414400,26.76693957989104
973514752,25.95604204361327
973615104,25.391951744006946
973715456,25.022204200671986
973815808,24.78114859764464
973916160,24.553535196231678
974016512,24.553535196231678
974116864,24.553535196231678
974217216,24.70016094391234
974317568,24.70016094391234
974417920,24.70016094391234
974518272,23.48305058036931
974618624,20.734815345825627
974718976,19.939274874748662
974819328,19.609628850044682
974919680,19.609628850044682
975020032,19.415491429390386
975120384,19.415491429390386
975220736,19.39011350733228
975321088,19.44229492289014
975421440,19.44229492289014
975521792,19.57113849741407
975622144,19.782033730568365
975722496,17.875056414706634
975822848,14.432390095097944
975923200,13.468483477933333
976023552,13.28326302180998
976123904,13.28326302180998
976224256,13.28326302180998
976324608,13.28326302180998
976424960,13.28326302180998
976525312,13.28326302180998
976625664,13.28326302180998
976726016,13.28326302180998
976826368,13.400534139974043
976926720,13.016045724702998
977027072,11.060865672333167
977127424,10.0588918692898
977227776,9.647600780231878
977328128,9.521984248859807
977428480,8.971397190792485
977528832,8.971397190792485
977629184,8.971397190792485
977729536,8.971397190792485
977829888,9.953497838657348
977930240,10.255634395759552
978030592,10.255634395759552
978130944,10.255634395759552
978231296,10.243030403684825
978331648,9.999313447307795
978432000,9.974828450512142
978532352,9.974828450512142
978632704,9.968911845516413
978733056,9.968911845516413
978833408,9.968911845516413
978933760,9.968911845516413
979034112,9.968911845516413
979134464,9.968911845516413
979234816,10.215249163936823
979335168,10.215249163936823
979435520,8.238632498048245
979535872,8.496273299120366
979636224,8.47401038017124
979736576,8.459583562277258
979836928,8.707808626554906
979937280,8.707808626554906
980037632,9.1156457933411
980137984,9.278444455526769
980238336,9.572253545187413
980338688,9.879714673422278
980439040,10.151618626974523
980539392,10.151618626974523
980639744,9.213886500708758
980740096,9.325581464003772
980840448,9.692216911744326
980940800,9.69308756692335
981041152,9.593958777021617
981141504,9.431057548802347
981241856,10.244660282414406
981342208,11.064690654557198
981442560,11.320882857125252
981542912,11.672601425927132
981643264,12.068513849060983
981743616,12.873939454834908
981843968,12.873939454834908
981944320,12.974060125425458
982044672,13.275811634510756
982145024,13.308951137512922
982245376,13.361310508698224
982345728,13.417293699234724
982446080,13.439164789170027
982546432,13.309995916336774
982646784,13.309995916336774
982747136,13.189544256180525
982847488,13.057517698258161
982947840,14.039370803833007
983048192,14.039370803833007
983148544,13.964584764130414
983248896,13.782748261578382
983349248,13.815635875351727
983449600,13.815635875351727
983549952,13.815635875351727
983650304,13.815635875351727
983750656,13.815635875351727
983851008,13.815635875351727
983951360,13.815635875351727
984051712,14.071294487603009
984152064,14.071294487603009
984252416,14.071294487603009
984352768,13.73584394512698
984453120,13.693625012021512
984553472,13.693625012021512
984653824,13.693625012021512
984754176,13.903045888524503
984854528,13.903045888524503
984954880,13.903045888524503
985055232,13.903045888524503
985155584,14.171164866071194
985255936,14.97036775169894
985356288,15.356165787559002
985456640,15.76413105307147
985556992,15.25236954042688
985657344,14.355710743162781
985757696,14.055629268381745
985858048,14.055629268381745
985958400,14.055629268381745
986058752,14.055629268381745
986159104,14.055629268381745
986259456,14.055629268381745
986359808,14.055629268381745
986460160,14.055629268381745
986560512,14.055629268381745
986660864,14.517272830698639
986761216,15.068118110392243
986861568,12.517548609506338
986961920,12.789745333325119
987062272,13.158960299622267
987162624,13.857196748387068
987262976,14.16705882800743
987363328,14.75919629348442
987463680,14.790826275479048
987564032,14.711753761898727
987664384,14.587146885525435
987764736,14.587146885525435
987865088,14.677567951809614
987965440,14.677567951809614
988065792,13.288886489868164
988166144,13.54004772970453
988266496,13.793700371477753
988366848,14.052500868532807
988467200,14.908629475235939
988567552,15.32005563378334
988667904,16.063289593458176
988768256,16.046218193769455
988868608,16.03089283823967
988968960,15.692619484663009
989069312,16.668436645008622
989169664,17.16240427840501
989270016,14.832738359021024
989370368,6.560659839184955
989470720,2.483241192335263
989571072,4.207291547656059
989671424,6.988231609612703
989771776,9.324850903302432
989872128,10.181538605242968
989972480,10.947853743582964
990072832,10.947853743582964
990173184,10.947853743582964
990273536,11.222988502532244
990373888,11.55098848298192
990474240,11.510648505166174
990574592,11.31738452322781
990674944,11.29251530893147
990775296,11.58201658539474
990875648,11.58201658539474
990976000,11.58201658539474
991076352,11.58201658539474
991176704,11.80169506840408
991277056,11.80169506840408
991377408,11.80169506840408
991477760,11.80169506840408
991578112,11.80169506840408
991678464,11.710216931812464
991778816,11.261587328501045
991879168,11.261587328501045
991979520,11.261587328501045
992079872,11.261587328501045
992180224,11.261587328501045
992280576,11.393765625543892
992380928,11.528652414865793
992481280,11.528652414865793
992581632,11.528652414865793
992681984,11.831243757791817
992782336,11.831243757791817
992882688,12.32999667365104
992983040,12.200516662858426
993083392,11.077967282794416
993183744,11.077967282794416
993284096,11.173565603755414
993384448,11.239658476375043
993484800,11.239658476375043
993585152,11.239658476375043
993685504,11.239658476375043
993785856,11.239658476375043
993886208,11.239658476375043
993986560,11.239658476375043
994086912,11.239658476375043
994187264,10.445579161383211
994287616,8.504019217230379
994387968,8.104659518934787
994488320,7.9045680186524985
994588672,7.9045680186524985
994689024,7.908299231268465
994789376,7.968524431921542
994889728,8.059380850531161
994990080,8.059380850531161
995090432,8.27185296509415
995190784,8.27185296509415
995291136,8.939528064467012
995391488,7.816159161254763
995491840,7.21875852406025
995592192,7.373150959014892
995692544,7.583683350086212
995792896,7.976324799060822
995893248,7.976324799060822
995993600,8.58300486087799
996093952,9.079829492568969
996194304,9.586227326393127
996294656,9.857613117694855
996395008,9.857613117694855
996495360,10.491536605358124
996595712,10.491536605358124
996696064,10.221870829463006
996796416,10.189388589598238
996896768,9.371700037382544
996997120,9.593405947349966
997097472,10.316499135158956
997197824,10.580689855404199
997298176,11.123686541579664
997398528,12.67441164392978
997498880,12.983846012540162
997599232,13.379006458707154
997699584,14.268388890214265
997799936,14.722983197160065
997900288,14.375713214725256
998000640,12.377708436511456
998100992,12.393205124400556
998201344,11.624731050990523
998301696,11.037464529536665
998402048,10.894006115458906
998502400,10.894006115458906
998602752,10.894006115458906
998703104,10.908755070231855
998803456,10.93199058201164
998903808,11.396559979580342
999004160,11.396559979580342
999104512,11.314134913906456
999204864,11.315168253406883
999305216,11.315168253406883
999405568,11.315168253406883
999505920,11.315168253406883
999606272,11.315168253406883
999706624,11.315168253406883
999806976,11.315168253406883
999907328,11.315168253406883
1000007680,11.315168253406883
1000108032,11.315168253406883
1000208384,11.66978506706655
1000308736,12.041568039879202
1000409088,12.041568039879202
1000509440,12.041568039879202
1000609792,12.041568039879202
1000710144,12.254069303497673
1000810496,12.38887763403356
1000910848,12.739063066467644
1001011200,12.936871751770378
1001111552,12.936871751770378
1001211904,13.569646800979973
1001312256,13.936898721680045
1001412608,14.367265442833304
1001512960,14.287620027251542
1001613312,13.97572991076857
1001713664,13.659536468423903
1001814016,13.404192058481277
1001914368,13.307842685617507
1002014720,12.990747424997389
1002115072,12.861017314828933
1002215424,12.82912497702986
1002315776,12.82912497702986
1002416128,12.82912497702986
1002516480,12.82912497702986
1002616832,12.967040512003004
1002717184,12.967040512003004
1002817536,11.567255587875843
1002917888,11.636490299999714
1003018240,11.367480970919132
1003118592,11.46139435775578
1003218944,11.388901367262006
1003319296,11.62417771346867
1003419648,11.62417771346867
1003520000,11.605007257536053
1003620352,11.261898350790142
1003720704,11.261898350790142
1003821056,11.261898350790142
1003921408,11.261898350790142
1004021760,10.423665394447744
1004122112,10.19952698778361
1004222464,9.748544293157757
1004322816,9.748544293157757
1004423168,9.748544293157757
1004523520,9.748544293157757
1004623872,10.018145628981292
1004724224,10.018145628981292
1004824576,10.018145628981292
1004924928,10.539136458151042
1005025280,10.539136458151042
1005125632,10.539136458151042
1005225984,10.225303524844348
1005326336,10.225303524844348
1005426688,9.821761593110859
1005527040,9.65876095701009
1005627392,9.65876095701009
1005727744,9.65876095701009
1005828096,9.65876095701009
1005928448,9.65876095701009
1006028800,9.65876095701009
1006129152,9.65876095701009
1006229504,9.65876095701009
1006329856,9.786225556619465
1006430208,9.04789035718888
1006530560,9.04789035718888
1006630912,8.360999618917704
1006731264,8.360999618917704
1006831616,8.360999618917704
1006931968,8.360999618917704
1007032320,8.360999618917704
1007132672,8.90180748462677
1007233024,8.90180748462677
1007333376,8.90180748462677
1007433728,8.90180748462677
1007534080,9.661754016876221
1007634432,9.661754016876221
1007734784,7.049894943572581
1007835136,6.8633443067595366
1007935488,7.088155435137451
1008035840,7.167881487421692
1008136192,7.302945405058563
1008236544,7.518500190787018
1008336896,7.766788245253265
1008437248,8.055998817496002
1008537600,8.334926029257476
1008637952,9.053011778406798
1008738304,9.45978347402066
1008838656,10.277524524740874
1008939008,10.494984440170228
1009039360,9.630090301819145
1009139712,9.662530171461404
1009240064,9.734992858953774
1009340416,9.836438796110452
1009440768,10.125072796791791
1009541120,10.125111420601606
1009641472,10.125111420601606
1009741824,10.116314270943404
1009842176,10.133583825081587
1009942528,10.133583825081587
1010042880,10.576066604107618
1010143232,10.534369237422943
1010243584,10.133797896578908
1010343936,9.325347831919789
1010444288,9.190985264759512
1010544640,9.267457908522339
1010644992,10.114357989169656
1010745344,12.985188000537455
1010845696,14.516181022711098
1010946048,19.943263742923737
1011046400,24.58578670024872
1011146752,27.092314229011535
1011247104,28.533690061569214
1011347456,28.438570953160525
1011447808,28.438570953160525
1011548160,28.228662720471622
1011648512,28.228662720471622
1011748864,28.228662720471622
1011849216,28.228662720471622
1011949568,28.228662720471622
1012049920,28.228662720471622
1012150272,28.18097530439496
1012250624,28.18097530439496
1012350976,28.18097530439496
1012451328,28.278631439954044
1012551680,28.444188366681338
1012652032,26.83807005569339
1012752384,25.921149090975522
1012852736,25.921149090975522
1012953088,25.005543507784605
1013053440,24.85449396058917
1013153792,24.718327483385803
1013254144,24.642325438708067
1013354496,24.642325438708067
1013454848,24.715669764727355
1013555200,25.180372604578732
1013655552,25.689528183192014
1013755904,25.90978346273303
1013856256,23.502485258039087
1013956608,21.61229582792148
1014056960,19.41575983053073
1014157312,18.383632187899202
1014257664,18.383632187899202
1014358016,18.28689922815189
1014458368,18.28689922815189
1014558720,18.28689922815189
1014659072,18.28689922815189
1014759424,18.37818480020389
1014859776,18.37818480020389
1014960128,18.593761258181186
1015060480,18.261855582501738
1015160832,17.76362245729193
1015261184,16.684294487740843
1015361536,16.684294487740843
1015461888,16.684294487740843
1015562240,16.684294487740843
1015662592,16.684294487740843
1015762944,16.684294487740843
1015863296,16.684294487740843
1015963648,16.684294487740843
1016064000,16.684294487740843
1016164352,16.684294487740843
1016264704,15.64249090431258
1016365056,13.735842941682785
1016465408,11.80545594183728
1016565760,11.80545594183728
1016666112,11.80545594183728
1016766464,11.80545594183728
1016866816,11.80545594183728
1016967168,11.80545594183728
1017067520,11.80545594183728
1017167872,11.80545594183728
1017268224,11.80545594183728
1017368576,11.80545594183728
1017468928,12.25109070269391
1017569280,10.633357775714249
1017669632,9.080957338977605
1017769984,8.747178636044264
1017870336,11.761980731487274
1017970688,15.417378566265107
1018071040,17.473488328456877
1018171392,18.040642240047454
1018271744,18.435189732313155
1018372096,18.435189732313155
1018472448,18.710204561948775
1018572800,19.03938991189003
1018673152,21.765585862398147
1018773504,22.248222477138043
1018873856,16.47086417168379
1018974208,11.443339977562427
1019074560,9.112073341012001
1019174912,11.248753204345704
1019275264,13.618624188899993
1019375616,15.200460121631622
1019475968,16.928954536914826
1019576320,17.539615476131438
1019676672,17.567310326099395
1019777024,17.6127317738533
1019877376,17.6127317738533
1019977728,17.16199647264555
1020078080,2.47981076836586
1020178432,2.626782451868057
1020278784,2.748881379365921
1020379136,3.0250345981121063
1020479488,3.4219839584827425
1020579840,3.4219839584827425
1020680192,5.079038897752762
1020780544,8.131775379180908
1020880896,15.51044873714447
1020981248,18.11187086343765
1021081600,18.52410944700241
1021181952,18.36484570691362
1021282304,18.355980358812957
1021382656,18.50163790056482
1021483008,18.596403778288515
1021583360,19.562060368750245
1021683712,20.33820322105661
1021784064,21.471620438788086
1021884416,22.509842508528383
1021984768,22.667726400587707
1022085120,22.838372915480285
1022185472,23.127142103407532
1022285824,23.370175359938294
1022386176,23.370175359938294
1022486528,21.509653076967226
1022586880,21.350427036127076
1022687232,21.350427036127076
1022787584,21.22183835967444
1022887936,21.22183835967444
1022988288,21.22183835967444
1023088640,21.22183835967444
1023188992,21.22183835967444
1023289344,21.22183835967444
1023389696,21.22183835967444
1023490048,21.22183835967444
1023590400,21.378889102777467
1023690752,20.434877422517165
1023791104,19.36563162154518
1023891456,18.85820807046257
1023991808,18.025149369901047
1024092160,18.025149369901047
1024192512,18.025149369901047
1024292864,17.756271901791916
1024393216,17.64176950997673
1024493568,17.64176950997673
1024593920,17.64176950997673
1024694272,17.64176950997673
1024794624,17.64176950997673
1024894976,16.847485756641255
1024995328,15.966698035961016
1025095680,15.131419071918353
1025196032,14.811536803012714
1025296384,14.811536803012714
1025396736,14.811536803012714
1025497088,14.811536803012714
1025597440,14.811536803012714
1025697792,14.811536803012714
1025798144,14.973640417819842
1025898496,14.973640417819842
1025998848,15.141839728122577
1026099200,15.141839728122577
1026199552,14.66813735869713
1026299904,8.831920191319659
1026400256,6.873649968206882
1026500608,6.194680579900742
1026600960,8.37090473651886
1026701312,9.859187083244324
1026801664,10.601374292373658
1026902016,11.269568688869477
1027002368,11.68471169948578
1027102720,11.982936062812804
1027203072,11.982936062812804
1027303424,11.982936062812804
1027403776,11.497630797214805
1027504128,8.822741158790887
1027604480,8.778716004677117
1027704832,8.637212742157281
1027805184,8.8559700377658
1027905536,9.21957270462066
1028005888,9.348718174286187
1028106240,9.927972548790276
1028206592,10.241627066917717
1028306944,10.58589058239013
1028407296,11.565906303711236
1028507648,11.760133255310357
1028608000,11.303813383467496
1028708352,10.006931868940592
1028808704,10.162678898870945
1028909056,10.388670312464237
1029009408,10.542358025610447
1029109760,10.542358025610447
1029210112,10.542358025610447
1029310464,10.772903689444066
1029410816,10.772903689444066
1029511168,10.772903689444066
1029611520,10.772903689444066
1029711872,11.278009351789951
1029812224,11.171409201733768
1029912576,11.146856247894465
1030012928,11.29591789674014
1030113280,11.29591789674014
1030213632,11.441176263801754
1030313984,11.441176263801754
1030414336,11.704115778915584
1030514688,12.262148470394314
1030615040,12.262148470394314
1030715392,12.637081617824734
1030815744,14.374484312050045
1030916096,14.374484312050045
1031016448,15.245293740592897
1031116800,15.117236782871187
1031217152,15.32732224162668
1031317504,15.341445681415498
1031417856,15.373602053485811
1031518208,15.373602053485811
1031618560,15.373602053485811
1031718912,15.373602053485811
1031819264,15.373602053485811
1031919616,15.373602053485811
1032019968,15.373602053485811
1032120320,15.974976908527315
1032220672,15.974976908527315
1032321024,14.987725968742744
1032421376,14.8749565319065
1032521728,14.536968040848151
1032622080,14.46914547004737
1032722432,14.391461010361091
1032822784,14.391295910263434
1032923136,14.414733982468023
1033023488,14.414733982468023
1033123840,14.414733982468023
1033224192,14.414733982468023
1033324544,14.583267841720954
1033424896,14.583267841720954
1033525248,13.288623407380655
1033625600,11.49847662021406
1033725952,11.261299978690221
1033826304,11.48928811450489
1033926656,11.773705756263807
1034027008,11.773705756263807
1034127360,11.773705756263807
1034227712,11.773705756263807
1034328064,11.773705756263807
1034428416,12.160743367271499
1034528768,12.160743367271499
1034629120,12.160743367271499
1034729472,11.814668313944713
1034829824,10.753836078615858
1034930176,10.954475045474247
1035030528,10.981349464925007
1035130880,10.981349464925007
1035231232,11.111251293690875
1035331584,11.199345528157428
1035431936,11.15482392934151
1035532288,11.15482392934151
1035632640,10.486368538411334
1035732992,11.271540769161657
1035833344,11.711096325637772
1035933696,11.708629830749706
1036034048,11.520390722425654
1036134400,10.824872675985098
1036234752,10.519997202008962
1036335104,10.893554476238787
1036435456,11.452443021275103
1036535808,12.833799744509161
1036636160,19.118363189697266
1036736512,30.29015682220459
1036836864,33.96787871390581
1036937216,37.21342478275299
1037037568,36.52983973026276
1037137920,36.31323829099536
1037238272,34.898676814213395
1037338624,29.63775984443724
1037438976,26.082291790619493
1037539328,24.024640108421444
1037639680,23.064013754203916
1037740032,23.064013754203916
1037840384,23.064013754203916
1037940736,23.064013754203916
1038041088,23.23586760170758
1038141440,23.23586760170758
1038241792,23.23586760170758
1038342144,23.23586760170758
1038442496,22.421190817281605
1038542848,17.418243874236943
1038643200,9.645084319785237
1038743552,7.311728126853705
1038843904,7.641158894151449
1038944256,7.943797501176595
1039044608,8.07175343617797
1039144960,8.07175343617797
1039245312,8.07175343617797
1039345664,8.07175343617797
1039446016,8.07175343617797
1039546368,8.07175343617797
1039646720,7.797475654035806
1039747072,7.479370447546244
1039847424,6.941227127760649
1039947776,6.2222224371135235
1040048128,6.0615415696054695
1040148480,7.153395184874535
1040248832,7.79435920894146
1040349184,8.075232946276664
1040449536,8.075232946276664
1040549888,8.075232946276664
1040650240,8.075232946276664
1040750592,8.526474661231042
1040850944,8.204320702105761
1040951296,7.928702910095454
1041051648,7.916499140411616
1041152000,7.916499140411616
1041252352,7.916499140411616
1041352704,8.069002062231302
1041453056,8.069002062231302
1041553408,8.294054237753153
1041653760,8.294054237753153
1041754112,8.294054237753153
1041854464,8.919612633138895
1041954816,9.59192985907197
1042055168,11.53524099940434
1042155520,9.980090693701058
1042255872,9.470352345872671
1042356224,9.319343793559819
1042456576,9.242207696605474
1042556928,9.242207696605474
1042657280,9.242207696605474
1042757632,9.511661489177495
1042857984,10.697203591037542
1042958336,11.850883124042303
1043058688,13.294392049629241
1043159040,15.745629691500216
1043259392,16.187930373568086
1043359744,15.835622107479722
1043460096,12.610776686165481
1043560448,12.812347804680467
1043660800,13.019242609813809
1043761152,13.656127897575498
1043861504,14.075790320709348
1043961856,14.535440560653806
1044062208,15.440317872837186
1044162560,16.493319722488522
1044262912,18.535657080486416
1044363264,18.916558169201018
1044463616,19.775826920345427
1044563968,19.696343372277916
1044664320,19.65262803953141
1044764672,18.493744670562446
1044865024,14.835994912795723
1044965376,13.48373954694718
1045065728,12.997542597837747
1045166080,13.513691963292658
1045266432,13.745079583264888
1045366784,13.745079583264888
1045467136,14.277760094739497
1045567488,14.587996026612819
1045667840,14.587996026612819
1045768192,14.587129622623324
1045868544,11.12318554662168
1045968896,7.514642526991666
1046069248,7.038911616690457
1046169600,6.016737651713193
1046269952,6.154553496167064
1046370304,6.685104848071933
1046470656,6.904828416034579
1046571008,7.866681963130832
1046671360,10.402410677596926
1046771712,19.18700357429683
1046872064,29.57914642326534
1046972416,33.842270312458275
1047072768,33.146224136278036
1047173120,31.57547318212688
1047273472,27.54399710409343
1047373824,27.008303735181688
1047474176,27.008303735181688
1047574528,27.008303735181688
1047674880,27.008303735181688
1047775232,26.941698720380664
1047875584,26.941698720380664
1047975936,26.941698720380664
1048076288,26.941698720380664
1048176640,26.941698720380664
1048276992,26.217761026769878
1048377344,22.855114586502314
1048477696,22.508121264129876
1048578048,22.239566633850337
1048678400,22.239566633850337
1048778752,22.239566633850337
1048879104,22.06039066568017
1048979456,22.06039066568017
1049079808,21.983378508239984
1049180160,21.983378508239984
1049280512,21.967054464966058
1049380864,21.967054464966058
1049481216,20.861515957415104
1049581568,13.754181730747224
1049681920,12.082943398058415
1049782272,11.396522175371647
1049882624,11.205803257524968
1049982976,10.074303986132145
1050083328,9.518949524462222
1050183680,9.092970863878726
1050284032,11.580726610794663
1050384384,15.91175261415541
1050484736,22.82089095130563
1050585088,25.240256543308497
1050685440,26.585783625803888
1050785792,26.585783625803888
1050886144,26.311080301962793
1050986496,26.42624851923436
1051086848,26.42624851923436
1051187200,26.42624851923436
1051287552,26.42624851923436
1051387904,26.42624851923436
1051488256,26.761347949318587
1051588608,27.164814548008145
1051688960,27.164814548008145
1051789312,27.164814548008145
1051889664,27.164814548008145
1051990016,27.043013052232563
1052090368,25.30846728581935
1052190720,12.578260451294481
1052291072,7.4187058289349075
1052391424,7.7838568265736106
1052491776,8.011956334859132
1052592128,8.011956334859132
1052692480,8.011956334859132
1052792832,8.011956334859132
1052893184,8.011956334859132
1052993536,8.011956334859132
1053093888,8.011956334859132
1053194240,7.676010286072269
1053294592,7.67987045259215
1053394944,7.743141359994188
1053495296,7.727526330659166
1053595648,7.738468289086595
1053696000,7.738468289086595
1053796352,7.738468289086595
1053896704,7.738468289086595
1053997056,7.738468289086595
1054097408,7.738468289086595
1054197760,7.738468289086595
1054298112,7.738468289086595
1054398464,7.617619530418888
1054498816,7.407721059778705
1054599168,7.26682664678432
1054699520,7.26682664678432
1054799872,7.26682664678432
1054900224,7.26682664678432
1055000576,7.26682664678432
1055100928,7.562594101885334
1055201280,7.725579407671466
1055301632,7.725579407671466
1055401984,9.890523050287738
1055502336,16.42980245397426
1055602688,26.954283242598176
1055703040,26.20342453941703
1055803392,5.5012585781514645
1055903744,8.912781679332257
1056004096,11.127670577764512
1056104448,13.338493545055389
1056204800,12.740028326511384
1056305152,12.096548053026199
1056405504,11.52671482488513
1056505856,11.50447041913867
1056606208,11.44988618299365
1056706560,11.44988618299365
1056806912,11.550043873945251
1056907264,10.564021021821537
1057007616,10.031760448911227
1057107968,9.936345343091524
1057208320,9.925248550870457
1057308672,9.925248550870457
1057409024,10.399983665444887
1057509376,10.601679975488222
1057609728,10.9952215118194
1057710080,11.21449999997858
1057810432,11.21449999997858
1057910784,11.352429534890689
1058011136,11.352429534890689
1058111488,10.759611865547486
1058211840,9.785252422359772
1058312192,9.611854347256012
1058412544,9.869107636478729
1058512896,10.616307332781144
1058613248,11.928599176672288
1058713600,13.304865674790927
1058813952,14.230332209337503
1058914304,15.278141924906523
1059014656,16.314421486426145
1059115008,18.92903093056753
1059215360,19.797619435358794
1059315712,18.991835976801813
1059416064,17.809606636725366
1059516416,17.290419900808484
1059616768,17.880123656187205
1059717120,19.55113253513351
1059817472,20.239270390663297
1059917824,21.083838881645352
1060018176,21.249857834968715
1060118528,21.249857834968715
1060218880,21.249857834968715
1060319232,21.249857834968715
1060419584,21.889576977882534
1060519936,21.310910503361374
1060620288,20.61768873879686
1060720640,20.25085016677156
1060820992,20.15984740683809
1060921344,20.027138218376784
1061021696,19.99992918441072
1061122048,19.99992918441072
1061222400,20.061783108208328
1061322752,20.061783108208328
1061423104,20.125414356682448
1061523456,20.371274418327957
1061623808,20.371274418327957
1061724160,20.371274418327957
1061824512,19.02043095001951
1061924864,17.33061145910993
1062025216,16.792365661952644
1062125568,16.792365661952644
1062225920,16.792365661952644
1062326272,16.59443128237501
1062426624,16.59443128237501
1062526976,16.59443128237501
1062627328,16.59443128237501
1062727680,16.59443128237501
1062828032,16.59443128237501
1062928384,16.59443128237501
1063028736,13.884222162226216
1063129088,12.984030962446704
1063229440,12.984030962446704
1063329792,12.984030962446704
1063430144,12.984030962446704
1063530496,12.984030962446704
1063630848,12.984030962446704
1063731200,12.984030962446704
1063831552,12.984030962446704
1063931904,12.984030962446704
1064032256,12.984030962446704
1064132608,12.984030962446704
1064232960,11.922668850887566
1064333312,12.037411556709557
1064433664,12.043791428077967
1064534016,11.279885435570032
1064634368,10.676642561424524
1064734720,10.530608067978173
1064835072,10.530608067978173
1064935424,10.530608067978173
1065035776,10.62050503300503
1065136128,10.62050503300503
1065236480,10.705338235367089
1065336832,10.972019658554345
1065437184,10.078884261306376
1065537536,9.587392042335123
1065637888,8.07352041548118
1065738240,7.876531250532716
1065838592,8.222667675372213
1065938944,8.955575099345296
1066039296,8.955575099345296
1066139648,9.182720313426108
1066240000,9.182720313426108
1066340352,9.497425942774862
1066440704,9.497425942774862
1066541056,9.88947492396459
1066641408,10.277842088695616
1066741760,7.97353842196986
1066842112,8.22978839430958
1066942464,8.654589128494262
1067042816,10.25146861463785
1067143168,13.108662350028753
1067243520,12.525917389318346
1067343872,12.256033142730594
1067444224,12.78605842076242
1067544576,13.995707319527865
1067644928,18.41365199714899
1067745280,21.997842624783516
1067845632,23.92054869145155
1067945984,21.623893340080976
1068046336,15.095511910170316
1068146688,10.615923137627542
1068247040,7.106231872998178
1068347392,6.775722515545786
1068447744,6.775722515545786
1068548096,6.775722515545786
1068648448,6.775722515545786
1068748800,6.775722515545786
1068849152,6.775722515545786
1068949504,6.775722515545786
1069049856,6.775722515545786
1069150208,5.8233255190216004
1069250560,3.753929651286453
1069350912,5.453843617197126
1069451264,9.526532654762269
1069551616,12.426371702551842
1069651968,14.105260204672813
1069752320,14.241999716162681
1069852672,14.241999716162681
1069953024,14.241999716162681
1070053376,14.241999716162681
1070153728,14.453638119101525
1070254080,14.453638119101525
1070354432,14.064790750779212
1070454784,13.515386684574187
1070555136,13.267519386447965
1070655488,13.267519386447965
1070755840,13.267519386447965
1070856192,13.267519386447965
1070956544,13.267519386447965
1071056896,13.267519386447965
1071157248,13.502316654361785
1071257600,13.502316654361785
1071357952,13.502316654361785
1071458304,13.828500488437712
1071558656,13.433560936413706
1071659008,13.315516256652772
1071759360,12.514633495174348
1071859712,12.49806298431009
1071960064,12.427047583423555
1072060416,12.427047583423555
1072160768,12.427047583423555
1072261120,12.427047583423555
1072361472,12.427047583423555
1072461824,12.427047583423555
1072562176,12.427047583423555
1072662528,12.427047583423555
1072762880,12.427047583423555
1072863232,11.880819895118474
1072963584,11.745110790580512
1073063936,11.745110790580512
1073164288,11.745110790580512
1073264640,11.77489187464118
1073364992,11.836758692115545
1073465344,11.836758692115545
1073565696,11.836758692115545
1073666048,11.836758692115545
1073766400,11.836758692115545
1073866752,11.836758692115545
1073967104,11.836758692115545
1074067456,11.836758692115545
1074167808,11.836758692115545
1074268160,11.836758692115545
1074368512,11.80210945352912
1074468864,11.85380568727851
1074569216,11.85380568727851
1074669568,11.85380568727851
1074769920,11.85380568727851
1074870272,11.85380568727851
1074970624,11.85380568727851
1075070976,11.85380568727851
1075171328,11.85380568727851
1075271680,11.020166938863694
1075372032,11.020166938863694
1075472384,9.952063048444689
1075572736,9.953713844381273
1075673088,9.897084611020983
1075773440,10.417993443571032
1075873792,10.741508706174791
1075974144,11.16865777309984
1076074496,11.446834543310105
1076174848,11.678340890966355
1076275200,11.678340890966355
1076375552,11.678340890966355
1076475904,11.33944746138528
1076576256,10.9934963372536
1076676608,9.760009684916586
1076776960,10.287402929868549
1076877312,10.638233980741353
1076977664,10.244625337831677
1077078016,8.772394461687654
1077178368,10.106778259482235
1077278720,10.497294459547847
1077379072,10.497294459547847
1077479424,10.635676517691463
1077579776,10.635676517691463
1077680128,10.635676517691463
1077780480,10.51747604848817
1077880832,10.547616171855479
1077981184,10.547616171855479
1078081536,10.547616171855479
1078181888,10.547616171855479
1078282240,10.727985749263317
1078382592,10.727985749263317
1078482944,10.727985749263317
1078583296,10.727985749263317
1078683648,10.727985749263317
1078784000,10.727985749263317
1078884352,10.727985749263317
1078984704,10.600953119117767
1079085056,10.536209322530777
1079185408,10.583817068655044
1079285760,10.723114258367568
1079386112,10.921959139425308
1079486464,10.921959139425308
1079586816,11.240156957227736
1079687168,11.44615182550624
1079787520,11.44615182550624
1079887872,13.009103538114578
1079988224,14.756817166078836
1080088576,20.85358363794163
1080188928,22.80374232109636
1080289280,20.470980130545794
1080389632,19.976595435477794
1080489984,19.489612009860576
1080590336,18.687151196338235
1080690688,18.600018587447703
1080791040,19.400791926905512
1080891392,20.728929044231773
1080991744,24.311037897095083
1081092096,24.603582567200064
1081192448,25.467283184751867
1081292800,39.16584669232368
1081393152,39.77553262092173
1081493504,38.1910273707658
1081593856,34.17384838946164
1081694208,31.834161509349943
1081794560,30.471532267406584
1081894912,29.220446687862278
1081995264,28.709656263515352
1082095616,28.547448450252414
1082195968,28.547448450252414
1082296320,28.27488878838718
1082396672,28.256313387081025
1082497024,28.542115369960666
1082597376,28.661553083583712
1082697728,27.41500782839954
1082798080,21.240368311330677
1082898432,11.748919889777898
1082998784,12.025796332210302
1083099136,11.971839015483857
1083199488,10.625230147838593
1083299840,10.045703704357146
1083400192,10.091936993598939
1083500544,11.03235333442688
1083600896,12.601839349269866
1083701248,13.65986231803894
1083801600,14.099336647987366
1083901952,13.523142748130486
1084002304,13.013700915826485
1084102656,12.71750321294181
1084203008,12.653566280854866
1084303360,12.790659548295661
1084403712,12.929893061174079
1084504064,13.066816612733527
1084604416,13.066816612733527
1084704768,13.066816612733527
1084805120,13.349988714708015
1084905472,13.349988714708015
1085005824,13.349988714708015
1085106176,12.732183637646958
1085206528,12.645223836926743
1085306880,12.503720140485093
1085407232,12.538995986012742
1085507584,12.538995986012742
1085607936,12.592411875752733
1085708288,12.592411875752733
1085808640,12.592411875752733
1085908992,12.592411875752733
1086009344,12.592411875752733
1086109696,12.592411875752733
1086210048,12.592411875752733
1086310400,12.592411875752733
1086410752,12.268968403963372
1086511104,11.578585124639794
1086611456,11.578585124639794
1086711808,11.578585124639794
1086812160,11.578585124639794
1086912512,11.578585124639794
1087012864,11.578585124639794
1087113216,11.578585124639794
1087213568,11.892101150183008
1087313920,11.892101150183008
1087414272,11.892101150183008
1087514624,11.892101150183008
1087614976,10.583040574686601
1087715328,6.203244374636561
1087815680,6.1507081922329965
1087916032,5.956452480200678
1088016384,7.258365199435502
1088116736,8.454813460502773
1088217088,11.133786581754684
1088317440,13.002382887601852
1088417792,16.00440800577402
1088518144,17.975701034367084
1088618496,21.71742586642504
1088718848,29.253726141750814
1088819200,28.96412806108594
1088919552,28.332974706441163
1089019904,26.1153027112782
1089120256,20.533288875073193
1089220608,18.47350222155452
1089320960,15.2479348616302
1089421312,13.930338020771742
1089521664,13.562171840295196
1089622016,13.562171840295196
1089722368,13.911597809493541
1089822720,13.911597809493541
1089923072,16.56764950752258
1090023424,17.603772342205048
1090123776,14.718786904811859
1090224128,5.440617436766624
1090324480,7.7958672022819515
1090424832,9.528901078701018
1090525184,10.389343956708908
1090625536,11.947993575334548
1090725888,13.285581766366958
1090826240,15.174362670183182
1090926592,16.328869210481642
1091026944,18.210626593828202
1091127296,18.732826110124588
1091227648,18.29371710966341
1091328000,16.884829337215052
1091428352,16.56044610342942
1091528704,16.261380394315346
1091629056,16.261380394315346
1091729408,16.261380394315346
1091829760,16.261380394315346
1091930112,16.261380394315346
1092030464,16.498836434697733
1092130816,16.498836434697733
1092231168,16.498836434697733
1092331520,16.974031794881448
1092431872,17.5913394769188
1092532224,15.848583359634503
1092632576,13.423733527651057
1092732928,12.769312155237422
1092833280,12.398154823770746
1092933632,11.510661342516542
1093033984,17.816063666343688
1093134336,20.85431930787861
1093234688,21.658138945177196
1093335040,21.947210009172558
1093435392,22.170846703127026
1093535744,22.170846703127026
1093636096,22.170846703127026
1093736448,17.057815293036402
1093836800,16.69330693837255
1093937152,16.550116969309748
1094037504,16.550116969309748
1094137856,16.550116969309748
1094238208,16.550116969309748
1094338560,16.569603091441095
1094438912,16.569603091441095
1094539264,16.569603091441095
1094639616,16.90808793183416
1094739968,16.90808793183416
1094840320,16.90808793183416
1094940672,15.894404721502214
1095041024,15.65612594747916
1095141376,15.65612594747916
1095241728,15.58906253958121
1095342080,15.58906253958121
1095442432,15.58906253958121
1095542784,15.618551789764314
1095643136,15.706358071807772
1095743488,15.706358071807772
1095843840,15.706358071807772
1095944192,15.706358071807772
1096044544,15.706358071807772
1096144896,14.777123057637363
1096245248,14.386389701161534
1096345600,13.852797446046024
1096445952,13.852797446046024
1096546304,13.852797446046024
1096646656,13.849608607087283
1096747008,13.849608607087283
1096847360,13.849608607087283
1096947712,13.849608607087283
1097048064,13.849608607087283
1097148416,13.849608607087283
1097248768,13.849608607087283
1097349120,13.849608607087283
1097449472,12.491789795728401
1097549824,11.704210399957374
1097650176,11.085847310395911
1097750528,10.53834733900614
1097850880,10.53834733900614
1097951232,10.53834733900614
1098051584,10.53834733900614
1098151936,10.53834733900614
1098252288,10.53834733900614
1098352640,10.53834733900614
1098452992,10.53834733900614
1098553344,10.53834733900614
1098653696,9.766078436793759
1098754048,9.544527504863218
1098854400,9.544527504863218
1098954752,9.544527504863218
1099055104,9.544527504863218
1099155456,9.544527504863218
1099255808,9.57957637113519
1099356160,9.57957637113519
1099456512,9.57957637113519
1099556864,9.57957637113519
1099657216,9.771979477824644
1099757568,10.621784828575327
1099857920,7.634556450070813
1099958272,6.424053686084226
1100058624,6.680275432774797
1100158976,7.486579435104504
1100259328,8.090245327008889
1100359680,8.631203418476508
1100460032,9.974238319993018
1100560384,10.586373074650764
1100660736,12.351725565940141
1100761088,12.853036093264818
1100861440,12.81585652783513
1100961792,15.34517862290144
1101062144,16.79664147745818
1101162496,15.427449618391693
1101262848,14.354657952599227
1101363200,13.585707983784378
1101463552,12.323520693592727
1101563904,11.740360789112747
1101664256,11.63140574913472
1101764608,11.60601428490132
1101864960,11.532021174244584
1101965312,11.560437922291458
1102065664,11.535232844166458
1102166016,11.73109210472554
1102266368,12.060760691203177
1102366720,9.035158028528095
1102467072,9.361030259057879
1102567424,10.86676254145801
1102667776,11.082151365205645
1102768128,9.107915897667407
1102868480,10.592995317354799
1102968832,14.80854208804667
1103069184,16.46214374102652
1103169536,18.27589985884726
1103269888,20.5951422611624
1103370240,23.029123460426927
1103470592,23.029123460426927
1103570944,23.152310088165105
1103671296,20.89980501342565
1103771648,19.66822400737554
1103872000,18.52700579095632
1103972352,18.503729278333484
1104072704,18.501352273710072
1104173056,18.458336087949576
1104273408,18.716656252630056
1104373760,19.196553494222464
1104474112,19.196553494222464
1104574464,19.196553494222464
1104674816,19.624489514119922
1104775168,18.72964560639113
1104875520,16.18913697849959
1104975872,15.655463747493922
1105076224,14.87705294083804
1105176576,14.68019792985171
1105276928,14.68019792985171
1105377280,14.571874889843166
1105477632,14.513201260082424
1105577984,14.513201260082424
1105678336,14.915332393161952
1105778688,14.915332393161952
1105879040,14.915332393161952
1105979392,14.114938160087913
1106079744,13.293860491421073
1106180096,10.102299641985446
1106280448,10.102299641985446
1106380800,10.071095322985203
1106481152,10.071095322985203
1106581504,10.071095322985203
1106681856,10.071095322985203
1106782208,10.071095322985203
1106882560,10.071095322985203
1106982912,10.071095322985203
1107083264,10.071095322985203
1107183616,10.04328872764483
1107283968,9.919348449651151
1107384320,9.955674295369535
1107484672,10.09102941269055
1107585024,10.09102941269055
1107685376,10.09102941269055
1107785728,10.09102941269055
1107886080,10.09102941269055
1107986432,10.09102941269055
1108086784,10.09102941269055
1108187136,10.09102941269055
1108287488,10.09102941269055
1108387840,10.09102941269055
1108488192,9.827877373816445
1108588544,9.367604242684319
1108688896,9.109759904267266
1108789248,9.109759904267266
1108889600,9.109759904267266
1108989952,9.259468909623102
1109090304,9.259468909623102
1109190656,9.259468909623102
1109291008,9.259468909623102
1109391360,9.740400010468438
1109491712,10.052260948540642
1109592064,11.096201101662592
1109692416,9.63431046099402
1109792768,7.924753043288365
1109893120,8.56971679517068
1109993472,7.898978077461943
1110093824,8.73393299012445
1110194176,12.722645197501405
1110294528,16.66013715464622
1110394880,17.490973007678985
1110495232,20.393003549575806
1110595584,21.49887922361493
1110695936,21.494571142941712
1110796288,23.89833464220166
1110896640,24.14450029246509
1110996992,22.48366564027965
1111097344,17.091178220435978
1111197696,5.440480682402849
1111298048,6.805592705756426
1111398400,9.497797133773565
1111498752,15.453860681504011
1111599104,19.793158968389033
1111699456,19.97248414874077
1111799808,21.447186739742754
1111900160,21.79073409944773
1112000512,21.8728330591321
1112100864,21.024452675059436
1112201216,16.11872042879462
1112301568,12.234403044432401
1112401920,9.712091642171144
1112502272,9.12787337705493
1112602624,9.12787337705493
1112702976,9.393529874533415
1112803328,9.393529874533415
1112903680,9.610710016936064
1113004032,9.610710016936064
1113104384,9.579979585856199
1113204736,9.637429212778807
1113305088,9.874308160990477
1113405440,6.8278762142919005
1113505792,5.078413245584816
1113606144,5.439026224371045
1113706496,6.2958682337962095
1113806848,6.718280424233526
1113907200,6.751040519829839
1114007552,7.004054791089147
1114107904,7.609445833321661
1114208256,8.497456330414861
1114308608,8.497456330414861
1114408960,10.568358520623297
1114509312,12.115876978989691
1114609664,11.725752556826919
1114710016,9.52466596243903
1114810368,10.341488208323717
1114910720,10.578951028138398
1115011072,11.338282875567675
1115111424,11.923479291945696
1115211776,12.410750185996294
1115312128,12.410750185996294
1115412480,12.410750185996294
1115512832,13.052419040948152
1115613184,13.599152835160494
1115713536,15.802926747351885
1115813888,15.1455399492383
1115914240,9.154618096798659
1116014592,9.298454779982567
1116114944,4.171140293776989
1116215296,4.382927144169807
1116315648,4.382927144169807
1116416000,4.382927144169807
1116516352,4.382927144169807
1116616704,4.382927144169807
1116717056,4.382927144169807
1116817408,4.382927144169807
1116917760,4.382927144169807
1117018112,4.340630459263921
1117118464,4.288682512789965
1117218816,4.309471170455217
1117319168,4.309471170455217
1117419520,4.309471170455217
1117519872,4.309471170455217
1117620224,4.757418955117464
1117720576,6.122360871583223
1117820928,8.259623330384493
1117921280,8.612681885510684
1118021632,11.081171018630267
1118121984,11.53666316345334
1118222336,12.031686499863863
1118322688,11.741778156273067
1118423040,11.70559761237353
1118523392,11.757401940338314
1118623744,11.839593669883907
1118724096,11.839593669883907
1118824448,11.839593669883907
1118924800,11.839593669883907
1119025152,11.839593669883907
1119125504,11.839593669883907
1119225856,11.839593669883907
1119326208,11.839593669883907
1119426560,11.839593669883907
1119526912,11.457749044299126
1119627264,11.370706357359886
1119727616,11.343850366473198
1119827968,11.4250067871809
1119928320,11.4250067871809
1120028672,11.4250067871809
1120129024,11.4250067871809
1120229376,11.4250067871809
1120329728,11.4250067871809
1120430080,11.708674551844597
1120530432,12.323328129649163
1120630784,14.51699862897396
1120731136,15.157601136099547
1120831488,14.08441802052781
1120931840,7.815449687112123
1121032192,8.374477041680366
1121132544,9.139954107832164
1121232896,9.19717857701704
1121333248,9.19717857701704
1121433600,9.19717857701704
1121533952,9.19717857701704
1121634304,9.19717857701704
1121734656,9.19717857701704
1121835008,10.432882050108164
1121935360,10.775050309356303
1122035712,10.386056585367768
1122136064,6.451335629448295
1122236416,6.617624844536185
1122336768,6.617624844536185
1122437120,6.617624844536185
1122537472,6.617624844536185
1122637824,6.841613571867347
1122738176,6.841613571867347
1122838528,6.841613571867347
1122938880,6.841613571867347
1123039232,6.841613571867347
1123139584,6.841613571867347
1123239936,6.533841722905636
1123340288,6.533841722905636
1123440640,6.624001899659634
1123540992,8.199028283059597
1123641344,9.313314855992793
1123741696,8.74319908708334
1123842048,8.559139371812343
1123942400,8.294710756242274
1124042752,8.294710756242274
1124143104,8.294710756242274
1124243456,10.164351858571171
1124343808,16.10448965087533
1124444160,16.238619162812828
1124544512,15.514925621524453
1124644864,15.255362189784647
1124745216,15.255362189784647
1124845568,15.281235660091042
1124945920,15.353577979579567
1125046272,15.607814210429787
1125146624,16.044011701121928
1125246976,16.525925973430276
1125347328,17.681642869487405
1125447680,19.74285010673106
1125548032,22.11487766124308
1125648384,21.118308434635402
1125748736,17.258139075897635
1125849088,17.41355903685093
1125949440,17.641771208420394
1126049792,17.675329641476274
1126150144,17.675329641476274
1126250496,17.675329641476274
1126350848,18.36915834225714
1126451200,18.92361625947058
1126551552,19.2315460614115
1126651904,19.972415056601168
1126752256,19.972415056601168
1126852608,19.842138739675285
1126952960,10.561912283115088
1127053312,5.257114362530411
1127153664,6.345734950341284
1127254016,7.07374505404383
1127354368,8.29594250086695
1127454720,8.65518352869898
1127555072,9.116850768364966
1127655424,9.370076934136451
1127755776,9.370076934136451
1127856128,9.370076934136451
1127956480,10.374481436051429
1128056832,13.216183128319681
1128157184,13.221223127953708
1128257536,13.56647517580539
1128357888,14.421720480956138
1128458240,15.075675410851836
1128558592,15.275986900553107
1128658944,15.50671472273767
1128759296,15.50671472273767
1128859648,15.805616240128876
1128960000,16.53571231327951
1129060352,16.924625384435057
1129160704,17.315141014680265
1129261056,17.767147447690366
1129361408,17.154546821564438
1129461760,17.108167729824782
1129562112,17.120211554020642
1129662464,17.17154416128993
1129762816,17.355804148167373
1129863168,17.355804148167373
1129963520,17.532527780979873
1130063872,17.532527780979873
1130164224,17.835267143696548
1130264576,17.835267143696548
1130364928,17.835267143696548
1130465280,17.835267143696548
1130565632,17.45910892866552
1130665984,16.55391995690763
1130766336,15.42051860831678
1130866688,15.061711433157324
1130967040,15.061711433157324
1131067392,15.061711433157324
1131167744,15.061711433157324
1131268096,15.061711433157324
1131368448,15.061711433157324
1131468800,15.061711433157324
1131569152,15.061711433157324
1131669504,15.061711433157324
1131769856,14.811622705385089
1131870208,13.928682947680354
1131970560,13.928682947680354
1132070912,12.404385352656245
1132171264,12.404385352656245
1132271616,12.404385352656245
1132371968,12.404385352656245
1132472320,12.404385352656245
1132572672,12.187590137049556
1132673024,11.768554244562983
1132773376,11.538032546564937
1132873728,11.486065993830561
1132974080,11.486065993830561
1133074432,10.556626730337738
1133174784,7.339450864940882
1133275136,7.9058452925086025
1133375488,7.926107190549374
1133475840,7.926107190549374
1133576192,8.18616424113512
1133676544,8.18616424113512
1133776896,8.18616424113512
1133877248,8.18616424113512
1133977600,8.18616424113512
1134077952,8.18616424113512
1134178304,8.18616424113512
1134278656,6.745089063346386
1134379008,7.0071538070589305
1134479360,6.842226308211684
1134579712,6.8256392135471105
1134680064,6.7767316891998055
1134780416,6.7767316891998055
1134880768,6.7767316891998055
1134981120,6.7767316891998055
1135081472,6.7767316891998055
1135181824,6.7767316891998055
1135282176,6.856314800009131
1135382528,6.837788493856788
1135482880,5.7542988573759795
1135583232,4.527317588403821
1135683584,4.878605400323868
1135783936,5.339286425709725
1135884288,5.643927100300789
1135984640,6.242232208848
1136084992,6.439661622643471
1136185344,6.439661622643471
1136285696,6.439661622643471
1136386048,6.439661622643471
1136486400,6.439661622643471
1136586752,6.439661622643471
1136687104,6.691079574311152
1136787456,6.691079574311152
1136887808,7.101555856103078
1136988160,7.195340914363041
1137088512,7.374694078797474
1137188864,7.374694078797474
1137289216,7.507229381436482
1137389568,7.507229381436482
1137489920,7.7484209021274
1137590272,7.7484209021274
1137690624,8.440958560341969
1137790976,8.440958560341969
1137891328,9.271049879426137
1137991680,9.122340432731434
1138092032,9.252967520682141
1138192384,9.580283110914753
1138292736,11.08591652768664
1138393088,14.0839846606832
1138493440,16.53318565497175
1138593792,23.516461610794067
1138694144,26.720440311431886
1138794496,27.926466341018678
1138894848,27.774212675094603
1138995200,27.99875163078308
1139095552,27.99875163078308
1139195904,27.532587569803
1139296256,25.02184184655547
1139396608,24.838911863416435
1139496960,24.13123019322753
1139597312,23.821214810460805
1139697664,23.811124516576527
1139798016,23.811124516576527
1139898368,23.811121922582387
1139998720,23.8999455653131
1140099072,23.8999455653131
1140199424,23.8999455653131
1140299776,23.8999455653131
1140400128,23.637995305508376
1140500480,12.743944597542287
1140600832,5.802834278792143
1140701184,4.026283988207578
1140801536,4.327031893134117
1140901888,4.762629331946373
1141002240,4.977750009894371
1141102592,4.977750009894371
1141202944,4.977750009894371
1141303296,4.977750009894371
1141403648,4.977750009894371
1141504000,4.977750009894371
1141604352,4.922571010068059
1141704704,4.747436503097415
1141805056,4.774408832713962
1141905408,5.0563562618941065
1142005760,5.214539741203189
1142106112,5.215764859840274
1142206464,5.215764859840274
1142306816,5.215764859840274
1142407168,5.554846295043826
1142507520,5.903471485301853
1142607872,5.903471485301853
1142708224,6.314629875347018
1142808576,6.314629875347018
1142908928,6.087946991585195
1143009280,6.028585216663778
1143109632,6.004168033264578
1143209984,6.008592795990407
1143310336,6.008592795990407
1143410688,6.008592795990407
1143511040,6.008592795990407
1143611392,6.008592795990407
1143711744,6.008592795990407
1143812096,6.008592795990407
1143912448,6.008592795990407
1144012800,6.008592795990407
1144113152,5.755905288849026
1144213504,5.691201762352139
1144313856,5.691201762352139
1144414208,5.705504032764583
1144514560,5.705504032764583
1144614912,5.705504032764583
1144715264,5.705504032764583
1144815616,5.705504032764583
1144915968,5.705504032764583
1145016320,5.705504032764583
1145116672,6.825628787670285
1145217024,8.887030162010342
1145317376,9.794121164474637
1145417728,9.839953731689603
1145518080,9.978173771295696
1145618432,10.110318553242832
1145718784,10.141387052331119
1145819136,10.286164016518741
1145919488,10.286164016518741
1146019840,10.286164016518741
1146120192,10.286164016518741
1146220544,10.636199741158634
1146320896,10.636199741158634
1146421248,11.050906683001667
1146521600,11.189847697038203
1146621952,10.586660854164512
1146722304,10.571314945314079
1146822656,9.416738026235253
1146923008,9.534137094374746
1147023360,9.534137094374746
1147123712,9.882688366528601
1147224064,9.882688366528601
1147324416,9.882688366528601
1147424768,9.882688366528601
1147525120,9.882688366528601
1147625472,9.882688366528601
1147725824,9.882688366528601
1147826176,9.712762497831136
1147926528,9.82269771900028
1148026880,9.86377688396722
1148127232,9.955895378030837
1148227584,9.955895378030837
1148327936,9.955895378030837
1148428288,10.210801805891096
1148528640,10.210801805891096
1148628992,10.210801805891096
1148729344,10.48200913373381
1148829696,10.48200913373381
1148930048,10.857303614057601
1149030400,9.114977594930679
1149130752,5.995151586849243
1149231104,5.516356091815978
1149331456,4.993747304622084
1149431808,5.315433351192623
1149532160,6.260807815287262
1149632512,6.956738069746644
1149732864,9.079653237555176
1149833216,11.504682417605073
1149933568,12.587652085516602
1150033920,13.782252703402191
1150134272,13.782252703402191
1150234624,13.666511342916637
1150334976,13.2858279565908
1150435328,13.532547085862607
1150535680,13.495462961774319
1150636032,13.63273591576144
1150736384,13.63273591576144
1150836736,14.045435829740018
1150937088,14.05386085567996
1151037440,14.05386085567996
1151137792,14.168896408658474
1151238144,16.023156326711177
1151338496,17.186795005500315
1151438848,17.186795005500315
1151539200,17.03779424791224
1151639552,13.499060422228649
1151739904,11.145202977107838
1151840256,8.946472346531227
1151940608,10.876334293829277
1152040960,10.50402964089997
1152141312,14.500499176383018
1152241664,16.692946254611016
1152342016,19.341072152853013
1152442368,21.79419259428978
1152542720,23.770816980600358
1152643072,24.549731075763702
1152743424,16.63546860471368
1152843776,2.7050948536396024
1152944128,3.0876523232460023
1153044480,3.1978669798374177
1153144832,3.3426061713695527
1153245184,3.3426061713695527
1153345536,3.815078055858612
1153445888,4.032670903205871
1153546240,4.032670903205871
1153646592,5.863002506494522
1153746944,5.863002506494522
1153847296,6.221336671113968
1153947648,6.129845732096583
1154048000,6.0970186814107
1154148352,6.230660181883723
1154248704,6.230660181883723
1154349056,6.230660181883723
1154449408,6.230660181883723
1154549760,6.427045410517604
1154650112,6.670875111464411
1154750464,6.670875111464411
1154850816,6.991002028826625
1154951168,7.3451335772313175
1155051520,7.3451335772313175
1155151872,7.229363360274583
1155252224,7.346186829674989
1155352576,7.539884470570833
1155452928,7.570192288029939
1155553280,7.570192288029939
1155653632,7.570192288029939
1155753984,8.038365677464753
1155854336,9.390965047944338
1155954688,11.267425132859499
1156055040,13.759714625943452
1156155392,17.58824602233246
1156255744,21.31563576327637
1156356096,22.137592892218382
1156456448,21.00701590679586
1156556800,21.17647217415273
1156657152,21.342618767246606
1156757504,21.42262676857412
1156857856,21.74923373363912
1156958208,21.74923373363912
1157058560,21.74923373363912
1157158912,21.74923373363912
1157259264,21.74923373363912
1157359616,21.74923373363912
1157459968,21.74923373363912
1157560320,21.522759631164373
1157660672,20.51647339541465
1157761024,20.016165737695992
1157861376,19.5377009530738
1157961728,19.5377009530738
1158062080,19.5377009530738
1158162432,19.5377009530738
1158262784,19.5377009530738
1158363136,19.5377009530738
1158463488,19.5377009530738
1158563840,19.5377009530738
1158664192,19.693380140848458
1158764544,19.693380140848458
1158864896,17.112120307479053
1158965248,4.527322693113238
1159065600,4.253380345758051
1159165952,4.450199779924005
1159266304,4.821322023328394
1159366656,5.0672180253826085
1159467008,5.556317628081888
1159567360,5.556317628081888
1159667712,5.556317628081888
1159768064,5.556317628081888
1159868416,5.556317628081888
1159968768,5.556317628081888
1160069120,5.379270255174488
1160169472,5.166388775706292
1160269824,5.289273511767387
1160370176,5.289273511767387
1160470528,5.289273511767387
1160570880,5.289273511767387
1160671232,5.289273511767387
1160771584,5.289273511767387
1160871936,5.289273511767387
1160972288,5.289273511767387
1161072640,5.289273511767387
1161172992,5.289273511767387
1161273344,5.155118229268119
1161373696,5.142329952595755
1161474048,5.142329952595755
1161574400,5.13822608220391
1161674752,5.13822608220391
1161775104,5.693399565098807
1161875456,5.693399565098807
1161975808,5.693399565098807
1162076160,5.693399565098807
1162176512,5.928725671647117
1162276864,6.259478077767417
1162377216,6.920276276944205
1162477568,7.63442803340964
1162577920,6.062424655137583
1162678272,4.987495519313962
1162778624,2.850361893940717
1162878976,3.4097535128332677
1162979328,3.559688015077263
1163079680,3.5951124990917744
1163180032,3.5951124990917744
1163280384,3.851194466445595
1163380736,3.851194466445595
1163481088,4.846222595665604
1163581440,5.9485684127546845
1163681792,8.316455243919044
1163782144,8.079148130863905
1163882496,7.398357605095953
1163982848,7.9991035685502
1164083200,6.773983701467514
1164183552,10.25040018081665
1164283904,11.916574015617371
1164384256,12.153417727947236
1164484608,12.32558154821396
1164584960,12.462720453739166
1164685312,12.68593467950821
1164785664,12.982471096515656
1164886016,12.982471096515656
1164986368,12.04089314594865
1165086720,11.63712794020772
1165187072,11.038713876754045
1165287424,11.133836962729692
1165387776,11.851527850180865
1165488128,15.662203750163316
1165588480,21.51645456790924
1165688832,23.20021129131317
1165789184,24.03593482732773
1165889536,24.03593482732773
1165989888,24.65432182073593
1166090240,26.145176217556
1166190592,26.55147985368967
1166290944,17.341495447605848
1166391296,13.046267431229353
1166491648,9.669898219555616
1166592000,6.300428173989058
1166692352,8.042041682004928
1166792704,8.526072230935096
1166893056,8.866075403094293
1166993408,9.200130926966667
1167093760,9.200130926966667
1167194112,9.918350320458412
1167294464,11.120945747494698
1167394816,12.009593548253179
1167495168,11.298393337130546
1167595520,9.084096114188434
1167695872,7.762749280482531
1167796224,7.415070247203111
1167896576,7.448400799185038
1167996928,7.516647659689188
1168097280,7.516647659689188
1168197632,7.516647659689188
1168297984,7.516647659689188
1168398336,7.516647659689188
1168498688,7.7646939052641395
1168599040,8.46320823803544
1168699392,7.088536685621366
1168799744,4.8208040150906895
1168900096,5.263276805793867
1169000448,5.263276805793867
1169100800,5.263276805793867
1169201152,5.263276805793867
1169301504,5.263276805793867
1169401856,5.263276805793867
1169502208,5.263276805793867
1169602560,5.65286231807433
1169702912,12.751702141081914
1169803264,46.31432418823242
1169903616,42.86640315633733
1170003968,39.84193230700213
1170104320,35.09079974841792
1170204672,28.09722195100505
1170305024,25.590209226128646
1170405376,25.590209226128646
1170505728,25.590209226128646
1170606080,25.590209226128646
1170706432,25.439712266442367
1170806784,25.439712266442367
1170907136,25.243488168236798
1171007488,25.208608140465802
1171107840,23.765007783067414
1171208192,22.916585841071793
1171308544,22.916585841071793
1171408896,22.483784112823194
1171509248,22.483784112823194
1171609600,22.483784112823194
1171709952,22.193686418426225
1171810304,21.930885496032424
1171910656,21.930885496032424
1172011008,21.930885496032424
1172111360,21.930885496032424
1172211712,21.930885496032424
1172312064,21.930885496032424
1172412416,20.497278924849816
1172512768,18.83941849556286
1172613120,18.83941849556286
1172713472,18.83941849556286
1172813824,18.83941849556286
1172914176,18.83941849556286
1173014528,18.83941849556286
1173114880,18.83941849556286
1173215232,18.83941849556286
1173315584,18.83941849556286
1173415936,18.83941849556286
1173516288,18.83941849556286
1173616640,15.076301170168444
1173716992,11.53254952984862
1173817344,9.885868786154315
1173917696,9.885868786154315
1174018048,9.885868786154315
1174118400,9.885868786154315
1174218752,9.885868786154315
1174319104,9.885868786154315
1174419456,9.885868786154315
1174519808,9.885868786154315
1174620160,9.921260937033221
1174720512,9.921260937033221
1174820864,8.975794756887481
1174921216,8.975794756887481
1175021568,8.089908636091277
1175121920,8.089908636091277
1175222272,8.089908636091277
1175322624,8.089908636091277
1175422976,7.820793130872771
1175523328,7.820793130872771
1175623680,7.689172113416716
1175724032,8.103346959678456
1175824384,8.103346959678456
1175924736,8.476374934450723
1176025088,9.720158707969823
1176125440,9.49685018914286
1176225792,9.128771854811347
1176326144,8.23368264334742
1176426496,8.089196003475227
1176526848,8.090332698919811
1176627200,8.232197501682677
1176727552,8.217831385158934
1176827904,8.493905615829863
1176928256,8.493905615829863
1177028608,8.861767492317595
1177128960,10.052495374134741
1177229312,10.044071173276752
1177329664,9.818641750272363
1177430016,8.91057312225923
1177530368,6.5633063528500495
1177630720,7.120488728825003
1177731072,7.4158228915371005
1177831424,7.852594930473715
1177931776,7.852594930473715
1178032128,8.410675525013357
1178132480,8.72379382783547
1178232832,9.520289053265005
1178333184,9.981663209740072
1178433536,10.930836355034263
1178533888,10.718633929658681
1178634240,10.653362106252462
1178734592,10.638930307794363
1178834944,10.713205920625478
1178935296,10.932252546716482
1179035648,11.398666421342641
1179136000,11.398666421342641
1179236352,11.653302065301686
1179336704,12.015337988305838
1179437056,12.015337988305838
1179537408,12.4269344057329
1179637760,12.930017801690846
1179738112,12.617656442839653
1179838464,11.564457088131457
1179938816,10.911422380134463
1180039168,11.76551037915051
1180139520,12.067743917778134
1180239872,13.499035526588559
1180340224,13.499035526588559
1180440576,13.846733847931027
1180540928,13.846733847931027
1180641280,14.399636317566037
1180741632,14.566599730327725
1180841984,16.327048786953092
1180942336,15.794095171168447
1181042688,9.783190241195262
1181143040,2.9463783037662505
1181243392,5.684228312373161
1181343744,7.058493069708347
1181444096,9.335727533400059
1181544448,10.990121689140796
1181644800,13.223708820641042
1181745152,15.627527656853198
1181845504,15.866641977131367
1181945856,16.18511606961489
1182046208,16.612052650749682
1182146560,16.27220407754183
1182246912,15.11583277374506
1182347264,14.360350704491138
1182447616,13.596047086715698
1182547968,13.066604234576225
1182648320,12.875049059987068
1182748672,12.725934093594551
1182849024,12.725934093594551
1182949376,12.725934093594551
1183049728,12.725934093594551
1183150080,12.725934093594551
1183250432,12.725934093594551
1183350784,12.725934093594551
1183451136,11.196493009515107
1183551488,8.782267387993635
1183651840,8.544952725060284
1183752192,8.544952725060284
1183852544,8.544952725060284
1183952896,8.544952725060284
1184053248,8.544952725060284
1184153600,8.58715172637254
1184253952,8.69542836058885
1184354304,8.69542836058885
1184454656,8.811850689537824
1184555008,8.811850689537824
1184655360,7.198009877614677
1184755712,4.496866927854716
1184856064,4.682114451639354
1184956416,4.899789781086147
1185056768,5.118841324560345
1185157120,5.118841324560345
1185257472,5.541456747762859
1185357824,5.541456747762859
1185458176,5.813978003971279
1185558528,5.813978003971279
1185658880,5.813978003971279
1185759232,5.813978003971279
1185859584,5.747341010719538
1185959936,5.626965379863978
1186060288,5.648802719265222
1186160640,5.669633112102747
1186260992,5.669633112102747
1186361344,5.793756098896265
1186461696,5.793756098896265
1186562048,5.793756098896265
1186662400,6.095702386051417
1186762752,6.486306023746729
1186863104,8.201854057461023
1186963456,10.995583629757165
1187063808,13.538655658438802
1187164160,13.571687766574323
1187264512,13.8238604510203
1187364864,13.827252796925604
1187465216,13.89291973952204
1187565568,13.77022303942591
1187665920,13.77022303942591
1187766272,13.864133037365972
1187866624,13.931654914654791
1187966976,14.7703008300066
1188067328,15.538736498951913
1188167680,18.949304848313332
1188268032,23.72829596877098
1188368384,23.18082698017359
1188468736,4.002434301357717
1188569088,4.773450341206044
1188669440,5.173744445443154
1188769792,4.976127602458
1188870144,5.185405460000038
1188970496,5.8932017666101455
1189070848,6.842170040011406
1189171200,8.306501901745797
1189271552,9.607388423085213
1189371904,9.82124191224575
1189472256,10.302752119898797
1189572608,10.177437901943922
1189672960,10.19499924942851
1189773312,10.244688262194394
1189873664,10.244688262194394
1189974016,10.244688262194394
1190074368,10.441173037737608
1190174720,10.692623883932828
1190275072,10.692623883932828
1190375424,10.692623883932828
1190475776,10.692623883932828
1190576128,10.692623883932828
1190676480,10.692623883932828
1190776832,10.426268438622355
1190877184,10.003382986709475
1190977536,10.067047445699572
1191077888,10.067047445699572
1191178240,10.067047445699572
1191278592,10.157871963903307
1191378944,10.287137644216418
1191479296,10.287137644216418
1191579648,10.536704771444201
1191680000,10.536704771444201
1191780352,10.814156734868885
1191880704,11.197456180974841
1191981056,12.235679465159773
1192081408,12.043660696223379
1192181760,11.788701719716192
1192282112,11.647146362736821
1192382464,11.647146362736821
1192482816,11.647146362736821
1192583168,11.647146362736821
1192683520,11.647146362736821
1192783872,11.647146362736821
1192884224,11.647146362736821
1192984576,11.647146362736821
1193084928,11.647146362736821
1193185280,11.647146362736821
1193285632,10.735082175023853
1193385984,9.91169363487512
1193486336,9.847200293429196
1193586688,9.676758501417934
1193687040,9.470656912215054
1193787392,9.470656912215054
1193887744,9.451971132643521
1193988096,9.74572450388223
1194088448,10.026628014929592
1194188800,10.896573963053525
1194289152,12.760986282862723
1194389504,14.817715985812248
1194489856,14.513260374180973
1194590208,14.37170793119818
1194690560,13.287102959230543
1194790912,10.121122909858823
1194891264,10.69851997256279
1194991616,11.59923388838768
1195091968,12.60746845126152
1195192320,13.261744910478592
1195292672,13.514999786615371
1195393024,14.10539767384529
1195493376,14.092471381425858
1195593728,14.092471381425858
1195694080,13.985202368926258
1195794432,13.337115824203938
1195894784,12.797780685406178
1195995136,12.253575918655843
1196095488,12.055749524813145
1196195840,12.07836582539603
1196296192,12.166388353090733
1196396544,12.897630848865957
1196496896,14.009837925415486
1196597248,14.60039135215804
1196697600,16.480555740427224
1196797952,18.20907267672941
1196898304,17.87695018688217
1196998656,15.340536435991526
1197099008,15.81208079636097
1197199360,15.574791837334633
1197299712,15.776964817643165
1197400064,15.968882804512978
1197500416,16.685738434195517
1197600768,16.876034430861473
1197701120,16.769006866812706
1197801472,16.717512773871423
1197901824,16.467365415692328
1198002176,16.66515495121479
1198102528,16.66515495121479
1198202880,8.945537369921803
1198303232,7.394433592036367
1198403584,6.619237282946706
1198503936,7.3053459101542835
1198604288,7.746383866593241
1198704640,7.746383866593241
1198804992,7.998208423778415
1198905344,8.323747615739704
1199005696,8.323747615739704
1199106048,8.323747615739704
1199206400,8.323747615739704
1199306752,8.323747615739704
1199407104,8.323747615739704
1199507456,8.361132146045566
1199607808,8.440593284294009
1199708160,8.440593284294009
1199808512,8.440593284294009
1199908864,8.440593284294009
1200009216,8.440593284294009
1200109568,8.440593284294009
1200209920,8.440593284294009
1200310272,8.440593284294009
1200410624,8.440593284294009
1200510976,8.440593284294009
1200611328,8.379857695251703
1200711680,7.997177708297968
1200812032,7.997177708297968
1200912384,7.997177708297968
1201012736,7.997177708297968
1201113088,7.997177708297968
1201213440,7.997177708297968
1201313792,7.997177708297968
1201414144,7.997177708297968
1201514496,7.997177708297968
1201614848,7.997177708297968
1201715200,7.997177708297968
1201815552,7.997177708297968
1201915904,7.6644319911301135
1202016256,7.938538255244493
1202116608,7.766095096617937
1202216960,7.734605991393328
1202317312,7.893531572371721
1202417664,7.8954036159813406
1202518016,8.026213209182025
1202618368,8.3127594538033
1202718720,8.461617295295
1202819072,8.461617295295
1202919424,8.461617295295
1203019776,8.461617295295
1203120128,6.733601536527276
1203220480,7.364064948186279
1203320832,7.841479477733373
1203421184,8.502856191247702
1203521536,9.04312192067504
1203621888,9.543534394353628
1203722240,9.958654224723578
1203822592,10.140865166038274
1203922944,10.140865166038274
1204023296,10.140865166038274
1204123648,10.140865166038274
1204224000,10.140865166038274
1204324352,9.108572727702558
1204424704,9.322785568274558
1204525056,9.46686987940222
1204625408,9.074636912979186
1204725760,9.005819192565978
1204826112,8.808799625076354
1204926464,8.808799625076354
1205026816,8.808799625076354
1205127168,8.808799625076354
1205227520,8.808799625076354
1205327872,8.808799625076354
1205428224,8.808799625076354
1205528576,7.961545759644359
1205628928,7.066918798070401
1205729280,6.52879716930911
1205829632,6.3970949607901275
1205929984,6.3970949607901275
1206030336,6.3970949607901275
1206130688,6.3970949607901275
1206231040,6.3970949607901275
1206331392,6.3970949607901275
1206431744,6.560655656438321
1206532096,6.7891684776358305
1206632448,6.7891684776358305
1206732800,6.216950046997518
1206833152,5.091096658390016
1206933504,4.78391592470929
1207033856,4.470272776763887
1207134208,4.470272776763887
1207234560,4.470272776763887
1207334912,4.470272776763887
1207435264,4.470272776763887
1207535616,4.470272776763887
1207635968,4.470272776763887
1207736320,4.470272776763887
1207836672,4.470272776763887
1207937024,4.470272776763887
1208037376,4.297162451017648
1208137728,4.069034833181649
1208238080,4.068408838976175
1208338432,3.996235081423074
1208438784,3.996235081423074
1208539136,3.996235081423074
1208639488,4.319300848711282
1208739840,4.319300848711282
1208840192,4.319300848711282
1208940544,4.319300848711282
1209040896,4.319300848711282
1209141248,4.662081329096108
1209241600,4.4303204883076255
1209341952,4.6224371432513
1209442304,4.6224371432513
1209542656,4.98566029779613
1209643008,6.1349802827090025
1209743360,6.951237273141742
1209843712,7.498756570741534
1209944064,9.250234560593963
1210044416,13.046945458576083
1210144768,17.106882987245918
1210245120,24.560718817338348
1210345472,27.192779166698458
1210445824,27.781931631620974
1210546176,24.540546218510716
1210646528,21.165509175416084
1210746880,20.01081161653623
1210847232,18.694767922516913
1210947584,17.965893662329762
1211047936,17.744329026099294
1211148288,17.47293216025457
1211248640,17.06214320456609
1211348992,16.872084610816092
1211449344,16.50901851331815
1211549696,18.337490740716458
1211650048,19.639837119579315
1211750400,18.157010334543884
1211850752,3.26147409517318
1211951104,3.746708365082741
1212051456,3.9687310138344767
1212151808,4.416714864075184
1212252160,4.502392511665821
1212352512,5.247699908316135
1212452864,5.424363830983639
1212553216,5.751060396134854
1212653568,6.546485315263271
1212753920,6.983265767991543
1212854272,6.954001062773168
1212954624,6.580194252217188
1213054976,6.634603253090754
1213155328,6.764164560521022
1213255680,6.779008908951655
1213356032,6.798406193936244
1213456384,6.881539428913966
1213556736,7.103564439499751
1213657088,7.103564439499751
1213757440,7.103564439499751
1213857792,7.103564439499751
1213958144,7.103564439499751
1214058496,7.103564439499751
1214158848,7.103564439499751
1214259200,7.154463779712096
1214359552,7.248114530825988
1214459904,7.343128897929564
1214560256,7.424749605441466
1214660608,7.424749605441466
1214760960,7.424749605441466
1214861312,7.424749605441466
1214961664,7.424749605441466
1215062016,7.424749605441466
1215162368,7.424749605441466
1215262720,7.424749605441466
1215363072,7.181374254534021
1215463424,7.1122813659999515
1215563776,7.143826807746664
1215664128,7.143826807746664
1215764480,7.143826807746664
1215864832,7.143826807746664
1215965184,7.143826807746664
1216065536,7.143826807746664
1216165888,7.143826807746664
1216266240,7.143826807746664
1216366592,7.143826807746664
1216466944,7.143826807746664
1216567296,7.143826807746664
1216667648,6.991812994489447
1216768000,6.468534067878499
1216868352,5.620082041630521
1216968704,5.121291882405058
1217069056,5.121291882405058
1217169408,4.73138053596951
1217269760,4.73138053596951
1217370112,4.942965261386707
1217470464,5.331617027297616
1217570816,6.212034647241235
1217671168,8.142932868376374
1217771520,8.142932868376374
1217871872,8.170764739774167
1217972224,7.939798637889326
1218072576,8.094086525477469
1218172928,8.209399324990809
1218273280,8.209399324990809
1218373632,8.209399324990809
1218473984,8.209399324990809
1218574336,8.209399324990809
1218674688,8.517566203512251
1218775040,8.851154636777938
1218875392,10.993003141321243
1218975744,15.031337280906737
1219076096,14.936930436529218
1219176448,15.00088340047747
1219276800,12.108094365634024
1219377152,11.276375167630613
1219477504,11.276375167630613
1219577856,11.276375167630613
1219678208,11.276375167630613
1219778560,11.276375167630613
1219878912,11.276375167630613
1219979264,11.276375167630613
1220079616,11.276375167630613
1220179968,11.704514193534852
1220280320,11.596004583612084
1220380672,11.528450243249535
1220481024,11.528450243249535
1220581376,11.528450243249535
1220681728,11.528450243249535
1220782080,11.528450243249535
1220882432,11.528450243249535
1220982784,11.528450243249535
1221083136,11.528450243249535
1221183488,11.528450243249535
1221283840,11.528450243249535
1221384192,11.528450243249535
1221484544,11.273538617566228
1221584896,11.300259215310216
1221685248,11.248248726800083
1221785600,11.266344472840428
1221885952,11.4627010268718
1221986304,11.4627010268718
1222086656,11.4627010268718
1222187008,11.737372886613011
1222287360,12.260897604897618
1222387712,12.260897604897618
1222488064,12.260897604897618
1222588416,12.260897604897618
1222688768,12.260897604897618
1222789120,8.723551585301756
1222889472,5.441045681759715
1222989824,5.704077302217484
1223090176,7.302920095771551
1223190528,8.630239137113094
1223290880,11.682409864366054
1223391232,13.474532330036164
1223491584,13.522737066745758
1223591936,13.522737066745758
1223692288,13.522737066745758
1223792640,13.522737066745758
1223892992,14.004683682918548
1223993344,13.770163366738707
1224093696,11.809805084411055
1224194048,8.724775760713964
1224294400,7.142286599818617
1224394752,7.04952111357823
1224495104,6.585498403254896
1224595456,5.87784968489781
1224695808,5.910697566214949
1224796160,6.118929091636091
1224896512,6.226044360343367
1224996864,6.226044360343367
1225097216,6.440428630057722
1225197568,5.187291024364531
1225297920,5.254366753492504
1225398272,5.67444454619661
1225498624,5.974867977593094
1225598976,6.058408731911332
1225699328,6.252839483711869
1225799680,6.252839483711869
1225900032,6.252839483711869
1226000384,6.252839483711869
1226100736,6.252839483711869
1226201088,6.617087606880814
1226301440,6.994047800991684
1226401792,6.900821122024208
1226502144,6.543034006450325
1226602496,6.549283746574074
1226702848,5.673980249259621
1226803200,5.399015067908913
1226903552,5.494725944697857
1227003904,6.342260121703148
1227104256,6.849748819470405
1227204608,7.11893870651722
1227304960,7.11893870651722
1227405312,9.399456456303596
1227505664,10.089319980740548
1227606016,10.456470677256585
1227706368,10.118980863392354
1227806720,9.781226014196873
1227907072,9.78792731076479
1228007424,9.221697633564473
1228107776,9.822701559960842
1228208128,11.525414313971996
1228308480,12.479426664412022
1228408832,16.80334059268236
1228509184,24.61691040813923
1228609536,30.962358012199402
1228709888,31.862758197784423
